state,ym,price,cpi,vmt,fatal,spdfatal,duifatal,urate,pcinc,etohpc,beertax,gdlyear
AL,540,2.172,190.7,2.16052,28,22,111,5.084,42069.8,2.225,0.8492,2005
AL,541,2.1518,191.098,2.24017,28,9,177,4.988,41724.0,2.0912,0.8492,2005
AL,542,2.2307,191.497,2.24341,34,9,66,5.385,42203.9,2.2645,0.8492,2005
AL,543,2.3741,191.897,2.34113,37,23,65,5.553,41758.0,2.2216,0.8492,2005
AL,544,2.382,192.298,2.44321,34,15,112,5.742,42247.9,2.0882,0.8492,2005
AL,545,2.3859,192.7,2.55344,40,43,66,5.076,42122.9,2.1949,0.8492,2005
AL,546,2.4358,193.102,2.63326,37,9,94,5.235,42958.8,2.2511,0.8492,2005
AL,547,2.3524,193.506,2.54693,41,14,126,4.651,41877.6,2.4591,0.8492,2005
AL,548,2.3332,193.91,2.50829,30,41,551,5.209,42441.4,2.4,0.8492,2005
AL,549,2.323,194.315,2.33752,27,16,115,4.829,42822.0,2.4809,0.8492,2005
AL,550,2.1532,194.721,2.3269,42,11,172,5.048,42476.4,2.409,0.8492,2005
AL,551,2.1559,195.128,2.31871,40,9,314,4.736,43090.2,2.4259,0.8492,2005
AL,552,2.3878,195.535,2.3345,45,15,92,4.596,43309.2,2.3502,0.8492,2005
AL,553,2.4536,195.944,2.26433,32,6,263,5.56,42448.3,2.1254,0.8492,2005
AL,554,2.5859,196.353,2.28641,39,7,374,4.788,42409.3,2.1221,0.8492,2005
AL,555,2.523,196.763,2.39019,31,19,60,4.994,42447.2,2.2145,0.8492,2005
AL,556,2.6129,197.174,2.44709,29,13,33,4.96,43478.2,2.183,0.8492,2005
AL,557,2.6765,197.586,2.47795,34,16,123,5.576,43094.6,2.2677,0.8492,2005
AL,558,2.6523,197.999,2.54299,49,32,231,4.794,42523.0,2.2721,0.8492,2005
AL,559,2.6251,198.412,2.41989,41,8,372,4.468,43507.3,2.3765,0.8492,2005
AL,560,2.6624,198.827,2.44557,32,22,171,4.331,43950.3,2.4183,0.8492,2005
AL,561,2.5951,199.242,2.3438,56,49,224,4.806,43155.3,2.3626,0.8492,2005
AL,562,2.5064,199.658,2.24932,32,22,72,4.995,44716.1,2.3796,0.8492,2005
AL,563,2.5087,200.075,2.2586,44,10,88,4.429,43424.5,2.3367,0.8492,2005
AL,564,2.671,200.493,2.20758,34,30,77,4.771,44478.1,2.3577,0.8492,2005
AL,565,2.7619,200.912,2.30124,33,13,22,5.636,44208.7,2.1698,0.8492,2005
AL,566,2.7623,201.331,2.29475,35,9,153,5.115,44662.4,2.0618,0.8492,2005
AL,567,2.8505,201.752,2.37579,34,3,57,5.223,44221.8,2.1853,0.8492,2005
AL,568,2.8385,202.173,2.41714,36,11,143,5.19,43764.9,2.2438,0.8492,2005
AL,569,2.8745,202.596,2.57213,29,4,119,4.46,43675.1,2.2344,0.8492,2005
AL,570,2.8886,203.019,2.51168,63,23,63,5.05,44478.0,2.4154,0.8492,2005
AL,571,2.8615,203.443,2.48791,39,36,145,5.06,44385.7,2.3211,0.8492,2005
AL,572,2.813,203.868,2.39668,38,15,28,4.515,43685.7,2.5391,0.8492,2005
AL,573,2.7087,204.294,2.41638,43,20,132,4.27,44232.7,2.4909,0.8492,2005
AL,574,2.638,204.72,2.31532,47,21,163,4.511,44505.8,2.4874,0.8492,2005
AL,575,2.6636,205.148,2.28658,46,10,395,4.812,44326.8,2.3887,0.8492,2005
AL,576,3.0922,205.576,2.17845,33,23,232,7.601,42787.6,2.5377,0.8492,2005
AL,577,3.0968,206.006,2.09294,45,14,50,8.469,43507.4,2.4089,0.8492,2005
AL,578,3.2085,206.436,2.2178,29,18,81,8.234,43398.5,2.3064,0.8492,2005
AL,579,3.2558,206.867,2.31328,29,14,200,8.181,43431.5,2.3848,0.8492,2005
AL,580,3.244,207.299,2.31065,32,20,73,7.583,43536.6,2.5015,0.8492,2005
AL,581,4.0005,207.732,2.36293,33,28,79,8.341,43562.4,2.4644,0.8492,2005
AL,582,4.0223,208.166,2.41518,39,13,75,7.626,43644.6,2.5178,0.8492,2005
AL,583,3.3605,208.601,2.44186,44,14,266,7.606,44818.8,2.5563,0.8492,2005
AL,584,3.2517,209.037,2.29126,46,14,42,7.311,43228.4,2.7454,0.8492,2005
AL,585,3.277,209.474,2.26561,38,9,320,7.305,43834.9,2.5398,0.8492,2005
AL,586,2.1355,209.911,2.26561,44,43,45,8.111,44721.0,2.6032,0.8492,2005
AL,587,1.7036,210.35,2.24581,33,22,119,8.486,43650.5,2.5099,0.8492,2005
AL,588,2.2362,210.789,2.26454,40,21,265,7.978,44934.7,2.4402,0.8492,2005
AL,589,2.2133,211.229,2.30635,38,12,89,7.621,44097.9,2.4479,0.8492,2005
AL,590,2.2983,211.67,2.35601,27,22,123,8.4,43544.3,2.3507,0.8492,2005
AL,591,2.3555,212.113,2.44845,27,27,92,7.981,44123.0,2.264,0.8492,2005
AL,592,2.4018,212.556,2.56107,24,38,89,8.379,44384.2,2.3615,0.8492,2005
AL,593,2.3964,213.0,2.5666,35,22,333,8.314,43471.2,2.5423,0.8492,2005
AL,594,2.494,213.444,2.54759,39,29,69,8.392,44019.8,2.3466,0.8492,2005
AL,595,2.4691,213.89,2.56195,37,26,180,8.042,44911.3,2.5343,0.8492,2005
AL,596,2.4089,214.337,2.60798,35,69,66,7.686,44637.3,2.8202,0.8492,2005
AL,597,2.3157,214.785,2.47614,38,16,80,7.786,45258.9,2.5845,0.8492,2005
AL,598,2.3209,215.233,2.34799,32,15,264,7.869,44266.1,2.6045,0.8492,2005
AL,599,2.2272,215.683,2.3749,44,4,177,8.154,45193.9,2.5898,0.8492,2005
AL,600,2.6616,216.133,2.36339,39,12,106,7.348,44351.0,2.6883,0.8492,2005
AL,601,2.6268,216.585,2.273,43,11,88,7.732,44265.4,2.4837,0.8492,2005
AL,602,2.6927,217.037,2.27961,43,9,88,8.939,44283.1,2.351,0.8492,2005
AL,603,2.7418,217.491,2.41695,36,7,37,8.022,46508.2,2.2385,0.8492,2005
AL,604,2.8015,217.945,2.62092,40,9,54,8.239,44890.8,2.5617,0.8492,2005
AL,605,2.8489,218.4,2.55664,42,15,50,8.391,45806.8,2.5851,0.8492,2005
AL,606,2.7884,218.856,2.58779,34,33,247,7.448,45033.2,2.5145,0.8492,2005
AL,607,2.7887,219.313,2.52937,28,18,335,7.565,44633.1,2.6017,0.8492,2005
AL,608,2.8037,219.772,2.4813,37,19,60,7.86,45529.2,2.4975,0.8492,2005
AL,609,2.7259,220.231,2.47519,35,17,33,7.189,45951.7,2.6437,0.8492,2005
AL,610,2.7405,220.691,2.4117,34,13,302,7.301,45702.8,2.6275,0.8492,2005
AL,611,2.7146,221.152,2.27061,46,21,143,7.963,45477.8,2.5593,0.8492,2005
AL,612,3.4442,221.614,2.32132,27,23,176,5.086,47050.7,2.1788,0.8492,2005
AL,613,3.4035,222.076,2.38081,36,10,236,5.042,47275.2,2.2235,0.8492,2005
AL,614,3.5163,222.54,2.30807,35,17,101,5.531,47072.8,2.2066,0.8492,2005
AL,615,3.5798,223.005,2.43905,29,14,168,5.576,47555.7,2.1106,0.8492,2005
AL,616,3.6223,223.471,2.4712,32,17,197,4.931,47256.5,2.1438,0.8492,2005
AL,617,3.5691,223.938,2.61253,38,29,71,5.322,46804.3,2.276,0.8492,2005
AL,618,3.5257,224.405,2.5655,40,25,94,4.939,48680.3,2.3132,0.8492,2005
AL,619,3.5279,224.874,2.72313,34,19,155,4.891,48797.7,2.3441,0.8492,2005
AL,620,3.5153,225.344,2.50256,40,9,298,4.917,47438.0,2.395,0.8492,2005
AL,621,3.4935,225.815,2.44587,33,22,101,4.404,47589.8,2.4185,0.8492,2005
AL,622,3.4164,226.286,2.31239,41,23,189,4.836,47401.8,2.5281,0.8492,2005
AL,623,3.3972,226.759,2.32371,39,25,14,4.988,48297.8,2.2849,0.8492,2005
AL,624,3.5245,227.233,2.32829,34,4,83,4.372,48503.6,2.45,0.8492,2005
AL,625,3.4839,227.707,2.30439,32,30,56,4.996,48041.6,2.2709,0.8492,2005
AL,626,3.5479,228.183,2.52146,29,43,201,5.798,49283.5,2.2009,0.8492,2005
AL,627,3.5142,228.659,2.4897,31,10,148,5.597,48185.6,2.2562,0.8492,2005
AL,628,3.5844,229.137,2.53568,30,18,66,4.774,48976.0,2.2708,0.8492,2005
AL,629,3.7607,229.616,2.56457,32,13,170,4.923,48000.0,2.2862,0.8492,2005
AL,630,3.8261,230.095,2.64376,39,20,66,5.851,48784.5,2.2391,0.8492,2005
AL,631,3.8478,230.576,2.61571,39,10,137,4.82,48354.7,2.3941,0.8492,2005
AL,632,3.7077,231.057,2.59119,25,13,189,4.317,49424.0,2.5172,0.8492,2005
AL,633,3.7315,231.54,2.42554,54,42,108,5.16,48938.5,2.4439,0.8492,2005
AL,634,3.5599,232.024,2.39387,47,17,114,4.761,49982.0,2.5056,0.8492,2005
AL,635,3.5447,232.508,2.4258,39,9,157,4.012,49222.4,2.3146,0.8492,2005
AL,636,3.4633,232.994,2.45333,45,31,207,5.227,50000.0,2.2924,0.8492,2005
AL,637,3.3706,233.481,2.295,29,21,64,5.142,48841.5,2.1147,0.8492,2005
AL,638,3.4308,233.968,2.51664,32,21,119,4.884,49450.8,2.1385,0.8492,2005
AL,639,3.407,234.457,2.57327,30,33,100,5.108,49136.6,2.1777,0.8492,2005
AL,640,3.5474,234.947,2.71914,36,8,140,5.739,49618.3,2.0068,0.8492,2005
AL,641,3.6354,235.438,2.75017,28,13,324,6.184,50426.7,2.0454,0.8492,2005
AL,642,3.6262,235.929,2.79638,43,22,319,4.503,50198.4,2.3218,0.8492,2005
AL,643,3.7146,236.422,2.75411,45,63,48,4.758,49484.5,2.2938,0.8492,2005
AL,644,3.6373,236.916,2.53391,24,14,172,4.977,49796.7,2.5309,0.8492,2005
AL,645,3.4978,237.411,2.59337,49,22,45,4.972,50543.7,2.4336,0.8492,2005
AL,646,3.4285,237.907,2.3916,49,23,108,4.711,49664.4,2.5031,0.8492,2005
AL,647,3.3469,238.404,2.38628,39,20,95,4.547,49606.3,2.4341,0.8492,2005
AL,648,3.2513,238.902,2.41859,37,6,192,5.314,50930.3,2.317,0.8492,2005
AL,649,3.324,239.401,2.44938,40,32,100,5.177,50851.7,2.1801,0.8492,2005
AL,650,3.2874,239.901,2.45272,26,20,33,5.645,50414.3,2.0954,0.8492,2005
AL,651,3.2861,240.402,2.60581,37,13,85,5.484,49962.6,2.1249,0.8492,2005
AL,652,3.3772,240.904,2.68013,25,23,88,5.593,50708.9,2.1612,0.8492,2005
AL,653,3.5869,241.407,2.79021,32,13,201,5.847,51443.2,2.3209,0.8492,2005
AL,654,3.3946,241.911,2.86175,31,14,158,5.581,50347.8,2.4072,0.8492,2005
AL,655,3.391,242.417,2.74485,46,18,48,5.097,50497.3,2.3797,0.8492,2005
AL,656,3.3586,242.923,2.64934,41,29,583,5.343,51365.9,2.5599,0.8492,2005
AL,657,3.4301,243.43,2.64735,41,13,503,4.865,50529.8,2.5594,0.8492,2005
AL,658,3.4608,243.939,2.57971,26,34,28,5.07,49851.0,2.2755,0.8492,2005
AL,659,3.3528,244.448,2.46357,37,28,251,4.442,50268.5,2.3338,0.8492,2005
AL,660,2.119,244.959,2.5324,38,19,154,5.357,51324.0,2.2832,0.8492,2005
AL,661,2.3861,245.471,2.61397,37,13,144,5.548,51690.9,2.2814,0.8492,2005
AL,662,2.4455,245.983,2.74457,33,17,58,4.678,50413.0,2.1667,0.8492,2005
AL,663,2.458,246.497,2.797,31,10,80,5.372,51344.3,2.2032,0.8492,2005
AL,664,2.5556,247.012,2.91158,20,18,170,5.148,50334.4,2.2315,0.8492,2005
AL,665,2.5872,247.528,3.01272,38,52,92,5.577,51838.2,2.1383,0.8492,2005
AL,666,2.5321,248.045,3.09373,28,10,204,4.982,51879.1,2.2824,0.8492,2005
AL,667,2.4385,248.563,3.12555,49,38,355,5.062,51881.9,2.3328,0.8492,2005
AL,668,2.4939,249.082,2.92521,54,15,181,4.0,52328.7,2.433,0.8492,2005
AL,669,2.4423,249.603,2.81857,31,38,69,5.204,52859.1,2.5112,0.8492,2005
AL,670,2.3764,250.124,2.7546,39,43,249,4.445,52057.9,2.407,0.8492,2005
AL,671,2.3696,250.646,2.69137,50,30,74,5.062,52570.5,2.2428,0.8492,2005
AL,672,2.0212,251.17,2.68323,36,23,127,5.303,52175.8,2.3377,0.8492,2005
AL,673,2.0239,251.694,2.78121,27,52,104,5.89,52667.0,2.1921,0.8492,2005
AL,674,2.0587,252.22,2.94598,39,66,147,5.181,52220.4,2.1798,0.8492,2005
AL,675,2.1789,252.747,2.88041,35,16,324,5.41,52508.7,2.2148,0.8492,2005
AL,676,2.2478,253.275,3.10411,37,3,77,5.857,52556.9,2.179,0.8492,2005
AL,677,2.2664,253.804,3.20408,42,9,213,5.646,52904.4,2.2931,0.8492,2005
AL,678,2.2416,254.334,3.10996,37,33,104,5.443,52844.9,2.3572,0.8492,2005
AL,679,2.1763,254.865,3.19131,41,17,89,4.753,53200.9,2.2931,0.8492,2005
AL,680,2.1321,255.398,3.15066,33,38,246,4.072,53235.3,2.4089,0.8492,2005
AL,681,2.0965,255.931,3.02268,49,40,209,5.156,52980.9,2.4629,0.8492,2005
AL,682,2.0739,256.466,2.95214,53,40,122,5.413,52628.8,2.5762,0.8492,2005
AL,683,1.9876,257.001,2.76338,43,36,264,5.253,54603.8,2.421,0.8492,2005
AL,684,2.2926,257.538,2.91968,34,49,99,4.834,54227.6,2.2655,0.8492,2005
AL,685,2.3082,258.076,2.90961,42,36,129,5.508,53517.4,2.2309,0.8492,2005
AL,686,2.2996,258.615,3.01597,30,23,352,5.744,54100.1,2.2659,0.8492,2005
AL,687,2.4409,259.155,3.01078,29,22,113,5.085,53571.7,2.0558,0.8492,2005
AL,688,2.4394,259.697,3.12445,36,23,109,4.831,52444.4,2.2782,0.8492,2005
AL,689,2.4754,260.239,3.19582,32,21,263,5.444,53163.2,2.2225,0.8492,2005
AL,690,2.4787,260.783,3.04764,32,2,141,4.902,53535.9,2.2136,0.8492,2005
AL,691,2.564,261.327,3.14539,46,33,198,4.475,53789.7,2.2916,0.8492,2005
AL,692,2.4726,261.873,3.18396,36,8,231,4.892,53876.6,2.4526,0.8492,2005
AL,693,2.4172,262.42,2.99431,29,41,491,4.458,55799.8,2.4979,0.8492,2005
AL,694,2.4173,262.968,2.79611,48,15,205,5.041,53957.9,2.4991,0.8492,2005
AL,695,2.2879,263.518,2.8078,36,14,272,4.306,54023.7,2.3537,0.8492,2005
AL,696,2.6567,264.068,2.76543,42,27,84,4.621,53579.1,2.4213,0.8492,2005
AL,697,2.6278,264.62,2.76879,38,15,58,5.403,54361.5,2.0911,0.8492,2005
AL,698,2.6607,265.172,2.83166,39,10,93,5.067,54536.4,2.1778,0.8492,2005
AL,699,2.7766,265.726,2.98246,26,17,74,5.109,55985.2,2.1743,0.8492,2005
AL,700,2.7547,266.281,3.221,37,35,140,4.64,54900.1,2.2819,0.8492,2005
AL,701,2.8233,266.838,3.0714,36,51,276,5.081,54302.0,2.2252,0.8492,2005
AL,702,2.9098,267.395,3.14033,40,18,683,4.953,53631.0,2.3296,0.8492,2005
AL,703,2.8419,267.953,2.99487,41,22,208,5.096,54572.7,2.3881,0.8492,2005
AL,704,2.8906,268.513,3.04745,40,13,432,4.088,55423.3,2.4818,0.8492,2005
AL,705,2.7671,269.074,2.9544,34,9,198,4.765,55689.4,2.3386,0.8492,2005
AL,706,2.5898,269.636,2.88889,42,15,215,4.562,55124.2,2.3563,0.8492,2005
AL,707,2.5614,270.199,2.79368,46,17,152,4.777,54551.8,2.3309,0.8492,2005
AL,708,2.4461,270.764,2.83845,32,41,90,4.439,55992.6,2.3347,0.8492,2005
AL,709,2.4635,271.329,2.83012,40,17,96,5.253,54795.6,2.1747,0.8492,2005
AL,710,2.5194,271.896,2.9083,32,10,211,5.547,55342.3,2.1249,0.8492,2005
AL,711,2.617,272.464,3.08293,24,23,143,5.555,56741.1,2.2291,0.8492,2005
AL,712,2.6255,273.033,3.11253,37,26,73,5.001,55382.6,2.3312,0.8492,2005
AL,713,2.6253,273.603,3.21762,51,20,60,4.919,55849.6,2.0219,0.8492,2005
AL,714,2.6523,274.175,3.18772,39,29,114,5.076,55034.8,2.1443,0.8492,2005
AL,715,2.6573,274.747,3.25188,40,42,426,5.194,56400.9,2.539,0.8492,2005
AL,716,2.6051,275.321,3.09633,40,62,81,4.992,56334.8,2.4034,0.8492,2005
AL,717,2.4879,275.896,3.03324,36,26,212,5.159,56152.1,2.5164,0.8492,2005
AL,718,2.4083,276.473,3.07108,50,25,167,4.478,57005.3,2.3366,0.8492,2005
AL,719,2.4752,277.05,2.92402,51,37,298,5.5,56592.4,2.4077,0.8492,2005
AL,720,2.0807,277.629,2.86435,31,5,140,9.25,57274.0,2.409,0.8492,2005
AL,721,2.1057,278.209,2.79996,41,17,94,9.148,56671.4,2.2293,0.8492,2005
AL,722,2.1647,278.79,2.37695,34,11,79,9.729,56320.9,2.2079,0.8492,2005
AL,723,1.8488,279.372,2.01283,40,12,184,10.329,55411.1,2.1048,0.8492,2005
AL,724,1.8286,279.956,2.38139,33,31,200,9.335,55946.0,2.0936,0.8492,2005
AL,725,2.2598,280.54,2.92875,23,11,255,9.159,56655.7,2.2759,0.8492,2005
AL,726,2.2746,281.126,3.02072,33,12,106,8.864,56975.6,2.259,0.8492,2005
AL,727,2.2107,281.714,3.11742,53,55,116,9.46,58726.7,2.4483,0.8492,2005
AL,728,2.1805,282.302,3.20702,51,12,150,9.706,57507.3,2.344,0.8492,2005
AL,729,2.1305,282.892,3.03955,38,35,221,9.42,56891.2,2.5057,0.8492,2005
AL,730,2.0955,283.483,2.93642,56,32,320,9.58,58128.5,2.3414,0.8492,2005
AL,731,2.0175,284.075,2.99232,47,20,315,9.052,57362.0,2.4146,0.8492,2005
AL,732,2.8431,284.668,2.92673,26,22,285,5.334,57475.6,2.3594,0.8492,2005
AL,733,2.8014,285.263,3.00402,37,46,163,5.188,58355.0,2.2073,0.8492,2005
AL,734,2.8867,285.859,3.00664,31,49,85,4.305,58838.0,2.1313,0.8492,2005
AL,735,3.0074,286.456,3.04866,28,51,189,5.168,58632.2,2.2261,0.8492,2005
AL,736,3.1188,287.054,3.05795,33,21,16,5.65,57118.9,2.2436,0.8492,2005
AL,737,3.145,287.654,3.22591,38,8,381,5.625,59380.7,2.1695,0.8492,2005
AL,738,3.2037,288.254,3.15971,48,22,104,4.89,57412.3,2.3543,0.8492,2005
AL,739,3.2016,288.856,3.29858,28,21,339,5.258,58022.9,2.4147,0.8492,2005
AL,740,3.1446,289.46,3.16671,39,11,214,3.718,58006.4,2.4045,0.8492,2005
AL,741,2.9688,290.064,2.9895,42,19,519,4.261,59530.2,2.4252,0.8492,2005
AL,742,2.9305,290.67,3.0566,42,66,154,4.673,59980.0,2.2839,0.8492,2005
AL,743,2.8699,291.277,2.92811,50,28,350,4.573,59052.7,2.5074,0.8492,2005
AL,744,3.859,291.886,2.88181,34,10,40,4.301,59271.2,2.1919,0.8492,2005
AL,745,3.997,292.496,2.84637,41,12,215,4.5,58415.7,2.1993,0.8492,2005
AL,746,4.0092,293.106,2.916,49,37,35,5.438,58753.6,2.1983,0.8492,2005
AL,747,3.9793,293.719,2.95936,40,17,120,5.087,59914.6,2.1032,0.8492,2005
AL,748,4.5082,294.332,3.0508,35,6,180,4.537,60103.5,2.2075,0.8492,2005
AL,749,4.8073,294.947,2.95075,30,47,96,5.44,59800.9,2.2139,0.8492,2005
AL,750,3.9826,295.563,3.17241,57,46,51,4.717,59660.1,2.2943,0.8492,2005
AL,751,4.091,296.18,3.22183,37,26,145,4.402,62047.3,2.2478,0.8492,2005
AL,752,3.9877,296.799,2.9022,41,13,392,5.007,58334.2,2.4514,0.8492,2005
AL,753,4.0194,297.419,2.90615,45,55,314,4.874,59538.7,2.4715,0.8492,2005
AL,754,3.9652,298.04,2.95315,40,21,322,4.461,59900.1,2.398,0.8492,2005
AL,755,3.8401,298.663,2.80694,22,15,193,4.649,60184.1,2.3972,0.8492,2005
AL,756,3.4023,299.287,2.80658,46,7,234,5.125,61373.3,2.3011,0.8492,2005
AL,757,3.5624,299.912,2.77629,29,25,137,5.418,59841.0,2.1795,0.8492,2005
AL,758,3.5683,300.538,2.79002,34,13,151,4.72,59125.3,2.147,0.8492,2005
AL,759,3.5607,301.166,3.17525,21,43,98,5.468,62077.4,2.2609,0.8492,2005
AL,760,3.6738,301.795,3.11993,28,43,106,5.339,59833.4,2.0818,0.8492,2005
AL,761,3.6527,302.425,3.23829,44,42,127,5.297,59744.7,2.2634,0.8492,2005
AL,762,3.6161,303.057,3.31244,41,7,268,5.021,60451.0,2.2867,0.8492,2005
AL,763,3.6687,303.69,3.24573,40,31,230,5.288,61032.1,2.4655,0.8492,2005
AL,764,3.5548,304.324,3.1884,30,27,488,4.771,60072.5,2.4812,0.8492,2005
AL,765,3.5818,304.96,2.99114,44,32,197,4.865,61005.0,2.548,0.8492,2005
AL,766,3.4819,305.597,2.95924,46,16,126,5.125,61151.6,2.4491,0.8492,2005
AL,767,3.4428,306.235,2.87197,45,28,329,4.649,60425.2,2.3844,0.8492,2005
AL,768,3.1804,306.875,2.90182,28,14,131,4.698,61869.1,2.3156,0.8492,2005
AL,769,3.2335,307.516,2.97946,42,26,152,5.71,60604.2,2.2672,0.8492,2005
AL,770,3.1777,308.158,2.99951,30,8,168,5.607,60100.1,2.1941,0.8492,2005
AL,771,3.2551,308.802,3.10476,33,18,88,5.689,61204.1,2.1086,0.8492,2005
AL,772,3.1796,309.447,3.15781,48,17,115,6.132,62195.3,2.1412,0.8492,2005
AL,773,3.3168,310.093,3.3183,43,49,237,5.427,61806.8,2.1392,0.8492,2005
AL,774,3.3849,310.741,3.44692,37,30,160,5.259,61910.0,2.2018,0.8492,2005
AL,775,3.4368,311.39,3.30252,40,13,71,5.542,61603.8,2.2409,0.8492,2005
AL,776,3.339,312.041,3.39942,27,51,428,4.452,62536.2,2.5165,0.8492,2005
AL,777,3.2829,312.692,3.24939,27,50,70,5.103,62025.7,2.5218,0.8492,2005
AL,778,3.2202,313.345,3.04824,43,28,34,5.216,63075.2,2.4892,0.8492,2005
AL,779,3.1715,314.0,2.88022,48,17,150,4.648,61349.1,2.3689,0.8492,2005
AK,540,2.2487,190.7,2.78241,38,21,106,4.954,42960.8,2.2947,0.1009,2005
AK,541,2.2739,191.098,2.74781,36,16,133,4.844,42938.8,2.2055,0.1009,2005
AK,542,2.2638,191.497,2.7158,28,18,363,5.111,43334.0,2.2233,0.1009,2005
AK,543,2.3704,191.897,2.85928,43,37,78,4.826,41787.2,2.0497,0.1009,2005
AK,544,2.3911,192.298,3.00089,51,27,42,5.813,41966.6,2.1506,0.1009,2005
AK,545,2.4229,192.7,3.03829,42,7,70,5.182,41984.0,2.3165,0.1009,2005
AK,546,2.4886,193.102,3.02165,34,30,83,4.719,43145.2,2.4619,0.1009,2005
AK,547,2.5427,193.506,3.01197,55,14,371,4.915,42496.2,2.4483,0.1009,2005
AK,548,2.442,193.91,2.94743,58,30,115,5.55,41831.0,2.2697,0.1009,2005
AK,549,2.3608,194.315,2.96091,51,49,228,4.335,42693.5,2.5088,0.1009,2005
AK,550,2.3579,194.721,2.77991,42,13,464,3.94,43315.2,2.4636,0.1009,2005
AK,551,2.233,195.128,2.73605,47,31,149,4.404,43134.7,2.3015,0.1009,2005
AK,552,2.5609,195.535,2.63097,50,25,40,5.703,42638.6,2.421,0.1009,2005
AK,553,2.5834,195.944,2.78202,47,31,73,4.906,42806.2,2.2184,0.1009,2005
AK,554,2.6031,196.353,2.73168,40,9,152,5.461,43295.2,2.2621,0.1009,2005
AK,555,2.6623,196.763,2.93479,42,19,89,5.851,43011.3,2.0511,0.1009,2005
AK,556,2.6946,197.174,2.9097,42,16,124,5.732,43229.4,2.302,0.1009,2005
AK,557,2.8027,197.586,3.07615,37,15,55,4.871,43598.0,2.3229,0.1009,2005
AK,558,2.8223,197.999,3.11055,42,29,67,4.894,43297.6,2.149,0.1009,2005
AK,559,2.7789,198.412,2.98162,48,52,167,4.861,42963.5,2.2593,0.1009,2005
AK,560,2.707,198.827,2.95668,43,18,58,5.046,44134.1,2.4351,0.1009,2005
AK,561,2.6694,199.242,2.80584,44,36,89,5.269,43406.3,2.5722,0.1009,2005
AK,562,2.5654,199.658,2.81913,64,23,155,5.091,44025.6,2.4198,0.1009,2005
AK,563,2.535,200.075,2.82325,37,49,183,5.072,43595.3,2.4856,0.1009,2005
AK,564,2.7222,200.493,2.69485,52,12,278,4.663,42702.1,2.1852,0.1009,2005
AK,565,2.7385,200.912,2.76892,38,33,221,5.394,44522.7,2.2353,0.1009,2005
AK,566,2.7964,201.331,2.77754,45,9,35,5.208,43449.0,2.1255,0.1009,2005
AK,567,2.8057,201.752,2.98652,36,33,80,4.752,45222.5,2.1375,0.1009,2005
AK,568,2.938,202.173,2.9611,35,25,259,5.149,44203.6,2.0941,0.1009,2005
AK,569,2.9056,202.596,3.13594,44,27,157,5.263,43940.8,1.978,0.1009,2005
AK,570,2.9459,203.019,3.03939,49,10,193,4.747,43384.4,2.3015,0.1009,2005
AK,571,2.9859,203.443,3.16338,49,29,202,4.915,44708.9,2.3954,0.1009,2005
AK,572,2.9273,203.868,2.9732,49,38,155,5.123,44320.7,2.497,0.1009,2005
AK,573,2.8633,204.294,2.89333,46,43,38,4.379,44018.6,2.444,0.1009,2005
AK,574,2.881,204.72,2.70831,38,48,43,4.944,43440.8,2.5547,0.1009,2005
AK,575,2.8621,205.148,2.782,44,7,177,4.58,44963.5,2.2594,0.1009,2005
AK,576,3.2899,205.576,2.5069,42,18,93,7.212,42488.2,2.4947,0.1009,2005
AK,577,3.294,206.006,2.6582,41,14,107,7.09,43387.5,2.4498,0.1009,2005
AK,578,3.3667,206.436,2.74902,35,23,219,8.061,43384.9,2.4217,0.1009,2005
AK,579,3.4054,206.867,2.72615,39,44,150,7.657,42943.4,2.243,0.1009,2005
AK,580,3.453,207.299,2.82268,37,35,260,7.546,43930.8,2.3526,0.1009,2005
AK,581,4.203,207.732,2.87632,36,44,319,7.961,44014.6,2.5365,0.1009,2005
AK,582,4.2325,208.166,2.90066,41,72,66,8.209,45193.7,2.4581,0.1009,2005
AK,583,3.5222,208.601,2.91472,39,23,119,7.74,44796.2,2.6869,0.1009,2005
AK,584,3.3013,209.037,2.82551,37,5,236,7.633,44221.5,2.7253,0.1009,2005
AK,585,3.2357,209.474,2.8343,57,13,207,6.901,43941.7,2.5376,0.1009,2005
AK,586,2.1566,209.911,2.68938,61,6,203,8.187,44169.5,2.6668,0.1009,2005
AK,587,1.6931,210.35,2.8659,44,17,158,7.195,44893.3,2.7114,0.1009,2005
AK,588,2.2772,210.789,2.81531,43,8,107,7.838,43803.5,2.5507,0.1009,2005
AK,589,2.3179,211.229,2.81808,43,26,82,7.548,43882.0,2.4009,0.1009,2005
AK,590,2.3533,211.67,2.85165,46,22,136,7.848,43992.3,2.3442,0.1009,2005
AK,591,2.3999,212.113,3.03186,50,17,67,7.945,45471.6,2.3592,0.1009,2005
AK,592,2.4791,212.556,3.08363,42,42,54,8.449,44421.9,2.2937,0.1009,2005
AK,593,2.5208,213.0,3.32206,42,30,172,8.03,44278.0,2.3776,0.1009,2005
AK,594,2.5302,213.444,3.40206,46,51,236,7.461,44929.7,2.5278,0.1009,2005
AK,595,2.5815,213.89,3.16223,56,22,96,7.899,44513.0,2.7636,0.1009,2005
AK,596,2.5197,214.337,2.97244,54,18,79,7.556,44061.6,2.6263,0.1009,2005
AK,597,2.4371,214.785,2.8942,51,45,63,7.677,46120.6,2.4718,0.1009,2005
AK,598,2.3694,215.233,2.89051,43,19,64,7.864,45031.1,2.6151,0.1009,2005
AK,599,2.352,215.683,2.83724,55,24,204,7.735,44664.9,2.528,0.1009,2005
AK,600,2.7291,216.133,2.84458,50,5,105,6.771,44781.3,2.375,0.1009,2005
AK,601,2.7084,216.585,2.89173,52,18,151,7.758,45428.6,2.2609,0.1009,2005
AK,602,2.7893,217.037,2.778,37,12,264,7.737,44503.2,2.4309,0.1009,2005
AK,603,2.9124,217.491,2.95842,39,14,419,8.252,45007.5,2.3218,0.1009,2005
AK,604,2.968,217.945,3.14196,49,13,91,8.101,45481.8,2.3361,0.1009,2005
AK,605,2.9692,218.4,3.11869,47,17,148,7.243,45314.5,2.4261,0.1009,2005
AK,606,2.9926,218.856,3.04828,37,22,122,7.893,44844.5,2.5008,0.1009,2005
AK,607,3.0303,219.313,3.10202,37,19,185,7.868,45149.7,2.5674,0.1009,2005
AK,608,2.8995,219.772,3.03987,47,32,198,7.472,46961.9,2.6162,0.1009,2005
AK,609,2.8622,220.231,3.1119,41,24,229,7.109,45381.4,2.6215,0.1009,2005
AK,610,2.8553,220.691,2.74952,43,14,232,8.078,46085.7,2.7117,0.1009,2005
AK,611,2.8438,221.152,2.78102,41,43,98,7.23,45851.2,2.5974,0.1009,2005
AK,612,3.5242,221.614,2.9879,48,43,120,4.749,48189.7,2.2917,0.1009,2005
AK,613,3.5033,222.076,2.79432,38,16,169,5.02,47379.0,2.2711,0.1009,2005
AK,614,3.5372,222.54,2.93664,30,19,42,4.956,47426.7,2.1336,0.1009,2005
AK,615,3.549,223.005,2.96012,30,24,524,5.5,47769.4,2.1013,0.1009,2005
AK,616,3.6228,223.471,3.14062,48,11,135,5.403,48657.1,2.0396,0.1009,2005
AK,617,3.7705,223.938,3.14143,31,19,195,5.522,48264.8,2.1492,0.1009,2005
AK,618,3.8092,224.405,3.16898,40,33,325,4.746,48361.9,2.3826,0.1009,2005
AK,619,3.7439,224.874,3.1476,33,23,101,4.223,47583.0,2.2754,0.1009,2005
AK,620,3.7654,225.344,3.11931,50,43,92,4.375,47636.8,2.4551,0.1009,2005
AK,621,3.7396,225.815,3.03292,48,36,321,4.867,47724.2,2.4875,0.1009,2005
AK,622,3.667,226.286,2.87958,56,17,311,4.563,48984.5,2.3967,0.1009,2005
AK,623,3.4781,226.759,2.75529,41,7,152,4.578,49221.3,2.3377,0.1009,2005
AK,624,3.5306,227.233,2.74101,52,30,95,5.248,47409.7,2.1321,0.1009,2005
AK,625,3.4909,227.707,2.78961,48,28,286,6.407,48493.6,2.2228,0.1009,2005
AK,626,3.658,228.183,2.91333,36,10,188,5.823,47374.3,2.2707,0.1009,2005
AK,627,3.6697,228.659,3.074,49,11,199,5.59,49434.2,2.1844,0.1009,2005
AK,628,3.7127,229.137,3.11553,28,54,73,5.8,48819.8,2.2624,0.1009,2005
AK,629,3.7209,229.616,3.15061,39,23,151,5.546,48628.4,2.3657,0.1009,2005
AK,630,3.7603,230.095,3.19012,53,59,181,5.71,49358.9,2.2264,0.1009,2005
AK,631,3.7816,230.576,3.2552,36,15,325,4.809,49038.8,2.372,0.1009,2005
AK,632,3.7207,231.057,3.26828,53,40,197,3.978,49265.7,2.5618,0.1009,2005
AK,633,3.7281,231.54,3.13976,67,38,122,4.231,50277.0,2.4206,0.1009,2005
AK,634,3.6685,232.024,2.78984,47,50,344,5.715,48443.5,2.4161,0.1009,2005
AK,635,3.6119,232.508,2.93016,44,17,364,4.763,49261.4,2.3633,0.1009,2005
AK,636,3.5832,232.994,2.82844,42,17,65,5.81,49137.4,2.4073,0.1009,2005
AK,637,3.5304,233.481,2.87445,34,7,29,5.733,50102.8,2.1789,0.1009,2005
AK,638,3.5912,233.968,2.87159,41,19,202,5.118,49305.4,2.191,0.1009,2005
AK,639,3.6743,234.457,3.16516,46,25,81,4.646,48877.6,2.1567,0.1009,2005
AK,640,3.7685,234.947,3.11619,53,23,140,4.765,50357.3,2.1857,0.1009,2005
AK,641,3.8209,235.438,3.19713,45,34,31,4.496,48908.9,2.3491,0.1009,2005
AK,642,3.7457,235.929,3.39852,49,49,631,5.222,50260.7,2.4034,0.1009,2005
AK,643,3.6829,236.422,3.22826,49,37,152,5.165,49507.9,2.3061,0.1009,2005
AK,644,3.6694,236.916,3.20028,52,47,100,4.465,48701.3,2.4414,0.1009,2005
AK,645,3.592,237.411,3.13361,38,36,320,4.376,49859.4,2.4811,0.1009,2005
AK,646,3.4518,237.907,2.94283,46,50,68,4.786,51255.2,2.3862,0.1009,2005
AK,647,3.4978,238.404,3.00527,44,36,90,4.402,50645.4,2.3505,0.1009,2005
AK,648,3.3452,238.902,2.84006,44,33,105,4.975,49930.6,2.3137,0.1009,2005
AK,649,3.3065,239.401,2.9895,46,23,81,4.713,51085.8,2.197,0.1009,2005
AK,650,3.4521,239.901,3.04409,46,10,123,5.928,50216.9,2.1983,0.1009,2005
AK,651,3.4918,240.402,3.20966,37,9,130,5.262,49628.7,2.2577,0.1009,2005
AK,652,3.5264,240.904,3.339,37,12,107,5.03,51290.3,2.1893,0.1009,2005
AK,653,3.707,241.407,3.18042,48,26,59,5.305,50094.6,2.2867,0.1009,2005
AK,654,3.6538,241.911,3.46231,42,46,445,4.173,50800.3,2.4517,0.1009,2005
AK,655,3.5292,242.417,3.4632,59,59,222,5.21,50933.8,2.4422,0.1009,2005
AK,656,3.5471,242.923,3.31541,50,21,188,5.397,51483.7,2.4435,0.1009,2005
AK,657,3.4437,243.43,3.20511,39,21,302,4.775,50043.5,2.4514,0.1009,2005
AK,658,3.4511,243.939,2.97809,44,13,241,5.052,50168.1,2.3088,0.1009,2005
AK,659,3.3565,244.448,3.01137,43,15,218,4.972,51235.3,2.3745,0.1009,2005
AK,660,2.1629,244.959,3.10908,47,40,121,4.728,50730.8,2.4107,0.1009,2005
AK,661,2.4358,245.471,3.11353,35,9,60,5.647,51136.9,2.2552,0.1009,2005
AK,662,2.449,245.983,3.2469,48,48,57,5.429,50825.3,2.3193,0.1009,2005
AK,663,2.5297,246.497,3.4498,43,32,102,5.516,51287.1,2.2304,0.1009,2005
AK,664,2.5771,247.012,3.51152,42,15,445,4.524,51748.6,2.1391,0.1009,2005
AK,665,2.631,247.528,3.67633,42,21,236,5.736,51736.2,2.0856,0.1009,2005
AK,666,2.6065,248.045,3.67019,51,35,290,5.08,51527.7,2.2968,0.1009,2005
AK,667,2.655,248.563,3.63503,59,78,71,5.521,51556.2,2.4696,0.1009,2005
AK,668,2.572,249.082,3.45308,50,20,76,4.936,51624.5,2.3262,0.1009,2005
AK,669,2.5075,249.603,3.46659,51,32,102,4.506,52115.6,2.5274,0.1009,2005
AK,670,2.4601,250.124,3.25461,56,30,191,5.336,52564.0,2.2888,0.1009,2005
AK,671,2.4115,250.646,3.30778,37,41,86,4.808,52426.5,2.4071,0.1009,2005
AK,672,2.0959,251.17,3.35164,53,6,220,4.526,53347.1,2.2989,0.1009,2005
AK,673,2.1058,251.694,3.29933,52,55,299,4.705,52643.1,2.3139,0.1009,2005
AK,674,2.1384,252.22,3.45022,34,6,178,4.929,53093.3,2.2232,0.1009,2005
AK,675,2.211,252.747,3.54169,38,11,100,5.019,52314.3,2.1243,0.1009,2005
AK,676,2.2657,253.275,3.70228,42,12,102,5.687,52482.2,2.1999,0.1009,2005
AK,677,2.3294,253.804,3.74667,42,49,366,5.609,52598.0,2.2085,0.1009,2005
AK,678,2.2981,254.334,3.86298,40,29,135,5.132,53754.9,2.3911,0.1009,2005
AK,679,2.3287,254.865,3.87771,55,13,113,4.668,51521.2,2.281,0.1009,2005
AK,680,2.2085,255.398,3.63289,41,25,269,5.297,52932.5,2.3847,0.1009,2005
AK,681,2.253,255.931,3.61669,57,30,648,4.424,52772.1,2.5206,0.1009,2005
AK,682,2.1578,256.466,3.54626,46,57,95,4.47,53184.9,2.4968,0.1009,2005
AK,683,2.1051,257.001,3.46255,50,19,193,4.059,54226.6,2.4204,0.1009,2005
AK,684,2.3374,257.538,3.38257,49,44,461,5.363,55448.9,2.4122,0.1009,2005
AK,685,2.381,258.076,3.3885,51,13,276,5.53,54007.3,2.2546,0.1009,2005
AK,686,2.3939,258.615,3.65008,27,43,292,5.307,53514.6,2.1217,0.1009,2005
AK,687,2.507,259.155,3.48725,36,16,144,5.269,53497.7,1.9833,0.1009,2005
AK,688,2.5988,259.697,3.66672,54,6,13,5.601,53644.9,2.2725,0.1009,2005
AK,689,2.6412,260.239,3.74537,38,14,161,5.437,53305.0,2.2119,0.1009,2005
AK,690,2.6792,260.783,3.79827,41,35,511,5.141,54977.4,2.221,0.1009,2005
AK,691,2.6591,261.327,3.80758,46,30,541,5.003,53170.8,2.4176,0.1009,2005
AK,692,2.6112,261.873,3.59634,52,20,395,4.517,53601.6,2.2946,0.1009,2005
AK,693,2.6009,262.42,3.54442,39,32,18,4.796,53918.6,2.4625,0.1009,2005
AK,694,2.467,262.968,3.54972,48,88,98,4.946,54575.1,2.3991,0.1009,2005
AK,695,2.4156,263.518,3.39099,50,42,148,4.978,54759.0,2.1796,0.1009,2005
AK,696,2.7366,264.068,3.34588,46,30,239,4.871,54187.3,2.3768,0.1009,2005
AK,697,2.7372,264.62,3.3942,36,29,224,4.832,53938.6,2.3629,0.1009,2005
AK,698,2.7259,265.172,3.29588,50,25,126,5.666,53831.8,2.1643,0.1009,2005
AK,699,2.7271,265.726,3.58078,42,12,634,5.45,54312.0,2.056,0.1009,2005
AK,700,2.8394,266.281,3.71898,39,20,84,5.378,55143.0,2.2017,0.1009,2005
AK,701,2.9423,266.838,3.79551,37,67,210,4.889,55840.0,2.1749,0.1009,2005
AK,702,2.9641,267.395,3.69116,42,36,161,4.994,54751.7,2.2844,0.1009,2005
AK,703,2.9457,267.953,3.83616,36,51,227,5.143,54665.5,2.409,0.1009,2005
AK,704,2.9314,268.513,3.83798,46,16,295,4.273,54267.3,2.4891,0.1009,2005
AK,705,2.8657,269.074,3.36537,43,16,358,4.927,55529.7,2.4549,0.1009,2005
AK,706,2.7896,269.636,3.4352,48,27,115,4.207,55313.4,2.5223,0.1009,2005
AK,707,2.691,270.199,3.295,40,7,320,4.836,55763.9,2.4369,0.1009,2005
AK,708,2.5392,270.764,3.44479,45,18,232,5.502,56211.5,2.3973,0.1009,2005
AK,709,2.6011,271.329,3.5662,49,2,89,5.309,54488.8,2.2485,0.1009,2005
AK,710,2.614,271.896,3.51403,50,27,301,5.825,55544.5,2.2506,0.1009,2005
AK,711,2.6985,272.464,3.60706,35,9,331,5.645,56660.8,2.221,0.1009,2005
AK,712,2.7802,273.033,3.80884,34,13,128,5.102,56287.4,2.123,0.1009,2005
AK,713,2.7914,273.603,4.02174,41,19,293,4.748,55859.4,2.2536,0.1009,2005
AK,714,2.7742,274.175,3.87887,34,49,182,4.818,55403.7,2.2544,0.1009,2005
AK,715,2.7371,274.747,3.9398,39,45,234,4.502,56324.6,2.3964,0.1009,2005
AK,716,2.7254,275.321,3.87296,46,47,291,4.655,56244.9,2.4585,0.1009,2005
AK,717,2.6514,275.896,3.79418,51,90,93,5.231,56395.1,2.4684,0.1009,2005
AK,718,2.6342,276.473,3.61347,58,22,75,4.604,55811.9,2.4632,0.1009,2005
AK,719,2.6628,277.05,3.43414,39,21,151,5.384,54916.7,2.341,0.1009,2005
AK,720,2.1807,277.629,3.33275,41,28,92,9.583,56451.5,2.2802,0.1009,2005
AK,721,2.1228,278.209,3.30166,42,14,271,9.824,57322.7,2.1742,0.1009,2005
AK,722,2.198,278.79,2.92068,54,26,191,10.07,55882.8,2.2319,0.1009,2005
AK,723,1.9117,279.372,2.4584,38,15,29,9.283,56971.1,2.2993,0.1009,2005
AK,724,1.925,279.956,2.97603,38,24,243,9.888,56283.1,2.1327,0.1009,2005
AK,725,2.3081,280.54,3.31636,40,21,80,9.099,55712.9,2.4673,0.1009,2005
AK,726,2.3524,281.126,3.71134,37,13,376,8.964,57554.2,2.2776,0.1009,2005
AK,727,2.3655,281.714,3.84627,42,32,143,9.422,57334.1,2.378,0.1009,2005
AK,728,2.2824,282.302,3.66407,46,44,283,9.254,56504.0,2.4125,0.1009,2005
AK,729,2.2129,282.892,3.76885,53,89,24,8.76,58859.7,2.4357,0.1009,2005
AK,730,2.1604,283.483,3.50691,53,6,204,9.975,56753.0,2.4156,0.1009,2005
AK,731,2.0966,284.075,3.45851,46,22,401,9.401,58391.7,2.3947,0.1009,2005
AK,732,2.8578,284.668,3.63634,34,20,172,4.148,57728.7,2.382,0.1009,2005
AK,733,2.8822,285.263,3.58857,41,25,104,5.366,57002.2,2.1369,0.1009,2005
AK,734,3.0436,285.859,3.61697,43,42,62,5.995,57856.3,2.2859,0.1009,2005
AK,735,3.1244,286.456,3.69228,36,24,91,5.4,58433.4,2.1666,0.1009,2005
AK,736,3.1956,287.054,3.82354,44,53,126,5.541,57911.5,2.2802,0.1009,2005
AK,737,3.2477,287.654,4.1132,38,77,364,4.765,58456.4,2.1896,0.1009,2005
AK,738,3.2475,288.254,4.02749,39,13,219,5.414,58385.0,2.2743,0.1009,2005
AK,739,3.2189,288.856,3.68941,39,16,286,5.218,58418.6,2.3004,0.1009,2005
AK,740,3.126,289.46,3.71259,52,26,298,4.639,58750.9,2.5016,0.1009,2005
AK,741,3.0731,290.064,3.66897,48,58,404,5.09,59406.7,2.4993,0.1009,2005
AK,742,2.9282,290.67,3.64441,45,11,119,4.994,59416.1,2.4568,0.1009,2005
AK,743,2.8961,291.277,3.54333,42,23,72,4.004,59068.9,2.3567,0.1009,2005
AK,744,3.8525,291.886,3.42543,49,18,55,4.991,59183.2,2.2854,0.1009,2005
AK,745,3.9304,292.496,3.53892,39,34,91,5.069,58869.1,2.1154,0.1009,2005
AK,746,4.0093,293.106,3.57588,44,26,385,5.773,59738.4,2.0969,0.1009,2005
AK,747,4.0648,293.719,3.62468,46,41,488,4.917,59599.0,2.146,0.1009,2005
AK,748,4.6743,294.332,3.62067,38,28,34,5.073,58973.8,2.1371,0.1009,2005
AK,749,5.1396,294.947,3.57692,40,49,200,5.3,59315.4,2.2933,0.1009,2005
AK,750,4.107,295.563,3.68727,47,42,527,5.438,58691.0,2.2344,0.1009,2005
AK,751,4.1484,296.18,3.71999,55,43,212,4.664,58910.3,2.3473,0.1009,2005
AK,752,4.1436,296.799,3.65792,46,38,390,4.668,58843.2,2.4375,0.1009,2005
AK,753,4.1163,297.419,3.6089,44,57,242,4.656,60813.0,2.5176,0.1009,2005
AK,754,4.1362,298.04,3.48804,44,41,201,4.529,62100.7,2.2828,0.1009,2005
AK,755,3.9645,298.663,3.50357,53,24,81,4.857,61494.9,2.2876,0.1009,2005
AK,756,3.4887,299.287,3.37418,40,19,31,4.814,60362.5,2.2999,0.1009,2005
AK,757,3.5215,299.912,3.46619,55,20,119,5.456,59797.4,2.2123,0.1009,2005
AK,758,3.6087,300.538,3.48091,37,50,155,5.789,59853.3,2.1881,0.1009,2005
AK,759,3.6746,301.166,3.71062,49,49,136,5.166,60058.4,2.1421,0.1009,2005
AK,760,3.746,301.795,3.87476,35,31,172,5.411,59145.5,2.0844,0.1009,2005
AK,761,3.7542,302.425,4.01152,53,38,80,4.813,60627.4,2.2485,0.1009,2005
AK,762,3.7731,303.057,4.00346,45,72,488,4.574,60292.5,2.4331,0.1009,2005
AK,763,3.7849,303.69,4.04426,41,31,262,3.915,60558.7,2.3686,0.1009,2005
AK,764,3.8004,304.324,3.83505,45,55,134,4.534,60596.5,2.3922,0.1009,2005
AK,765,3.6465,304.96,3.75564,52,29,352,4.14,60555.1,2.5234,0.1009,2005
AK,766,3.5944,305.597,3.55677,54,72,493,5.697,61155.3,2.3871,0.1009,2005
AK,767,3.6296,306.235,3.45926,38,20,125,5.553,61389.9,2.3629,0.1009,2005
AK,768,3.3025,306.875,3.67144,37,42,195,4.606,60717.1,2.2412,0.1009,2005
AK,769,3.3143,307.516,3.65833,42,16,176,4.591,61758.3,2.1583,0.1009,2005
AK,770,3.319,308.158,3.57294,46,40,343,5.69,62773.6,2.1083,0.1009,2005
AK,771,3.3838,308.802,3.7498,37,29,23,5.091,60482.6,2.1954,0.1009,2005
AK,772,3.3592,309.447,4.00684,31,66,161,4.931,60647.6,2.2503,0.1009,2005
AK,773,3.5092,310.093,4.05685,31,39,184,5.177,61281.3,2.4182,0.1009,2005
AK,774,3.4911,310.741,4.20342,47,15,216,4.558,62470.9,2.3335,0.1009,2005
AK,775,3.3801,311.39,4.03895,48,42,429,5.355,61692.2,2.5372,0.1009,2005
AK,776,3.3693,312.041,4.07592,41,16,480,4.191,60914.7,2.3154,0.1009,2005
AK,777,3.2879,312.692,3.89433,55,15,192,4.628,63236.6,2.4436,0.1009,2005
AK,778,3.2892,313.345,3.83848,38,36,113,5.172,63331.0,2.5354,0.1009,2005
AK,779,3.2678,314.0,3.69103,48,25,229,5.044,63334.1,2.378,0.1009,2005
AZ,540,2.157,190.7,0.99516,20,11,36,4.854,42478.1,2.2959,0.158,2007
AZ,541,2.17,191.098,1.07772,15,8,136,5.607,43646.3,2.2644,0.158,2007
AZ,542,2.2511,191.497,1.04909,15,9,89,5.619,42679.6,2.1392,0.158,2007
AZ,543,2.2522,191.897,1.07523,15,6,161,4.834,42065.1,2.051,0.158,2007
AZ,544,2.4245,192.298,1.13805,22,6,24,5.085,43071.3,2.2462,0.158,2007
AZ,545,2.429,192.7,1.15766,16,10,56,4.963,41669.4,2.0919,0.158,2007
AZ,546,2.4576,193.102,1.18448,16,3,62,4.354,42901.1,2.2253,0.158,2007
AZ,547,2.4341,193.506,1.1413,20,18,3,5.071,42611.6,2.3844,0.158,2007
AZ,548,2.3726,193.91,1.14007,13,15,47,4.496,43340.4,2.4275,0.158,2007
AZ,549,2.3652,194.315,1.1145,11,5,50,4.973,42707.2,2.4813,0.158,2007
AZ,550,2.2307,194.721,1.08682,15,9,51,4.875,42082.8,2.4212,0.158,2007
AZ,551,2.1576,195.128,1.04647,16,10,76,3.964,42928.7,2.3915,0.158,2007
AZ,552,2.4092,195.535,1.03622,17,11,105,4.715,41982.2,2.1731,0.158,2007
AZ,553,2.4114,195.944,1.03016,17,9,67,5.255,42788.3,2.1216,0.158,2007
AZ,554,2.4476,196.353,1.05914,14,3,113,5.882,42725.0,2.2221,0.158,2007
AZ,555,2.5022,196.763,1.10427,16,16,106,5.022,43477.7,2.252,0.158,2007
AZ,556,2.5111,197.174,1.10708,15,7,51,5.621,43235.9,2.2449,0.158,2007
AZ,557,2.6548,197.586,1.20926,16,12,61,5.898,43842.1,2.186,0.158,2007
AZ,558,2.682,197.999,1.16655,10,14,68,5.127,42953.1,2.4391,0.158,2007
AZ,559,2.7016,198.412,1.15269,16,7,152,4.874,44232.0,2.3582,0.158,2007
AZ,560,2.6322,198.827,1.18062,19,7,113,4.475,44088.8,2.4026,0.158,2007
AZ,561,2.5987,199.242,1.12863,19,9,86,4.948,43483.4,2.4618,0.158,2007
AZ,562,2.536,199.658,1.0592,21,8,116,4.626,42772.0,2.6382,0.158,2007
AZ,563,2.5318,200.075,1.06327,24,4,101,5.09,42840.7,2.3744,0.158,2007
AZ,564,2.6899,200.493,1.01918,17,6,23,4.7,44107.7,2.3071,0.158,2007
AZ,565,2.665,200.912,1.02674,16,7,85,5.011,43846.5,2.2331,0.158,2007
AZ,566,2.682,201.331,1.06748,11,6,5,5.49,43730.9,2.1066,0.158,2007
AZ,567,2.7825,201.752,1.10547,18,15,134,5.035,44384.9,2.1662,0.158,2007
AZ,568,2.8747,202.173,1.123,15,15,71,5.276,44339.6,2.2429,0.158,2007
AZ,569,2.9137,202.596,1.17558,20,6,27,4.917,43963.7,2.1525,0.158,2007
AZ,570,2.8885,203.019,1.20903,6,17,37,4.807,44079.3,2.2988,0.158,2007
AZ,571,2.8687,203.443,1.14444,20,9,110,5.132,44411.2,2.4221,0.158,2007
AZ,572,2.8898,203.868,1.14511,19,17,101,4.296,44310.5,2.5038,0.158,2007
AZ,573,2.7758,204.294,1.08737,24,8,60,4.62,44554.5,2.4279,0.158,2007
AZ,574,2.7594,204.72,1.02375,17,8,28,4.623,43893.7,2.4961,0.158,2007
AZ,575,2.7063,205.148,1.04943,18,15,170,4.684,44961.6,2.2356,0.158,2007
AZ,576,3.2334,205.576,1.0046,20,11,75,8.152,42630.1,2.5468,0.158,2007
AZ,577,3.2912,206.006,0.98708,14,5,65,8.184,42236.6,2.4293,0.158,2007
AZ,578,3.319,206.436,1.01665,22,26,66,8.322,43775.6,2.3994,0.158,2007
AZ,579,3.3898,206.867,0.996,26,2,76,8.519,43294.8,2.3352,0.158,2007
AZ,580,3.3779,207.299,1.04665,21,4,39,8.612,43173.9,2.4099,0.158,2007
AZ,581,4.1431,207.732,1.10455,11,6,42,7.553,43498.1,2.5034,0.158,2007
AZ,582,4.1891,208.166,1.09154,18,8,11,7.932,44479.9,2.4812,0.158,2007
AZ,583,3.3393,208.601,1.07438,15,16,20,8.031,43189.7,2.6498,0.158,2007
AZ,584,3.3627,209.037,1.05014,22,6,46,7.667,43924.6,2.7377,0.158,2007
AZ,585,3.2724,209.474,1.01829,16,20,48,7.014,43533.1,2.7141,0.158,2007
AZ,586,2.1229,209.911,0.99125,14,0,99,7.62,43879.4,2.7001,0.158,2007
AZ,587,1.6728,210.35,1.02565,26,9,119,7.526,43097.1,2.5196,0.158,2007
AZ,588,2.1571,210.789,1.04914,22,6,53,8.136,44633.5,2.4787,0.158,2007
AZ,589,2.2691,211.229,1.07972,14,11,45,8.195,44206.9,2.3815,0.158,2007
AZ,590,2.301,211.67,1.10723,17,4,49,7.598,43930.7,2.4284,0.158,2007
AZ,591,2.3502,212.113,1.14412,17,4,37,8.64,44744.0,2.3778,0.158,2007
AZ,592,2.4134,212.556,1.17463,12,3,68,7.979,44279.7,2.3189,0.158,2007
AZ,593,2.4495,213.0,1.21569,22,9,82,7.063,44881.8,2.3926,0.158,2007
AZ,594,2.5277,213.444,1.22615,21,14,34,7.531,45218.1,2.4664,0.158,2007
AZ,595,2.4227,213.89,1.17771,14,11,52,7.573,45391.1,2.5605,0.158,2007
AZ,596,2.4219,214.337,1.19616,24,4,86,7.112,44872.7,2.6898,0.158,2007
AZ,597,2.3946,214.785,1.1809,23,16,141,7.967,43931.6,2.5211,0.158,2007
AZ,598,2.2586,215.233,1.10566,25,7,107,7.774,44522.3,2.5826,0.158,2007
AZ,599,2.1954,215.683,1.05034,16,5,43,7.952,45374.7,2.4159,0.158,2007
AZ,600,2.5715,216.133,1.08471,23,8,56,7.724,45447.7,2.4579,0.158,2007
AZ,601,2.6642,216.585,1.11003,13,18,78,7.771,45592.5,2.334,0.158,2007
AZ,602,2.7127,217.037,1.10911,18,2,60,7.781,45616.8,2.3779,0.158,2007
AZ,603,2.7653,217.491,1.10118,15,1,21,8.19,45996.7,2.2925,0.158,2007
AZ,604,2.8067,217.945,1.10293,9,4,72,8.452,45976.6,2.2419,0.158,2007
AZ,605,2.8433,218.4,1.20814,21,14,54,8.387,45718.8,2.4663,0.158,2007
AZ,606,2.9249,218.856,1.17265,16,8,62,7.95,45265.1,2.4198,0.158,2007
AZ,607,2.9046,219.313,1.2027,17,22,29,7.403,46336.6,2.5443,0.158,2007
AZ,608,2.8193,219.772,1.13518,16,15,33,7.718,45497.3,2.655,0.158,2007
AZ,609,2.7579,220.231,1.13206,18,4,181,7.84,46086.9,2.7322,0.158,2007
AZ,610,2.7611,220.691,1.06385,17,25,40,7.685,46115.3,2.5306,0.158,2007
AZ,611,2.679,221.152,1.08197,13,12,21,7.597,46228.2,2.5818,0.158,2007
AZ,612,3.4654,221.614,1.06434,23,4,76,5.185,47891.1,2.4163,0.158,2007
AZ,613,3.4575,222.076,1.1041,22,12,85,5.314,47961.8,2.2751,0.158,2007
AZ,614,3.4692,222.54,1.08955,23,7,88,5.47,48373.9,2.2513,0.158,2007
AZ,615,3.4831,223.005,1.14508,19,3,28,6.046,47421.1,2.2505,0.158,2007
AZ,616,3.5615,223.471,1.17881,15,6,143,5.732,48486.9,2.1619,0.158,2007
AZ,617,3.616,223.938,1.22474,14,6,51,4.754,46906.0,2.2648,0.158,2007
AZ,618,3.6109,224.405,1.20386,20,16,198,5.023,47970.9,2.227,0.158,2007
AZ,619,3.6287,224.874,1.25839,12,5,144,4.983,49566.7,2.383,0.158,2007
AZ,620,3.5658,225.344,1.16598,21,5,74,5.126,47983.0,2.4643,0.158,2007
AZ,621,3.5798,225.815,1.11338,14,10,26,4.432,47498.2,2.4551,0.158,2007
AZ,622,3.5158,226.286,1.07814,21,10,44,5.402,48032.2,2.5528,0.158,2007
AZ,623,3.4102,226.759,1.0943,22,10,42,5.372,48292.5,2.291,0.158,2007
AZ,624,3.4131,227.233,1.05129,23,4,45,5.234,48494.4,2.341,0.158,2007
AZ,625,3.5023,227.707,1.09011,19,8,155,5.104,47993.2,2.1129,0.158,2007
AZ,626,3.4972,228.183,1.09522,17,10,54,5.202,47501.1,2.1938,0.158,2007
AZ,627,3.5346,228.659,1.15793,17,9,39,5.588,48515.1,2.1777,0.158,2007
AZ,628,3.7494,229.137,1.15815,16,10,48,5.115,49128.0,2.1191,0.158,2007
AZ,629,3.7803,229.616,1.22664,20,7,15,4.751,48384.1,2.315,0.158,2007
AZ,630,3.773,230.095,1.22444,14,16,95,4.462,49143.5,2.3514,0.158,2007
AZ,631,3.7793,230.576,1.22027,18,2,140,5.177,48441.3,2.2389,0.158,2007
AZ,632,3.6569,231.057,1.23615,18,7,62,4.743,48744.6,2.3808,0.158,2007
AZ,633,3.6704,231.54,1.13232,13,15,13,4.462,49539.4,2.6136,0.158,2007
AZ,634,3.6101,232.024,1.09188,22,13,60,5.682,49075.7,2.4674,0.158,2007
AZ,635,3.5183,232.508,1.12728,22,6,103,4.796,49518.4,2.3934,0.158,2007
AZ,636,3.4415,232.994,1.09593,14,1,117,4.629,50014.7,2.2205,0.158,2007
AZ,637,3.3254,233.481,1.15074,19,10,103,4.885,49584.0,2.2592,0.158,2007
AZ,638,3.4588,233.968,1.13845,15,3,54,5.471,50699.8,2.1928,0.158,2007
AZ,639,3.4929,234.457,1.156,16,6,48,5.325,50141.5,2.1384,0.158,2007
AZ,640,3.6165,234.947,1.26274,16,26,78,4.693,49878.3,2.1472,0.158,2007
AZ,641,3.613,235.438,1.28264,8,0,32,5.403,49988.2,2.1032,0.158,2007
AZ,642,3.5831,235.929,1.26167,9,19,66,4.652,49580.4,2.3093,0.158,2007
AZ,643,3.5841,236.422,1.23039,19,12,60,5.062,49433.7,2.3515,0.158,2007
AZ,644,3.5037,236.916,1.25273,15,17,62,5.117,49617.9,2.4605,0.158,2007
AZ,645,3.3869,237.411,1.21094,21,15,41,3.851,50869.6,2.4916,0.158,2007
AZ,646,3.4536,237.907,1.12859,13,13,26,5.368,48834.5,2.2327,0.158,2007
AZ,647,3.3477,238.404,1.11151,21,8,106,4.314,49991.9,2.4925,0.158,2007
AZ,648,3.2116,238.902,1.10194,14,14,41,4.816,50043.0,2.0585,0.158,2007
AZ,649,3.3009,239.401,1.1314,13,5,28,5.665,51737.4,2.3818,0.158,2007
AZ,650,3.317,239.901,1.17253,19,5,57,5.039,50760.4,2.2093,0.158,2007
AZ,651,3.2769,240.402,1.20364,17,12,16,5.349,49650.5,2.1667,0.158,2007
AZ,652,3.3585,240.904,1.22092,20,7,81,5.523,49864.5,2.2543,0.158,2007
AZ,653,3.5326,241.407,1.31715,24,3,87,4.588,50210.8,2.1392,0.158,2007
AZ,654,3.4786,241.911,1.34526,18,9,28,5.281,50761.5,2.2795,0.158,2007
AZ,655,3.412,242.417,1.3028,15,14,69,4.834,50265.9,2.3155,0.158,2007
AZ,656,3.3735,242.923,1.27236,25,9,90,5.04,51439.2,2.4946,0.158,2007
AZ,657,3.3783,243.43,1.24261,20,5,66,4.752,50886.8,2.4119,0.158,2007
AZ,658,3.3511,243.939,1.23095,21,16,39,4.327,51480.2,2.4715,0.158,2007
AZ,659,3.2853,244.448,1.14073,17,7,81,4.291,51359.2,2.1358,0.158,2007
AZ,660,2.1436,244.959,1.18468,18,5,9,4.993,51271.8,2.1866,0.158,2007
AZ,661,2.3381,245.471,1.21567,15,5,46,5.296,51656.6,2.3389,0.158,2007
AZ,662,2.3389,245.983,1.26029,12,13,77,5.246,50727.9,2.3167,0.158,2007
AZ,663,2.4132,246.497,1.33269,19,5,112,4.699,51140.4,2.3223,0.158,2007
AZ,664,2.4675,247.012,1.33866,15,7,91,6.085,52063.4,2.1606,0.158,2007
AZ,665,2.5652,247.528,1.3878,18,6,82,4.514,51336.9,2.2408,0.158,2007
AZ,666,2.5776,248.045,1.3459,20,10,199,5.169,53024.0,2.2515,0.158,2007
AZ,667,2.4315,248.563,1.4338,18,17,101,5.032,52397.4,2.3983,0.158,2007
AZ,668,2.4287,249.082,1.37331,15,7,165,4.965,52175.7,2.5064,0.158,2007
AZ,669,2.3469,249.603,1.34142,12,11,139,4.646,52837.6,2.533,0.158,2007
AZ,670,2.3476,250.124,1.36544,25,11,82,4.652,52470.8,2.3084,0.158,2007
AZ,671,2.2504,250.646,1.24809,12,8,63,5.41,52153.9,2.303,0.158,2007
AZ,672,1.9889,251.17,1.26769,18,2,48,4.926,52590.3,2.2591,0.158,2007
AZ,673,1.9971,251.694,1.32897,13,14,66,4.646,53289.4,2.2122,0.158,2007
AZ,674,2.0564,252.22,1.32401,17,17,56,5.559,53082.6,2.1019,0.158,2007
AZ,675,2.1312,252.747,1.3762,13,8,45,5.382,52460.2,2.1041,0.158,2007
AZ,676,2.192,253.275,1.45363,15,13,127,4.832,52846.1,2.1276,0.158,2007
AZ,677,2.2308,253.804,1.47072,18,5,54,4.51,52489.1,2.2146,0.158,2007
AZ,678,2.2584,254.334,1.53122,17,10,92,4.286,53145.4,2.3318,0.158,2007
AZ,679,2.1676,254.865,1.48782,15,12,118,4.721,53488.3,2.3401,0.158,2007
AZ,680,2.1135,255.398,1.43652,23,13,252,5.137,54462.9,2.4914,0.158,2007
AZ,681,2.0476,255.931,1.44569,16,15,43,4.266,53910.9,2.5313,0.158,2007
AZ,682,2.06,256.466,1.34705,18,6,96,5.2,53224.1,2.4593,0.158,2007
AZ,683,2.0027,257.001,1.28153,20,4,42,6.099,52664.3,2.3193,0.158,2007
AZ,684,2.2903,257.538,1.26285,19,12,36,5.28,52287.5,2.2933,0.158,2007
AZ,685,2.2831,258.076,1.33117,19,10,42,5.545,52983.6,2.2216,0.158,2007
AZ,686,2.3273,258.615,1.29347,10,8,57,5.348,53774.8,2.1788,0.158,2007
AZ,687,2.3669,259.155,1.40338,15,9,154,5.299,53249.4,2.124,0.158,2007
AZ,688,2.4758,259.697,1.40407,17,13,115,5.293,54214.2,2.2543,0.158,2007
AZ,689,2.5493,260.239,1.46034,16,10,132,4.761,53637.7,2.2497,0.158,2007
AZ,690,2.4994,260.783,1.47323,19,11,97,4.974,54548.7,2.2318,0.158,2007
AZ,691,2.4599,261.327,1.49806,26,4,50,4.795,53619.3,2.5591,0.158,2007
AZ,692,2.4632,261.873,1.41491,15,6,70,5.788,53620.7,2.3487,0.158,2007
AZ,693,2.3927,262.42,1.35827,25,15,49,5.392,54487.0,2.4541,0.158,2007
AZ,694,2.3475,262.968,1.34167,18,5,139,4.491,54998.6,2.4662,0.158,2007
AZ,695,2.2877,263.518,1.34208,19,16,60,4.886,53902.4,2.3404,0.158,2007
AZ,696,2.5872,264.068,1.26517,30,4,140,4.86,53931.2,2.2701,0.158,2007
AZ,697,2.6451,264.62,1.32516,10,7,118,4.691,54397.6,2.2101,0.158,2007
AZ,698,2.6393,265.172,1.33427,20,0,81,4.744,54562.0,2.1248,0.158,2007
AZ,699,2.6875,265.726,1.38911,14,12,42,5.137,56132.4,2.1206,0.158,2007
AZ,700,2.8073,266.281,1.38691,19,4,76,5.165,54376.6,2.1396,0.158,2007
AZ,701,2.8848,266.838,1.42178,20,10,40,5.494,54277.1,2.2856,0.158,2007
AZ,702,2.8967,267.395,1.46381,19,4,66,5.793,54911.3,2.2907,0.158,2007
AZ,703,2.8385,267.953,1.39008,15,8,155,4.988,53700.0,2.2921,0.158,2007
AZ,704,2.7936,268.513,1.43529,28,6,117,4.965,55700.0,2.4051,0.158,2007
AZ,705,2.7027,269.074,1.35532,19,24,40,4.707,54962.6,2.5754,0.158,2007
AZ,706,2.6201,269.636,1.31726,18,4,132,4.578,56072.9,2.4341,0.158,2007
AZ,707,2.5664,270.199,1.2929,16,13,36,5.297,54732.4,2.368,0.158,2007
AZ,708,2.429,270.764,1.27171,18,12,47,4.501,54273.5,2.2711,0.158,2007
AZ,709,2.4239,271.329,1.30121,12,10,70,5.316,55902.4,2.2324,0.158,2007
AZ,710,2.5311,271.896,1.37281,24,7,60,5.036,56793.4,2.2118,0.158,2007
AZ,711,2.5701,272.464,1.44222,20,7,85,4.914,55578.7,2.1532,0.158,2007
AZ,712,2.707,273.033,1.4516,12,13,123,4.989,55910.9,2.14,0.158,2007
AZ,713,2.7415,273.603,1.47069,14,21,137,5.632,56438.6,2.195,0.158,2007
AZ,714,2.7538,274.175,1.52073,19,3,140,4.339,56575.1,2.3946,0.158,2007
AZ,715,2.7463,274.747,1.50329,16,15,109,5.027,56231.1,2.4309,0.158,2007
AZ,716,2.6637,275.321,1.44603,20,5,19,4.695,56537.1,2.4332,0.158,2007
AZ,717,2.6301,275.896,1.41673,25,1,81,5.052,56088.8,2.4512,0.158,2007
AZ,718,2.5935,276.473,1.34042,16,2,118,4.339,55824.5,2.5123,0.158,2007
AZ,719,2.5283,277.05,1.28805,24,1,49,4.85,56626.3,2.3167,0.158,2007
AZ,720,2.0308,277.629,1.26211,23,6,65,9.333,55747.2,2.2815,0.158,2007
AZ,721,1.9653,278.209,1.26294,14,21,51,9.732,55839.5,2.2307,0.158,2007
AZ,722,2.0156,278.79,1.14451,21,10,103,9.919,57856.5,2.2206,0.158,2007
AZ,723,1.7423,279.372,0.93892,19,1,62,9.852,57001.9,2.2868,0.158,2007
AZ,724,1.8148,279.956,1.11399,16,6,66,10.261,57631.2,2.1491,0.158,2007
AZ,725,2.1765,280.54,1.3045,23,5,49,9.715,57710.4,2.2372,0.158,2007
AZ,726,2.264,281.126,1.3858,17,6,51,9.28,56599.1,2.2481,0.158,2007
AZ,727,2.3113,281.714,1.50607,13,9,167,9.686,56464.5,2.3747,0.158,2007
AZ,728,2.198,282.302,1.45812,16,4,108,9.497,57400.7,2.5585,0.158,2007
AZ,729,2.1414,282.892,1.38196,13,21,33,9.131,58213.4,2.6368,0.158,2007
AZ,730,2.0478,283.483,1.35146,28,13,1,9.528,57813.5,2.5394,0.158,2007
AZ,731,1.9925,284.075,1.38991,25,7,30,8.823,58093.5,2.1673,0.158,2007
AZ,732,2.8067,284.668,1.36433,7,4,201,4.402,58331.7,2.2455,0.158,2007
AZ,733,2.8617,285.263,1.36997,11,7,38,5.101,58165.4,2.2407,0.158,2007
AZ,734,2.9399,285.859,1.39073,10,8,52,5.369,58299.4,2.253,0.158,2007
AZ,735,2.9684,286.456,1.40073,15,8,98,5.641,57936.3,2.2034,0.158,2007
AZ,736,3.0123,287.054,1.462,17,9,168,5.582,58617.2,2.1158,0.158,2007
AZ,737,3.1204,287.654,1.48957,26,4,87,5.089,58219.2,2.2807,0.158,2007
AZ,738,3.0505,288.254,1.43943,15,19,158,5.243,57712.6,2.304,0.158,2007
AZ,739,3.0455,288.856,1.51949,11,19,75,5.046,57927.8,2.2681,0.158,2007
AZ,740,2.9893,289.46,1.45835,15,12,239,4.422,59841.7,2.5196,0.158,2007
AZ,741,2.9809,290.064,1.50654,22,7,110,3.969,58425.4,2.5292,0.158,2007
AZ,742,2.9343,290.67,1.36562,19,4,122,5.341,57788.3,2.6243,0.158,2007
AZ,743,2.8671,291.277,1.31651,15,4,55,4.593,58610.4,2.2775,0.158,2007
AZ,744,3.819,291.886,1.36229,18,9,108,5.899,59360.4,2.2828,0.158,2007
AZ,745,3.7807,292.496,1.25862,17,1,94,4.897,57734.1,2.2268,0.158,2007
AZ,746,3.8236,293.106,1.35671,14,20,73,4.756,59022.5,2.2173,0.158,2007
AZ,747,3.9332,293.719,1.41296,18,13,112,4.968,59518.5,1.9838,0.158,2007
AZ,748,4.4376,294.332,1.44442,15,1,141,5.288,60108.1,2.2161,0.158,2007
AZ,749,4.9125,294.947,1.389,12,6,18,6.06,60273.5,2.2583,0.158,2007
AZ,750,4.0693,295.563,1.43471,14,8,145,5.045,59593.5,2.2203,0.158,2007
AZ,751,4.1416,296.18,1.43924,23,7,283,5.351,59647.0,2.4374,0.158,2007
AZ,752,4.0588,296.799,1.44244,22,8,53,4.487,59365.6,2.3292,0.158,2007
AZ,753,3.9688,297.419,1.38109,13,10,42,4.688,59660.2,2.4305,0.158,2007
AZ,754,3.8771,298.04,1.33469,15,19,97,4.256,59115.4,2.5458,0.158,2007
AZ,755,3.8639,298.663,1.31328,17,11,42,5.899,59699.9,2.3577,0.158,2007
AZ,756,3.4228,299.287,1.32123,15,12,51,5.135,60775.1,2.2266,0.158,2007
AZ,757,3.3212,299.912,1.34608,11,10,148,4.828,59816.7,2.2231,0.158,2007
AZ,758,3.4531,300.538,1.39825,21,8,96,5.959,60752.3,2.1362,0.158,2007
AZ,759,3.493,301.166,1.40699,16,18,58,4.858,62440.6,2.0927,0.158,2007
AZ,760,3.5401,301.795,1.47986,11,11,42,4.56,61015.5,2.2269,0.158,2007
AZ,761,3.5727,302.425,1.51072,18,9,65,5.208,59966.0,2.1692,0.158,2007
AZ,762,3.6338,303.057,1.49953,21,17,129,6.097,59754.5,2.2242,0.158,2007
AZ,763,3.6079,303.69,1.50734,20,19,134,4.505,61982.3,2.2861,0.158,2007
AZ,764,3.5267,304.324,1.49786,21,6,74,4.522,60827.9,2.4404,0.158,2007
AZ,765,3.5404,304.96,1.40619,17,37,234,4.641,60212.0,2.4583,0.158,2007
AZ,766,3.423,305.597,1.34705,16,10,198,5.057,60792.3,2.3889,0.158,2007
AZ,767,3.4282,306.235,1.34707,23,14,304,5.164,62518.8,2.3092,0.158,2007
AZ,768,3.2256,306.875,1.38361,19,28,31,4.454,61419.2,2.312,0.158,2007
AZ,769,3.1907,307.516,1.37287,12,13,81,5.559,62751.8,2.3087,0.158,2007
AZ,770,3.233,308.158,1.41614,19,9,56,5.771,62427.8,2.0574,0.158,2007
AZ,771,3.3343,308.802,1.43311,12,14,78,5.213,61303.7,2.3396,0.158,2007
AZ,772,3.3307,309.447,1.51287,21,24,121,5.676,62351.4,2.1677,0.158,2007
AZ,773,3.313,310.093,1.57892,22,49,54,4.98,62114.2,2.2026,0.158,2007
AZ,774,3.3616,310.741,1.56085,14,8,64,4.741,60813.8,2.3243,0.158,2007
AZ,775,3.2774,311.39,1.51105,20,14,60,5.216,63861.5,2.4059,0.158,2007
AZ,776,3.1803,312.041,1.50811,23,32,96,5.339,62307.3,2.3137,0.158,2007
AZ,777,3.1789,312.692,1.46652,18,15,65,5.273,61798.9,2.5305,0.158,2007
AZ,778,3.2466,313.345,1.40322,14,5,32,4.633,62388.5,2.4549,0.158,2007
AZ,779,3.1243,314.0,1.43705,21,18,212,5.036,62569.2,2.4928,0.158,2007
AR,540,2.283,190.7,1.73692,22,14,83,5.701,43411.4,2.2949,0.2227,2009
AR,541,2.334,191.098,1.73521,30,13,27,5.282,41436.9,2.2247,0.2227,2009
AR,542,2.2745,191.497,1.85148,32,18,55,5.162,42446.3,2.0631,0.2227,2009
AR,543,2.3636,191.897,1.91063,26,6,82,5.065,41697.2,2.047,0.2227,2009
AR,544,2.4055,192.298,1.9449,26,8,119,5.906,41844.2,2.2642,0.2227,2009
AR,545,2.4321,192.7,2.04585,18,24,80,5.071,41232.4,2.3634,0.2227,2009
AR,546,2.433,193.102,2.03314,22,21,76,4.358,42574.8,2.1665,0.2227,2009
AR,547,2.4854,193.506,2.06122,29,22,167,5.543,42434.8,2.4045,0.2227,2009
AR,548,2.4502,193.91,1.99792,32,20,263,5.562,42507.5,2.4564,0.2227,2009
AR,549,2.3667,194.315,1.92896,31,5,167,4.929,42431.1,2.4298,0.2227,2009
AR,550,2.3241,194.721,1.86412,31,16,121,4.848,43401.3,2.4677,0.2227,2009
AR,551,2.3284,195.128,1.78234,26,30,148,4.7,42457.6,2.4512,0.2227,2009
AR,552,2.5708,195.535,1.84484,25,17,40,4.641,42620.5,2.1934,0.2227,2009
AR,553,2.6212,195.944,1.82288,19,24,65,5.436,42860.4,2.133,0.2227,2009
AR,554,2.5991,196.353,1.87719,22,16,56,5.54,43166.4,2.1834,0.2227,2009
AR,555,2.7354,196.763,1.92694,20,22,53,5.667,43413.1,2.2352,0.2227,2009
AR,556,2.8103,197.174,1.94169,36,6,98,4.907,43057.6,2.1537,0.2227,2009
AR,557,2.8605,197.586,2.02321,23,15,49,4.282,43578.1,2.2368,0.2227,2009
AR,558,2.8434,197.999,1.99104,33,0,151,5.003,43005.9,2.3552,0.2227,2009
AR,559,2.828,198.412,2.00581,23,20,133,5.015,43958.7,2.3513,0.2227,2009
AR,560,2.7163,198.827,1.96794,27,35,72,5.264,43438.4,2.4335,0.2227,2009
AR,561,2.7291,199.242,1.80924,27,11,22,4.768,43562.0,2.4584,0.2227,2009
AR,562,2.7735,199.658,1.80489,29,8,306,5.19,43339.6,2.4152,0.2227,2009
AR,563,2.7646,200.075,1.81781,27,15,323,4.773,44109.4,2.4544,0.2227,2009
AR,564,3.0031,200.493,1.7751,27,16,74,5.251,43211.7,2.4337,0.2227,2009
AR,565,2.9449,200.912,1.73905,22,14,20,5.852,44513.8,2.231,0.2227,2009
AR,566,2.9868,201.331,1.77755,23,3,150,5.276,42197.9,2.2999,0.2227,2009
AR,567,3.0171,201.752,1.90036,27,5,165,5.336,43250.4,2.0164,0.2227,2009
AR,568,3.0529,202.173,1.92222,19,5,37,5.848,43630.6,2.281,0.2227,2009
AR,569,3.1072,202.596,2.10581,39,5,222,4.875,44398.4,2.3516,0.2227,2009
AR,570,3.0829,203.019,2.07059,23,8,100,5.281,43811.0,2.3342,0.2227,2009
AR,571,3.0937,203.443,2.05044,23,14,143,4.815,44724.2,2.3655,0.2227,2009
AR,572,3.0154,203.868,1.94981,31,15,274,4.304,44096.1,2.4271,0.2227,2009
AR,573,2.9661,204.294,1.98314,27,9,109,4.947,44266.1,2.5182,0.2227,2009
AR,574,2.853,204.72,1.85047,31,17,83,4.599,44725.9,2.4349,0.2227,2009
AR,575,2.8395,205.148,1.85398,27,8,151,4.562,45066.2,2.4157,0.2227,2009
AR,576,3.4119,205.576,1.70012,31,20,77,7.715,45036.2,2.4434,0.2227,2009
AR,577,3.3956,206.006,1.74205,27,12,48,6.899,43376.3,2.409,0.2227,2009
AR,578,3.3372,206.436,1.72466,20,15,68,7.91,43424.8,2.2976,0.2227,2009
AR,579,3.3738,206.867,1.78771,19,11,62,8.272,42903.0,2.2445,0.2227,2009
AR,580,3.5394,207.299,1.90296,27,18,78,7.481,44226.6,2.4076,0.2227,2009
AR,581,4.33,207.732,1.92332,18,3,224,7.301,44608.2,2.3916,0.2227,2009
AR,582,4.3331,208.166,1.92729,27,22,122,7.263,43224.7,2.5509,0.2227,2009
AR,583,3.5664,208.601,1.80123,28,30,116,7.84,43950.9,2.6343,0.2227,2009
AR,584,3.4878,209.037,1.85696,34,19,17,7.133,44566.7,2.6602,0.2227,2009
AR,585,3.4559,209.474,1.79247,37,27,53,7.288,44650.8,2.5557,0.2227,2009
AR,586,2.2105,209.911,1.81363,36,14,66,8.453,43934.1,2.6355,0.2227,2009
AR,587,1.8027,210.35,1.82671,27,4,65,7.74,44425.6,2.5566,0.2227,2009
AR,588,2.3831,210.789,1.82815,36,11,60,7.772,44525.7,2.4237,0.2227,2009
AR,589,2.422,211.229,1.83144,26,17,91,8.015,44992.6,2.3228,0.2227,2009
AR,590,2.4413,211.67,1.82585,27,15,187,7.723,45142.0,2.4319,0.2227,2009
AR,591,2.4823,212.113,1.9477,20,11,152,7.333,45402.5,2.3613,0.2227,2009
AR,592,2.5162,212.556,2.07191,32,12,61,7.414,45258.6,2.3388,0.2227,2009
AR,593,2.5597,213.0,2.039,39,19,52,7.128,45239.7,2.357,0.2227,2009
AR,594,2.6554,213.444,2.10757,38,14,442,7.669,45363.8,2.5727,0.2227,2009
AR,595,2.6496,213.89,2.02588,37,22,213,7.522,44285.3,2.6175,0.2227,2009
AR,596,2.6457,214.337,2.12192,29,21,137,7.494,44695.1,2.681,0.2227,2009
AR,597,2.5138,214.785,1.88512,28,11,65,7.632,44581.0,2.6377,0.2227,2009
AR,598,2.4858,215.233,1.88131,34,13,104,7.175,44360.8,2.6432,0.2227,2009
AR,599,2.3998,215.683,1.90013,27,17,262,7.098,45417.9,2.5686,0.2227,2009
AR,600,2.8114,216.133,1.80746,33,7,163,8.009,45466.1,2.5247,0.2227,2009
AR,601,2.8432,216.585,1.82444,26,17,57,7.831,45163.6,2.414,0.2227,2009
AR,602,2.9011,217.037,1.83688,35,10,84,8.009,44283.6,2.3084,0.2227,2009
AR,603,2.9531,217.491,1.97789,29,18,306,7.863,46094.8,2.4539,0.2227,2009
AR,604,2.9854,217.945,1.99457,25,11,211,7.871,45165.1,2.3386,0.2227,2009
AR,605,3.0654,218.4,2.11125,27,15,210,8.5,45254.5,2.5551,0.2227,2009
AR,606,3.0246,218.856,2.09999,30,11,278,7.601,44462.1,2.5328,0.2227,2009
AR,607,2.9866,219.313,2.06523,29,19,121,8.083,46011.9,2.7068,0.2227,2009
AR,608,2.9939,219.772,1.91285,36,17,129,7.09,45404.5,2.5874,0.2227,2009
AR,609,2.8989,220.231,1.94878,37,12,322,7.538,47240.2,2.6454,0.2227,2009
AR,610,2.8505,220.691,1.8603,38,17,181,7.983,46652.8,2.7412,0.2227,2009
AR,611,2.8042,221.152,1.83,27,24,166,7.811,46525.3,2.5947,0.2227,2009
AR,612,3.5264,221.614,1.84043,34,17,274,4.608,47020.4,2.4933,0.2227,2009
AR,613,3.5308,222.076,1.89697,25,5,40,5.604,47848.8,2.3052,0.2227,2009
AR,614,3.6877,222.54,1.8944,24,10,61,5.315,47473.5,2.2278,0.2227,2009
AR,615,3.8233,223.005,1.93962,25,17,47,6.228,47743.4,2.1784,0.2227,2009
AR,616,3.7424,223.471,2.09295,25,8,125,5.035,47481.7,2.082,0.2227,2009
AR,617,3.8262,223.938,2.05923,32,26,134,5.543,48024.5,2.2672,0.2227,2009
AR,618,3.7928,224.405,2.12278,17,24,159,4.659,47667.8,2.3338,0.2227,2009
AR,619,3.7527,224.874,2.09872,32,7,149,4.404,47791.6,2.4319,0.2227,2009
AR,620,3.6893,225.344,2.02526,34,38,241,5.315,47740.4,2.6062,0.2227,2009
AR,621,3.6692,225.815,2.02414,27,7,85,4.776,49095.0,2.3539,0.2227,2009
AR,622,3.5691,226.286,1.90826,29,6,326,4.22,48619.7,2.2661,0.2227,2009
AR,623,3.6201,226.759,1.88141,27,22,102,4.399,49104.7,2.4337,0.2227,2009
AR,624,3.7245,227.233,1.86921,26,25,194,5.533,48835.0,2.4263,0.2227,2009
AR,625,3.7872,227.707,1.89293,21,18,88,5.668,47686.5,2.1091,0.2227,2009
AR,626,3.7585,228.183,1.88257,25,7,101,5.408,47758.5,2.1507,0.2227,2009
AR,627,3.8444,228.659,2.05227,34,12,81,6.329,49116.4,2.1097,0.2227,2009
AR,628,3.7719,229.137,2.13409,26,29,21,4.724,48682.4,2.0474,0.2227,2009
AR,629,3.8584,229.616,2.13962,26,17,83,4.952,49942.4,2.1702,0.2227,2009
AR,630,3.893,230.095,2.02851,29,8,103,4.455,49789.2,2.3244,0.2227,2009
AR,631,3.8937,230.576,2.14228,39,21,140,4.834,49109.4,2.2356,0.2227,2009
AR,632,3.8615,231.057,1.99053,23,33,166,4.478,50060.3,2.3597,0.2227,2009
AR,633,3.8411,231.54,2.08316,22,19,157,4.717,50072.7,2.6734,0.2227,2009
AR,634,3.7273,232.024,1.91389,20,30,242,5.253,49500.9,2.4583,0.2227,2009
AR,635,3.6704,232.508,1.91783,25,8,166,4.784,49549.3,2.2731,0.2227,2009
AR,636,3.5417,232.994,1.9027,27,27,105,5.72,49165.2,2.3389,0.2227,2009
AR,637,3.6322,233.481,1.95998,32,17,82,5.282,49677.6,2.3714,0.2227,2009
AR,638,3.5237,233.968,2.041,18,35,25,6.546,51329.8,2.0866,0.2227,2009
AR,639,3.7455,234.457,1.9976,27,6,113,5.282,48967.3,2.0856,0.2227,2009
AR,640,3.712,234.947,2.04102,23,4,99,5.401,49476.6,2.2137,0.2227,2009
AR,641,3.7965,235.438,2.1804,37,10,70,4.56,49824.0,2.1094,0.2227,2009
AR,642,3.8131,235.929,2.09306,27,24,38,5.102,48898.3,2.3845,0.2227,2009
AR,643,3.7842,236.422,2.18218,24,25,71,5.093,49486.1,2.4701,0.2227,2009
AR,644,3.8262,236.916,2.1932,41,3,184,4.869,50793.0,2.4098,0.2227,2009
AR,645,3.6448,237.411,2.09664,29,5,64,4.76,49372.7,2.3998,0.2227,2009
AR,646,3.5994,237.907,1.94872,31,10,79,4.873,49805.1,2.3831,0.2227,2009
AR,647,3.5528,238.404,1.90766,30,15,60,5.482,50491.5,2.5068,0.2227,2009
AR,648,3.3706,238.902,1.99105,23,35,43,5.063,52022.7,2.3846,0.2227,2009
AR,649,3.3501,239.401,1.94812,24,21,35,5.413,50679.6,2.1718,0.2227,2009
AR,650,3.4071,239.901,2.00332,33,17,40,5.892,50530.7,2.0668,0.2227,2009
AR,651,3.4843,240.402,2.04404,24,42,17,5.293,50841.5,2.1359,0.2227,2009
AR,652,3.586,240.904,2.24965,23,8,22,5.057,51695.2,2.1824,0.2227,2009
AR,653,3.8806,241.407,2.25819,14,15,171,4.9,50110.3,2.1604,0.2227,2009
AR,654,3.6481,241.911,2.20648,19,35,121,4.365,52207.3,2.2805,0.2227,2009
AR,655,3.5709,242.417,2.21951,31,12,66,5.253,49865.7,2.4417,0.2227,2009
AR,656,3.4992,242.923,2.16543,31,44,364,4.666,51321.4,2.4365,0.2227,2009
AR,657,3.4353,243.43,2.04949,41,14,126,4.606,51763.5,2.4575,0.2227,2009
AR,658,3.4403,243.939,2.03294,30,25,53,4.592,51450.9,2.4867,0.2227,2009
AR,659,3.3498,244.448,2.07154,31,5,155,4.462,51387.4,2.3013,0.2227,2009
AR,660,2.2051,244.959,2.14105,29,14,114,5.555,51592.2,2.2338,0.2227,2009
AR,661,2.4755,245.471,2.11525,27,35,223,4.935,51469.6,2.1804,0.2227,2009
AR,662,2.5606,245.983,2.06945,24,50,214,6.043,51130.2,2.2647,0.2227,2009
AR,663,2.5838,246.497,2.19798,26,8,168,5.358,50818.9,2.2163,0.2227,2009
AR,664,2.6041,247.012,2.41554,33,8,104,5.637,52008.0,1.9544,0.2227,2009
AR,665,2.616,247.528,2.4192,28,42,84,5.571,52358.6,2.1785,0.2227,2009
AR,666,2.6918,248.045,2.4904,25,21,317,4.874,50676.7,2.2584,0.2227,2009
AR,667,2.6745,248.563,2.37318,25,7,114,4.962,51613.7,2.413,0.2227,2009
AR,668,2.6713,249.082,2.35896,21,74,165,5.279,51703.2,2.3612,0.2227,2009
AR,669,2.5953,249.603,2.27249,31,21,172,4.842,50677.6,2.3973,0.2227,2009
AR,670,2.4838,250.124,2.17876,33,7,70,4.76,52533.3,2.4322,0.2227,2009
AR,671,2.4595,250.646,2.15281,30,15,228,4.657,53334.5,2.4458,0.2227,2009
AR,672,2.1632,251.17,2.18584,43,12,130,5.302,51212.7,2.1915,0.2227,2009
AR,673,2.1617,251.694,2.29118,16,22,203,5.001,52862.5,2.248,0.2227,2009
AR,674,2.1974,252.22,2.29492,23,7,258,5.403,52522.2,2.1765,0.2227,2009
AR,675,2.2287,252.747,2.36788,23,42,240,5.141,52451.0,2.1781,0.2227,2009
AR,676,2.2942,253.275,2.43686,27,10,197,5.02,53339.2,2.1331,0.2227,2009
AR,677,2.2963,253.804,2.61344,39,24,18,4.217,52344.5,2.1319,0.2227,2009
AR,678,2.3106,254.334,2.58674,21,26,140,4.866,53530.2,2.3014,0.2227,2009
AR,679,2.3453,254.865,2.54184,29,24,34,4.945,51609.2,2.3192,0.2227,2009
AR,680,2.3313,255.398,2.48968,39,37,82,4.416,53437.6,2.6025,0.2227,2009
AR,681,2.2161,255.931,2.35428,37,11,128,4.684,52509.0,2.4432,0.2227,2009
AR,682,2.195,256.466,2.39165,34,22,69,4.048,54151.3,2.272,0.2227,2009
AR,683,2.145,257.001,2.27406,31,23,59,5.301,53290.4,2.4669,0.2227,2009
AR,684,2.4177,257.538,2.19132,26,21,210,5.698,53240.9,2.2785,0.2227,2009
AR,685,2.4092,258.076,2.24085,24,13,72,4.881,53778.7,2.359,0.2227,2009
AR,686,2.4194,258.615,2.25744,27,20,96,5.185,53330.5,2.1094,0.2227,2009
AR,687,2.478,259.155,2.40606,28,28,102,4.933,53824.3,2.1767,0.2227,2009
AR,688,2.5737,259.697,2.41444,28,5,88,5.342,53252.9,2.1574,0.2227,2009
AR,689,2.6267,260.239,2.46969,26,20,18,4.425,54784.1,2.1993,0.2227,2009
AR,690,2.6407,260.783,2.50054,22,19,97,4.747,53739.6,2.3519,0.2227,2009
AR,691,2.6565,261.327,2.46875,32,17,104,4.499,54434.8,2.3992,0.2227,2009
AR,692,2.605,261.873,2.52328,25,4,142,4.242,54254.4,2.4397,0.2227,2009
AR,693,2.5674,262.42,2.43901,35,38,44,3.79,55396.2,2.5053,0.2227,2009
AR,694,2.4661,262.968,2.36707,35,20,111,4.318,54045.1,2.2996,0.2227,2009
AR,695,2.3767,263.518,2.21267,35,22,233,5.254,54552.2,2.5033,0.2227,2009
AR,696,2.6597,264.068,2.31307,22,22,75,5.224,54352.1,2.5093,0.2227,2009
AR,697,2.677,264.62,2.2899,34,26,213,5.698,53691.7,2.2079,0.2227,2009
AR,698,2.7495,265.172,2.28235,36,7,58,5.304,54726.5,2.0413,0.2227,2009
AR,699,2.7524,265.726,2.33092,27,12,137,5.306,54241.8,2.1242,0.2227,2009
AR,700,2.9403,266.281,2.44745,35,5,143,5.235,54471.0,2.2063,0.2227,2009
AR,701,2.9344,266.838,2.4852,25,22,133,4.867,55731.7,2.2709,0.2227,2009
AR,702,2.8945,267.395,2.62921,28,15,128,5.293,55128.2,2.3175,0.2227,2009
AR,703,2.9445,267.953,2.50455,36,22,83,4.422,55873.9,2.2697,0.2227,2009
AR,704,2.9304,268.513,2.51726,24,27,420,4.498,54886.8,2.5069,0.2227,2009
AR,705,2.8334,269.074,2.2965,36,25,123,4.181,54381.8,2.3077,0.2227,2009
AR,706,2.7148,269.636,2.28713,21,20,137,4.647,55316.0,2.394,0.2227,2009
AR,707,2.6863,270.199,2.31321,23,22,116,4.526,55043.9,2.4617,0.2227,2009
AR,708,2.5394,270.764,2.21084,26,26,53,4.226,55049.7,2.3057,0.2227,2009
AR,709,2.6238,271.329,2.23709,29,9,173,4.444,55742.1,2.289,0.2227,2009
AR,710,2.6943,271.896,2.37711,28,6,293,5.524,56125.6,2.0001,0.2227,2009
AR,711,2.7435,272.464,2.43572,23,19,125,5.499,56078.8,2.1969,0.2227,2009
AR,712,2.7996,273.033,2.37455,25,12,142,5.479,55727.9,2.0604,0.2227,2009
AR,713,2.8547,273.603,2.55607,22,22,40,5.117,56011.4,2.0993,0.2227,2009
AR,714,2.8599,274.175,2.55506,37,22,64,4.593,56952.5,2.4481,0.2227,2009
AR,715,2.8537,274.747,2.52061,36,55,71,5.078,55428.1,2.4045,0.2227,2009
AR,716,2.7364,275.321,2.44854,31,14,216,4.968,56105.6,2.3745,0.2227,2009
AR,717,2.7441,275.896,2.47562,27,17,154,4.948,58030.7,2.4955,0.2227,2009
AR,718,2.6987,276.473,2.41131,39,20,67,4.089,56481.9,2.51,0.2227,2009
AR,719,2.6173,277.05,2.27141,35,29,152,5.211,56200.0,2.2489,0.2227,2009
AR,720,2.1511,277.629,2.13356,21,12,396,9.875,56127.4,2.3515,0.2227,2009
AR,721,2.1716,278.209,2.29031,31,27,65,9.995,56561.8,2.357,0.2227,2009
AR,722,2.242,278.79,1.90705,29,6,260,9.394,55914.0,2.2858,0.2227,2009
AR,723,1.9541,279.372,1.59571,38,13,54,10.215,57689.5,2.2159,0.2227,2009
AR,724,1.9764,279.956,1.99016,27,10,247,9.489,57483.5,2.1426,0.2227,2009
AR,725,2.379,280.54,2.21601,34,15,105,9.785,57408.8,2.1432,0.2227,2009
AR,726,2.4037,281.126,2.42912,35,13,453,9.884,57040.8,2.199,0.2227,2009
AR,727,2.412,281.714,2.61642,35,26,199,8.956,57682.4,2.36,0.2227,2009
AR,728,2.335,282.302,2.49482,33,35,276,8.807,57985.0,2.3913,0.2227,2009
AR,729,2.2281,282.892,2.46177,22,18,10,9.345,57201.1,2.3636,0.2227,2009
AR,730,2.1007,283.483,2.46188,43,23,233,9.577,57716.3,2.4771,0.2227,2009
AR,731,2.1621,284.075,2.33093,33,10,30,9.231,57392.8,2.5205,0.2227,2009
AR,732,3.0586,284.668,2.36567,20,18,79,4.675,58245.3,2.185,0.2227,2009
AR,733,3.0902,285.263,2.34949,42,32,92,4.882,57028.6,2.323,0.2227,2009
AR,734,3.1818,285.859,2.38408,17,33,84,5.379,59479.3,2.2927,0.2227,2009
AR,735,3.2605,286.456,2.4185,30,12,62,5.188,59395.7,2.2316,0.2227,2009
AR,736,3.328,287.054,2.56038,26,23,204,5.574,58796.2,2.0928,0.2227,2009
AR,737,3.2962,287.654,2.56007,25,20,67,5.712,59353.9,2.3489,0.2227,2009
AR,738,3.3203,288.254,2.56223,24,45,124,4.735,58711.4,2.5082,0.2227,2009
AR,739,3.3029,288.856,2.58023,27,36,87,4.527,58024.6,2.3495,0.2227,2009
AR,740,3.2977,289.46,2.52563,34,28,160,4.749,59050.0,2.2395,0.2227,2009
AR,741,3.2065,290.064,2.42546,33,7,230,4.453,59512.0,2.6543,0.2227,2009
AR,742,3.1254,290.67,2.32446,34,4,323,4.392,59625.3,2.4198,0.2227,2009
AR,743,3.1089,291.277,2.25698,25,20,127,4.763,60376.1,2.4829,0.2227,2009
AR,744,3.9601,291.886,2.27462,35,9,105,4.031,60355.7,2.2938,0.2227,2009
AR,745,3.9938,292.496,2.23226,26,16,115,4.615,59504.7,2.3211,0.2227,2009
AR,746,4.1145,293.106,2.34708,22,11,95,4.892,59694.1,2.113,0.2227,2009
AR,747,4.1596,293.719,2.41574,27,23,55,5.478,58571.1,2.0826,0.2227,2009
AR,748,4.8622,294.332,2.39847,27,27,93,5.931,60260.7,2.1356,0.2227,2009
AR,749,5.3023,294.947,2.38235,32,12,172,5.712,59566.2,2.1962,0.2227,2009
AR,750,4.3988,295.563,2.44551,28,33,177,5.578,58980.3,2.2507,0.2227,2009
AR,751,4.2982,296.18,2.41191,32,22,232,5.2,60931.2,2.2953,0.2227,2009
AR,752,4.2249,296.799,2.32964,32,9,191,5.249,57864.2,2.496,0.2227,2009
AR,753,4.1948,297.419,2.35064,35,38,186,4.551,58913.8,2.5471,0.2227,2009
AR,754,4.0075,298.04,2.22651,31,22,131,4.021,59585.9,2.4226,0.2227,2009
AR,755,4.0043,298.663,2.26937,30,18,136,4.85,60693.4,2.4395,0.2227,2009
AR,756,3.6506,299.287,2.27822,30,27,67,5.292,59870.2,2.3012,0.2227,2009
AR,757,3.5882,299.912,2.2907,27,24,99,4.551,61085.6,2.1267,0.2227,2009
AR,758,3.6414,300.538,2.30705,24,25,49,4.992,60164.4,2.0325,0.2227,2009
AR,759,3.6149,301.166,2.42518,22,14,31,5.645,60346.1,2.0362,0.2227,2009
AR,760,3.6832,301.795,2.54993,29,8,62,5.427,61544.8,2.1717,0.2227,2009
AR,761,3.7746,302.425,2.71132,23,17,263,4.495,60679.2,2.2429,0.2227,2009
AR,762,3.8175,303.057,2.60499,24,31,19,5.457,60638.1,2.3762,0.2227,2009
AR,763,3.7857,303.69,2.7553,37,34,289,4.975,62952.5,2.3347,0.2227,2009
AR,764,3.7546,304.324,2.54447,22,8,175,4.639,61295.7,2.6318,0.2227,2009
AR,765,3.6744,304.96,2.52611,26,19,155,4.466,61813.7,2.4635,0.2227,2009
AR,766,3.5917,305.597,2.36413,23,37,269,4.463,61232.8,2.4722,0.2227,2009
AR,767,3.4647,306.235,2.30204,32,14,89,5.098,62000.8,2.3693,0.2227,2009
AR,768,3.3456,306.875,2.25732,32,16,97,5.316,60899.9,2.2354,0.2227,2009
AR,769,3.3643,307.516,2.35414,24,12,289,4.745,61371.1,2.2606,0.2227,2009
AR,770,3.3252,308.158,2.41174,35,28,85,5.582,61167.5,2.0864,0.2227,2009
AR,771,3.3759,308.802,2.56319,28,14,93,4.333,61250.8,2.1736,0.2227,2009
AR,772,3.5341,309.447,2.63786,31,22,218,5.534,62337.0,2.1121,0.2227,2009
AR,773,3.4991,310.093,2.68382,26,25,187,4.997,62420.6,2.195,0.2227,2009
AR,774,3.5214,310.741,2.78624,27,39,90,4.213,61982.3,2.2676,0.2227,2009
AR,775,3.5633,311.39,2.76809,35,22,118,4.463,62526.7,2.3453,0.2227,2009
AR,776,3.5153,312.041,2.60099,33,15,112,4.091,61093.5,2.5077,0.2227,2009
AR,777,3.4835,312.692,2.61049,24,53,333,3.732,61942.4,2.4502,0.2227,2009
AR,778,3.3973,313.345,2.53418,24,30,73,4.603,60931.8,2.2732,0.2227,2009
AR,779,3.3794,314.0,2.50119,32,37,131,4.717,62750.3,2.2857,0.2227,2009
CA,540,2.517,190.7,18.37597,316,264,1062,5.14,42645.2,2.4601,0.4247,2004
CA,541,2.5492,191.098,17.6909,319,168,1461,5.381,42491.1,2.2076,0.4247,2004
CA,542,2.5942,191.497,18.27277,284,146,659,5.205,41641.4,2.1275,0.4247,2004
CA,543,2.6117,191.897,18.70699,301,39,835,4.755,41824.5,2.2397,0.4247,2004
CA,544,2.6988,192.298,20.36234,281,106,747,5.896,42278.9,2.2225,0.4247,2004
CA,545,2.7685,192.7,20.91188,300,244,819,4.896,42187.4,2.2147,0.4247,2004
CA,546,2.7517,193.102,21.01741,275,303,1686,4.838,43424.7,2.2678,0.4247,2004
CA,547,2.735,193.506,21.2591,327,114,864,4.917,42365.1,2.3641,0.4247,2004
CA,548,2.7677,193.91,20.31505,316,77,506,3.814,42444.5,2.3198,0.4247,2004
CA,549,2.6052,194.315,19.7518,360,247,2435,5.167,42610.5,2.4958,0.4247,2004
CA,550,2.493,194.721,18.95907,332,269,313,4.823,42708.4,2.412,0.4247,2004
CA,551,2.4836,195.128,18.68029,317,55,923,4.445,42519.0,2.2146,0.4247,2004
CA,552,2.8434,195.535,18.971,303,141,2968,4.476,43689.2,2.2031,0.4247,2004
CA,553,2.9301,195.944,18.95695,307,165,463,5.003,43295.4,2.2678,0.4247,2004
CA,554,2.9182,196.353,18.54098,277,148,445,5.396,42563.3,2.2802,0.4247,2004
CA,555,2.9957,196.763,19.43409,267,22,886,5.514,43437.3,2.0118,0.4247,2004
CA,556,3.0463,197.174,20.65621,268,106,1219,4.801,44080.1,2.1402,0.4247,2004
CA,557,3.0905,197.586,20.81781,284,49,878,4.102,42938.3,2.1343,0.4247,2004
CA,558,3.0602,197.999,20.47518,326,205,1799,5.668,43679.1,2.2963,0.4247,2004
CA,559,3.0575,198.412,20.22905,323,396,2866,5.218,42843.0,2.4879,0.4247,2004
CA,560,2.9765,198.827,19.93334,310,166,543,4.964,43365.8,2.5214,0.4247,2004
CA,561,2.9483,199.242,19.12934,339,116,969,4.16,42752.5,2.3914,0.4247,2004
CA,562,2.8787,199.658,19.28901,338,159,1006,4.302,43670.4,2.3255,0.4247,2004
CA,563,2.8333,200.075,18.84116,276,184,702,4.917,44052.6,2.4654,0.4247,2004
CA,564,3.028,200.493,18.48488,290,192,602,4.898,44629.0,2.2033,0.4247,2004
CA,565,3.0054,200.912,19.16758,273,103,446,4.526,44473.1,2.2391,0.4247,2004
CA,566,3.1376,201.331,19.18252,277,194,1347,5.596,43232.6,2.1357,0.4247,2004
CA,567,3.2777,201.752,19.094,244,133,959,5.598,43742.1,2.1958,0.4247,2004
CA,568,3.3252,202.173,20.07111,290,163,1349,5.253,44024.3,2.0597,0.4247,2004
CA,569,3.2667,202.596,20.80264,328,194,331,4.694,44271.3,2.2771,0.4247,2004
CA,570,3.2311,203.019,20.94444,278,131,817,4.895,44938.3,2.2412,0.4247,2004
CA,571,3.2323,203.443,21.72319,262,90,579,4.284,44066.3,2.5448,0.4247,2004
CA,572,3.263,203.868,19.92496,302,57,988,4.632,44119.9,2.4245,0.4247,2004
CA,573,3.175,204.294,19.25531,325,136,1929,4.192,44893.4,2.3878,0.4247,2004
CA,574,3.2066,204.72,18.83589,289,144,1785,4.795,44224.0,2.3568,0.4247,2004
CA,575,3.078,205.148,18.39346,318,108,899,4.337,44858.1,2.2608,0.4247,2004
CA,576,3.7052,205.576,17.40402,284,158,1082,7.999,42991.2,2.4309,0.4247,2004
CA,577,3.6881,206.006,16.94007,301,29,1420,8.414,43842.4,2.3119,0.4247,2004
CA,578,3.6739,206.436,18.07092,270,197,648,7.538,44145.2,2.4333,0.4247,2004
CA,579,3.8237,206.867,18.93414,261,91,1305,7.201,42981.0,2.2985,0.4247,2004
CA,580,3.9159,207.299,19.05412,285,244,990,7.326,44100.9,2.4717,0.4247,2004
CA,581,4.7051,207.732,19.90574,278,291,254,7.666,44686.4,2.3626,0.4247,2004
CA,582,4.69,208.166,19.57379,271,241,624,7.188,42803.4,2.4166,0.4247,2004
CA,583,3.9412,208.601,19.47174,313,27,1178,7.096,45358.1,2.5976,0.4247,2004
CA,584,3.8068,209.037,18.89506,347,96,1606,7.835,43718.4,2.4935,0.4247,2004
CA,585,3.8424,209.474,18.35297,304,109,768,7.133,43618.2,2.6278,0.4247,2004
CA,586,2.547,209.911,18.10731,316,402,986,8.435,44024.4,2.6561,0.4247,2004
CA,587,1.9868,210.35,18.61443,358,192,939,7.767,43938.5,2.6046,0.4247,2004
CA,588,2.6196,210.789,18.60214,316,44,1316,7.907,44322.6,2.3207,0.4247,2004
CA,589,2.6242,211.229,18.40429,296,163,1872,8.299,43690.5,2.5593,0.4247,2004
CA,590,2.6876,211.67,19.85695,273,128,3922,7.927,44938.2,2.4862,0.4247,2004
CA,591,2.7962,212.113,20.07524,261,189,1961,8.698,43952.3,2.3334,0.4247,2004
CA,592,2.7873,212.556,20.38841,235,15,483,7.941,43747.1,2.4298,0.4247,2004
CA,593,2.8781,213.0,20.58052,264,130,2202,8.189,45003.4,2.3991,0.4247,2004
CA,594,2.865,213.444,22.40449,341,200,1744,7.547,44279.2,2.4815,0.4247,2004
CA,595,2.8006,213.89,21.55771,328,250,1207,7.663,45307.5,2.5036,0.4247,2004
CA,596,2.7237,214.337,20.42204,344,169,299,7.509,44565.5,2.6808,0.4247,2004
CA,597,2.6696,214.785,20.57756,387,263,1462,7.193,44569.3,2.6214,0.4247,2004
CA,598,2.6166,215.233,19.26759,300,338,1122,7.222,44392.8,2.5835,0.4247,2004
CA,599,2.6362,215.683,19.93201,302,149,273,7.1,44957.1,2.4655,0.4247,2004
CA,600,3.1513,216.133,17.91351,335,205,779,8.257,46175.3,2.558,0.4247,2004
CA,601,3.1962,216.585,18.85331,308,201,731,8.68,45054.1,2.3007,0.4247,2004
CA,602,3.2167,217.037,18.97436,301,377,723,8.794,45276.6,2.4938,0.4247,2004
CA,603,3.139,217.491,19.53624,279,73,637,8.676,44371.6,2.3396,0.4247,2004
CA,604,3.2938,217.945,20.2129,272,138,550,7.347,45344.1,2.36,0.4247,2004
CA,605,3.3483,218.4,20.61819,273,161,1232,7.955,45731.8,2.4625,0.4247,2004
CA,606,3.3241,218.856,22.39097,304,376,3039,7.472,45972.6,2.4479,0.4247,2004
CA,607,3.2518,219.313,21.05015,309,124,1188,8.078,45204.6,2.5761,0.4247,2004
CA,608,3.2592,219.772,20.7127,323,194,889,7.353,45655.5,2.7884,0.4247,2004
CA,609,3.2634,220.231,19.5176,288,109,499,7.814,45451.9,2.5837,0.4247,2004
CA,610,3.1876,220.691,19.93945,328,183,1659,7.38,46663.8,2.7261,0.4247,2004
CA,611,3.0991,221.152,18.71416,285,337,1116,7.668,45716.7,2.5762,0.4247,2004
CA,612,3.9131,221.614,19.8762,293,181,1716,4.676,47112.5,2.269,0.4247,2004
CA,613,3.8964,222.076,19.4679,272,188,663,5.108,46971.5,2.2642,0.4247,2004
CA,614,4.0216,222.54,20.42885,261,364,644,4.937,46382.3,2.3965,0.4247,2004
CA,615,4.0959,223.005,20.48233,244,112,868,5.568,47255.7,2.2668,0.4247,2004
CA,616,4.0223,223.471,21.50322,270,111,982,4.501,48577.7,2.246,0.4247,2004
CA,617,4.1514,223.938,21.70671,268,152,769,4.621,48574.7,2.1545,0.4247,2004
CA,618,4.2049,224.405,21.72096,287,98,1441,5.197,47359.3,2.2471,0.4247,2004
CA,619,4.1894,224.874,21.76634,248,280,439,5.188,48312.3,2.4075,0.4247,2004
CA,620,4.1882,225.344,21.87082,313,220,882,4.633,47690.7,2.3477,0.4247,2004
CA,621,4.0323,225.815,20.53793,303,216,221,4.487,48083.7,2.5042,0.4247,2004
CA,622,3.9602,226.286,20.24953,304,227,573,5.076,47982.8,2.3376,0.4247,2004
CA,623,3.937,226.759,19.31156,284,240,774,4.353,48112.0,2.2686,0.4247,2004
CA,624,4.0333,227.233,18.3686,332,136,1016,5.289,48260.4,2.2074,0.4247,2004
CA,625,4.0219,227.707,18.70532,272,103,864,5.258,48153.9,2.1589,0.4247,2004
CA,626,4.0829,228.183,19.79396,259,123,849,5.254,48927.5,2.1617,0.4247,2004
CA,627,4.301,228.659,19.2768,251,178,230,5.284,48014.7,2.1534,0.4247,2004
CA,628,4.4555,229.137,20.60116,229,234,1260,5.052,48956.0,2.0884,0.4247,2004
CA,629,4.5075,229.616,21.50142,258,249,775,5.454,48602.5,2.1403,0.4247,2004
CA,630,4.3511,230.095,22.25623,277,54,875,4.719,48695.7,2.3243,0.4247,2004
CA,631,4.3364,230.576,21.55914,292,150,1465,4.686,48707.2,2.4518,0.4247,2004
CA,632,4.2427,231.057,21.30101,322,78,1597,4.548,48017.7,2.5886,0.4247,2004
CA,633,4.1285,231.54,21.17893,271,220,986,4.142,50320.3,2.5266,0.4247,2004
CA,634,4.0822,232.024,20.07909,307,234,697,5.045,49286.4,2.4772,0.4247,2004
CA,635,3.9762,232.508,19.389,344,130,2020,5.515,48965.5,2.4535,0.4247,2004
CA,636,3.8731,232.994,19.6128,306,147,1412,4.818,49362.6,2.3699,0.4247,2004
CA,637,3.937,233.481,19.21597,325,133,735,5.232,50080.5,2.1909,0.4247,2004
CA,638,4.064,233.968,19.80099,240,125,633,5.879,50280.6,2.2416,0.4247,2004
CA,639,4.0537,234.457,20.21547,330,267,700,5.546,49587.8,2.2114,0.4247,2004
CA,640,4.1944,234.947,21.14342,252,165,519,5.281,48527.4,2.0818,0.4247,2004
CA,641,4.1783,235.438,22.72585,231,175,965,5.265,49859.6,2.2523,0.4247,2004
CA,642,4.1799,235.929,22.08504,258,209,306,5.003,49967.5,2.1772,0.4247,2004
CA,643,4.2181,236.422,21.82702,281,122,1461,4.451,49627.2,2.338,0.4247,2004
CA,644,4.0475,236.916,21.72903,297,67,530,5.063,49408.3,2.4233,0.4247,2004
CA,645,4.0261,237.411,21.29043,312,142,1269,4.494,50255.8,2.3602,0.4247,2004
CA,646,4.009,237.907,19.68998,309,196,1400,4.634,50361.7,2.4415,0.4247,2004
CA,647,3.9205,238.404,20.04823,298,323,1518,5.191,51281.3,2.3697,0.4247,2004
CA,648,3.7702,238.902,19.52678,307,360,3943,4.86,48745.6,2.397,0.4247,2004
CA,649,3.6825,239.401,19.48291,259,45,1494,5.996,50527.7,2.1467,0.4247,2004
CA,650,3.6844,239.901,20.81329,269,184,3003,5.392,51155.4,2.151,0.4247,2004
CA,651,3.8095,240.402,21.66424,272,186,685,5.451,49993.6,2.158,0.4247,2004
CA,652,3.9631,240.904,22.08292,263,122,322,4.876,50023.9,2.229,0.4247,2004
CA,653,4.1693,241.407,22.67559,257,94,1058,5.095,51274.7,2.2414,0.4247,2004
CA,654,4.0025,241.911,23.62514,281,67,462,5.489,51112.4,2.2693,0.4247,2004
CA,655,3.9449,242.417,22.34159,307,160,1027,4.892,50274.6,2.3761,0.4247,2004
CA,656,3.9375,242.923,22.16525,319,285,1366,4.932,49815.1,2.4803,0.4247,2004
CA,657,4.0025,243.43,21.92293,320,127,1090,4.484,49808.0,2.3528,0.4247,2004
CA,658,3.825,243.939,21.26359,344,208,959,3.89,51311.8,2.3757,0.4247,2004
CA,659,3.6969,244.448,20.4761,315,107,1338,5.604,50881.7,2.3358,0.4247,2004
CA,660,2.433,244.959,20.89121,362,31,672,5.269,51788.3,2.4689,0.4247,2004
CA,661,2.659,245.471,21.84205,314,47,1162,4.895,52213.6,2.2772,0.4247,2004
CA,662,2.7481,245.983,22.73134,263,214,984,5.387,51311.9,2.3375,0.4247,2004
CA,663,2.8438,246.497,23.84996,253,147,926,5.733,52099.9,2.1008,0.4247,2004
CA,664,2.9377,247.012,23.27199,315,228,2143,5.519,50642.2,2.0829,0.4247,2004
CA,665,2.96,247.528,25.16305,305,145,663,5.282,52540.0,2.2251,0.4247,2004
CA,666,2.9653,248.045,25.15763,344,243,264,5.155,51731.4,2.1143,0.4247,2004
CA,667,2.9105,248.563,24.55904,333,144,442,4.742,51245.0,2.497,0.4247,2004
CA,668,2.883,249.082,24.17508,365,323,1319,4.775,51242.6,2.6095,0.4247,2004
CA,669,2.8668,249.603,22.98565,357,225,2118,5.141,51492.1,2.5192,0.4247,2004
CA,670,2.8163,250.124,22.76549,366,122,1256,4.002,52605.8,2.3869,0.4247,2004
CA,671,2.756,250.646,22.64139,300,295,2291,4.307,52286.9,2.3108,0.4247,2004
CA,672,2.3831,251.17,22.13234,287,203,1178,4.736,52218.7,2.3101,0.4247,2004
CA,673,2.3055,251.694,22.99315,373,94,1054,5.555,52483.5,2.172,0.4247,2004
CA,674,2.4471,252.22,22.79025,265,67,1865,5.508,52873.6,2.2479,0.4247,2004
CA,675,2.4038,252.747,23.94565,263,184,1798,5.259,52679.5,2.1752,0.4247,2004
CA,676,2.5414,253.275,24.93211,309,115,2521,6.084,51941.5,2.2468,0.4247,2004
CA,677,2.5788,253.804,25.58024,302,111,808,4.778,52793.1,2.2633,0.4247,2004
CA,678,2.6094,254.334,25.23115,300,300,862,5.159,53641.1,2.414,0.4247,2004
CA,679,2.6323,254.865,26.63736,303,194,1570,4.589,53642.0,2.3396,0.4247,2004
CA,680,2.4899,255.398,25.53822,338,308,1159,4.588,52801.4,2.3949,0.4247,2004
CA,681,2.4598,255.931,24.15257,332,278,666,5.046,53528.4,2.447,0.4247,2004
CA,682,2.4046,256.466,24.45125,309,260,1185,3.837,53598.8,2.3365,0.4247,2004
CA,683,2.3428,257.001,23.75482,346,253,1109,4.592,53677.8,2.5137,0.4247,2004
CA,684,2.6617,257.538,23.42702,245,401,2222,4.746,51886.3,2.2905,0.4247,2004
CA,685,2.7179,258.076,23.22738,276,81,2136,4.288,53202.6,2.2458,0.4247,2004
CA,686,2.7975,258.615,22.80053,298,198,2300,5.727,53534.7,2.2527,0.4247,2004
CA,687,2.7968,259.155,24.24504,297,84,1328,5.761,53443.7,2.1819,0.4247,2004
CA,688,2.8886,259.697,25.12958,283,35,1479,4.84,54748.7,2.2004,0.4247,2004
CA,689,2.8845,260.239,26.11649,292,212,746,5.093,53798.5,2.219,0.4247,2004
CA,690,2.8831,260.783,25.78856,300,252,2518,4.762,54348.3,2.2517,0.4247,2004
CA,691,2.8805,261.327,26.05887,311,371,627,5.004,53646.4,2.2983,0.4247,2004
CA,692,2.8278,261.873,25.51571,333,199,4900,5.389,53557.9,2.3892,0.4247,2004
CA,693,2.7697,262.42,24.29841,318,199,1224,4.317,53517.8,2.3897,0.4247,2004
CA,694,2.7523,262.968,24.2529,294,189,622,4.913,55350.2,2.4257,0.4247,2004
CA,695,2.7231,263.518,23.31708,306,94,820,4.456,55479.4,2.3782,0.4247,2004
CA,696,3.0339,264.068,23.29197,276,202,1125,4.883,54499.2,2.2112,0.4247,2004
CA,697,3.0733,264.62,23.31153,270,270,3207,5.187,54677.6,2.151,0.4247,2004
CA,698,3.0544,265.172,23.64841,283,212,1779,5.245,54794.8,2.1719,0.4247,2004
CA,699,3.2086,265.726,25.32309,266,276,433,5.504,54638.4,2.1322,0.4247,2004
CA,700,3.1798,266.281,24.26186,300,208,1802,5.375,54733.5,2.1839,0.4247,2004
CA,701,3.2482,266.838,24.98644,319,208,1918,5.464,55354.5,2.2827,0.4247,2004
CA,702,3.3232,267.395,25.70649,265,217,1819,5.108,55807.2,2.2534,0.4247,2004
CA,703,3.2745,267.953,26.08973,340,151,84,4.45,55853.4,2.3896,0.4247,2004
CA,704,3.2568,268.513,24.78545,306,265,3258,5.472,55688.2,2.385,0.4247,2004
CA,705,3.2112,269.074,24.14945,343,41,702,4.917,54612.5,2.4305,0.4247,2004
CA,706,3.0994,269.636,22.81889,329,332,867,4.694,55462.9,2.4149,0.4247,2004
CA,707,3.0944,270.199,23.25699,351,207,1532,4.772,54984.2,2.3515,0.4247,2004
CA,708,2.8834,270.764,22.7728,304,157,1352,4.825,56201.7,2.3858,0.4247,2004
CA,709,2.8601,271.329,23.48865,272,284,1213,4.512,54062.8,2.1984,0.4247,2004
CA,710,2.9273,271.896,23.86346,292,198,1277,5.494,56059.5,2.0375,0.4247,2004
CA,711,3.0498,272.464,24.07412,256,134,2008,5.444,55635.6,2.0627,0.4247,2004
CA,712,3.0991,273.033,26.34792,316,116,549,5.924,56540.1,2.1816,0.4247,2004
CA,713,3.1792,273.603,26.56636,325,429,698,5.317,55995.0,2.2735,0.4247,2004
CA,714,3.1913,274.175,27.62511,317,93,3368,4.831,57012.4,2.3926,0.4247,2004
CA,715,3.1259,274.747,26.59263,388,393,1410,4.598,56645.2,2.4244,0.4247,2004
CA,716,3.1593,275.321,25.91753,333,149,1110,5.552,55263.3,2.4005,0.4247,2004
CA,717,3.0157,275.896,25.62104,359,285,2417,4.502,56428.1,2.4164,0.4247,2004
CA,718,2.9606,276.473,24.76177,347,310,927,3.822,56408.1,2.3683,0.4247,2004
CA,719,2.778,277.05,23.58043,330,190,1529,5.075,56338.5,2.4357,0.4247,2004
CA,720,2.3618,277.629,22.97346,357,252,1589,9.663,57889.7,2.4176,0.4247,2004
CA,721,2.3964,278.209,23.22621,312,223,2663,9.904,56940.1,2.218,0.4247,2004
CA,722,2.371,278.79,20.31273,310,96,641,9.554,56943.5,2.1095,0.4247,2004
CA,723,2.0653,279.372,17.44978,332,108,260,9.638,58310.7,2.2322,0.4247,2004
CA,724,2.1168,279.956,19.91494,331,278,818,9.862,57104.6,2.1421,0.4247,2004
CA,725,2.5855,280.54,23.57606,310,103,1726,9.446,57004.1,2.1702,0.4247,2004
CA,726,2.6057,281.126,24.5633,353,162,1478,9.606,56895.0,2.4406,0.4247,2004
CA,727,2.5333,281.714,26.82716,351,293,1064,9.42,57365.5,2.451,0.4247,2004
CA,728,2.4809,282.302,25.7298,382,122,2113,9.375,56358.4,2.4821,0.4247,2004
CA,729,2.4759,282.892,26.81138,360,310,839,8.716,58677.4,2.3594,0.4247,2004
CA,730,2.432,283.483,24.34624,313,261,2701,9.792,57928.9,2.5404,0.4247,2004
CA,731,2.4315,284.075,24.67603,357,400,1751,9.941,57661.4,2.3972,0.4247,2004
CA,732,3.4785,284.668,24.02011,309,487,814,5.301,57782.0,2.3445,0.4247,2004
CA,733,3.3919,285.263,24.40472,225,186,1075,5.278,57435.8,2.2039,0.4247,2004
CA,734,3.4416,285.859,25.07499,290,201,3032,5.429,59232.1,2.0753,0.4247,2004
CA,735,3.4997,286.456,25.62975,271,53,2123,5.354,58243.6,2.1624,0.4247,2004
CA,736,3.4931,287.054,25.8586,280,361,304,5.032,57695.6,2.0908,0.4247,2004
CA,737,3.5573,287.654,26.66709,244,250,2120,4.741,58689.3,2.2195,0.4247,2004
CA,738,3.6148,288.254,27.35023,311,110,574,5.162,59164.1,2.3781,0.4247,2004
CA,739,3.6143,288.856,26.42969,298,327,891,5.316,57364.9,2.3608,0.4247,2004
CA,740,3.5942,289.46,25.83411,341,314,413,4.966,58425.6,2.4436,0.4247,2004
CA,741,3.5231,290.064,25.56481,313,228,2533,4.946,59328.8,2.4349,0.4247,2004
CA,742,3.4478,290.67,25.1103,358,271,1074,4.423,58871.8,2.5175,0.4247,2004
CA,743,3.3264,291.277,24.54032,320,241,1536,4.202,59137.5,2.2931,0.4247,2004
CA,744,4.4741,291.886,24.28695,285,142,1813,4.665,59149.8,2.3387,0.4247,2004
CA,745,4.537,292.496,22.51761,234,262,2278,5.462,58283.6,2.1769,0.4247,2004
CA,746,4.4723,293.106,23.37202,277,153,1929,5.079,59134.3,2.2124,0.4247,2004
CA,747,4.5675,293.719,24.36868,231,237,1873,5.304,59192.8,2.1572,0.4247,2004
CA,748,5.1652,294.332,25.16141,234,97,1993,4.717,59065.9,2.2195,0.4247,2004
CA,749,5.6359,294.947,25.25386,269,277,1318,4.651,58122.6,2.3612,0.4247,2004
CA,750,4.7141,295.563,25.67292,311,202,1631,5.074,60860.2,2.4156,0.4247,2004
CA,751,4.7096,296.18,25.77695,289,151,2156,5.004,60215.6,2.4584,0.4247,2004
CA,752,4.6621,296.799,24.70957,281,360,1004,4.937,59171.6,2.3862,0.4247,2004
CA,753,4.5529,297.419,23.49528,377,164,1198,5.105,59543.7,2.4589,0.4247,2004
CA,754,4.4837,298.04,23.53719,259,74,599,4.287,60189.3,2.3388,0.4247,2004
CA,755,4.5077,298.663,23.32808,300,233,932,4.34,59274.0,2.2854,0.4247,2004
CA,756,3.9184,299.287,23.06473,291,119,493,5.38,61252.0,2.2849,0.4247,2004
CA,757,3.9615,299.912,23.76429,235,148,329,5.388,61552.4,2.1623,0.4247,2004
CA,758,4.1058,300.538,24.35762,302,127,475,5.322,61670.1,2.2686,0.4247,2004
CA,759,4.1709,301.166,25.32793,234,192,1752,5.03,59838.7,2.0632,0.4247,2004
CA,760,4.1998,301.795,26.50294,249,87,1640,5.0,60702.7,2.1202,0.4247,2004
CA,761,4.1435,302.425,26.5785,299,316,1742,5.102,59966.9,2.243,0.4247,2004
CA,762,4.281,303.057,26.27299,273,370,681,5.385,60563.7,2.3921,0.4247,2004
CA,763,4.2812,303.69,27.58263,311,311,1613,5.022,61818.1,2.3256,0.4247,2004
CA,764,4.1661,304.324,27.0889,307,238,3321,4.193,61982.2,2.4819,0.4247,2004
CA,765,4.0998,304.96,25.18807,342,173,633,4.91,59818.6,2.5005,0.4247,2004
CA,766,4.0239,305.597,24.21882,329,346,2612,5.045,61483.9,2.4714,0.4247,2004
CA,767,3.9999,306.235,23.86375,245,186,381,4.737,62070.3,2.3872,0.4247,2004
CA,768,3.6886,306.875,24.13203,293,93,341,5.35,61826.3,2.4078,0.4247,2004
CA,769,3.8001,307.516,24.48196,266,95,3258,5.249,62456.3,2.3949,0.4247,2004
CA,770,3.8136,308.158,25.8237,233,146,2721,5.066,62086.1,2.2598,0.4247,2004
CA,771,3.8597,308.802,25.19696,268,417,2951,5.351,62044.7,2.1317,0.4247,2004
CA,772,3.7991,309.447,26.45853,259,155,1303,5.369,62149.4,2.051,0.4247,2004
CA,773,3.8207,310.093,28.30789,269,402,997,4.567,62610.5,2.2962,0.4247,2004
CA,774,3.8278,310.741,28.31945,380,385,898,4.538,61750.6,2.2919,0.4247,2004
CA,775,3.8258,311.39,27.69981,349,199,1671,5.621,61595.7,2.3535,0.4247,2004
CA,776,3.8646,312.041,27.31804,344,345,758,4.917,61712.2,2.3944,0.4247,2004
CA,777,3.854,312.692,26.23323,323,222,567,5.057,61443.2,2.5136,0.4247,2004
CA,778,3.7028,313.345,25.4209,334,157,425,4.376,62495.7,2.3385,0.4247,2004
CA,779,3.6241,314.0,23.97943,310,220,1068,4.599,62161.8,2.4129,0.4247,2004
CO,540,2.2635,190.7,1.59346,34,12,27,4.986,42650.9,2.3728,0.0431,2009
CO,541,2.2902,191.098,1.56836,25,12,28,4.942,42168.0,2.0891,0.0431,2009
CO,542,2.3021,191.497,1.64589,24,4,21,5.597,41910.9,2.1074,0.0431,2009
CO,543,2.3832,191.897,1.65759,21,18,29,4.696,42167.7,2.2137,0.0431,2009
CO,544,2.4686,192.298,1.67872,16,12,197,5.809,42086.1,2.1679,0.0431,2009
CO,545,2.4564,192.7,1.83907,21,23,129,4.591,42568.2,2.232,0.0431,2009
CO,546,2.5158,193.102,1.75861,29,19,159,5.226,41837.0,2.2098,0.0431,2009
CO,547,2.5565,193.506,1.87588,22,2,184,4.407,43151.4,2.3918,0.0431,2009
CO,548,2.4486,193.91,1.72985,28,13,161,5.327,41865.9,2.445,0.0431,2009
CO,549,2.4026,194.315,1.66142,23,10,377,4.341,41616.4,2.503,0.0431,2009
CO,550,2.3295,194.721,1.61578,32,28,95,4.819,42565.1,2.3551,0.0431,2009
CO,551,2.2377,195.128,1.54806,25,5,46,5.647,42357.2,2.3302,0.0431,2009
CO,552,2.4809,195.535,1.55964,31,7,107,4.827,42652.3,2.2872,0.0431,2009
CO,553,2.5653,195.944,1.62703,37,2,150,4.857,42005.0,1.96,0.0431,2009
CO,554,2.607,196.353,1.60869,25,27,47,5.655,42272.0,2.3155,0.0431,2009
CO,555,2.6808,196.763,1.70847,19,11,109,4.479,43393.9,2.192,0.0431,2009
CO,556,2.7277,197.174,1.71599,20,16,37,5.317,45075.4,2.2796,0.0431,2009
CO,557,2.7846,197.586,1.8483,23,8,34,4.847,43997.9,2.3207,0.0431,2009
CO,558,2.8878,197.999,1.74064,19,14,72,4.617,43426.5,2.2845,0.0431,2009
CO,559,2.7444,198.412,1.81095,27,7,198,4.472,44488.7,2.5107,0.0431,2009
CO,560,2.7962,198.827,1.66216,28,22,115,5.655,43153.0,2.3428,0.0431,2009
CO,561,2.7465,199.242,1.64531,37,5,78,4.682,42891.2,2.468,0.0431,2009
CO,562,2.6653,199.658,1.66096,14,20,93,4.959,43216.8,2.439,0.0431,2009
CO,563,2.4984,200.075,1.59935,33,7,114,4.651,42450.0,2.3991,0.0431,2009
CO,564,2.7063,200.493,1.54994,28,19,41,6.142,43370.1,2.4091,0.0431,2009
CO,565,2.7877,200.912,1.63849,35,4,87,4.82,43112.7,2.2881,0.0431,2009
CO,566,2.7164,201.331,1.6282,28,3,89,5.504,43485.5,2.1781,0.0431,2009
CO,567,2.8726,201.752,1.67706,23,5,26,4.78,43414.8,2.1652,0.0431,2009
CO,568,2.9355,202.173,1.71382,26,7,54,4.834,43744.0,2.169,0.0431,2009
CO,569,2.9869,202.596,1.71528,13,20,96,5.586,43271.3,2.3035,0.0431,2009
CO,570,3.0969,203.019,1.80756,28,5,68,5.536,43840.1,2.2815,0.0431,2009
CO,571,3.0833,203.443,1.7696,28,23,107,4.661,43937.8,2.3849,0.0431,2009
CO,572,2.9474,203.868,1.70134,35,12,147,4.708,44218.4,2.3896,0.0431,2009
CO,573,2.9627,204.294,1.70164,24,23,84,4.829,43656.2,2.2997,0.0431,2009
CO,574,2.9043,204.72,1.59712,29,5,89,5.021,44860.6,2.3734,0.0431,2009
CO,575,2.8911,205.148,1.59601,25,20,55,4.731,44186.9,2.329,0.0431,2009
CO,576,3.2712,205.576,1.54283,20,14,28,7.54,44142.6,2.5761,0.0431,2009
CO,577,3.2393,206.006,1.5107,19,9,48,8.045,42899.6,2.3539,0.0431,2009
CO,578,3.3662,206.436,1.5684,26,17,66,8.701,43708.1,2.4555,0.0431,2009
CO,579,3.4871,206.867,1.61245,25,8,43,7.956,43831.3,2.3967,0.0431,2009
CO,580,3.4781,207.299,1.63945,17,8,67,7.888,43675.4,2.3118,0.0431,2009
CO,581,4.2657,207.732,1.71449,18,29,30,7.939,43257.1,2.4796,0.0431,2009
CO,582,4.3524,208.166,1.65159,27,9,181,7.126,44152.1,2.5111,0.0431,2009
CO,583,3.5664,208.601,1.6152,24,11,43,7.667,44048.4,2.6115,0.0431,2009
CO,584,3.4962,209.037,1.66422,33,2,65,8.052,43759.2,2.7213,0.0431,2009
CO,585,3.3535,209.474,1.57766,33,9,73,8.124,43127.6,2.7404,0.0431,2009
CO,586,2.2545,209.911,1.61535,33,14,77,7.073,45247.5,2.6981,0.0431,2009
CO,587,1.7186,210.35,1.6033,31,20,319,7.535,43667.4,2.4893,0.0431,2009
CO,588,2.3081,210.789,1.58168,30,18,245,8.513,43286.9,2.5103,0.0431,2009
CO,589,2.3137,211.229,1.67093,28,20,52,7.643,44021.3,2.5164,0.0431,2009
CO,590,2.4261,211.67,1.6324,32,16,125,8.265,44370.8,2.2897,0.0431,2009
CO,591,2.4508,212.113,1.7296,31,8,123,8.28,44376.2,2.4356,0.0431,2009
CO,592,2.4582,212.556,1.82461,25,20,89,7.344,44021.6,2.4857,0.0431,2009
CO,593,2.5567,213.0,1.86823,30,6,105,7.859,44840.3,2.3717,0.0431,2009
CO,594,2.6041,213.444,1.86903,19,30,193,7.995,45053.6,2.3846,0.0431,2009
CO,595,2.5339,213.89,1.79597,23,18,107,7.352,44595.6,2.6558,0.0431,2009
CO,596,2.5243,214.337,1.81054,29,22,101,7.256,44063.8,2.7845,0.0431,2009
CO,597,2.4384,214.785,1.70257,32,10,69,7.262,45095.2,2.7908,0.0431,2009
CO,598,2.3709,215.233,1.65538,41,32,75,7.838,45455.3,2.8315,0.0431,2009
CO,599,2.296,215.683,1.68344,26,5,59,6.6,44760.6,2.4606,0.0431,2009
CO,600,2.7931,216.133,1.66745,23,20,68,8.224,45326.8,2.4062,0.0431,2009
CO,601,2.7159,216.585,1.6446,23,31,32,8.262,44396.3,2.5468,0.0431,2009
CO,602,2.8297,217.037,1.69608,26,14,109,7.919,44704.5,2.3047,0.0431,2009
CO,603,2.8922,217.491,1.74729,29,7,59,7.996,45309.0,2.2723,0.0431,2009
CO,604,2.9389,217.945,1.74873,23,15,79,8.33,44963.1,2.3311,0.0431,2009
CO,605,2.9581,218.4,1.82266,22,12,34,8.117,45508.7,2.4374,0.0431,2009
CO,606,3.0509,218.856,1.77509,29,18,115,7.179,45341.0,2.4445,0.0431,2009
CO,607,3.0584,219.313,1.7878,29,8,179,7.885,44981.7,2.5239,0.0431,2009
CO,608,2.964,219.772,1.79874,16,8,244,7.297,46135.7,2.6596,0.0431,2009
CO,609,2.9007,220.231,1.65437,23,29,95,7.345,45659.2,2.6282,0.0431,2009
CO,610,2.8537,220.691,1.69412,38,11,89,7.692,45681.4,2.5263,0.0431,2009
CO,611,2.8424,221.152,1.60595,29,15,321,6.677,46393.3,2.5409,0.0431,2009
CO,612,3.5661,221.614,1.67268,23,6,54,5.195,48125.7,2.2724,0.0431,2009
CO,613,3.5829,222.076,1.61371,28,12,129,6.038,47389.2,2.3788,0.0431,2009
CO,614,3.6341,222.54,1.67284,20,11,128,5.492,47244.1,2.1523,0.0431,2009
CO,615,3.6367,223.005,1.70882,26,16,37,5.017,47541.7,2.1482,0.0431,2009
CO,616,3.6553,223.471,1.85885,23,28,88,5.012,48318.8,2.2997,0.0431,2009
CO,617,3.7642,223.938,1.83406,27,25,95,5.104,48329.2,2.1626,0.0431,2009
CO,618,3.7804,224.405,1.83231,28,17,169,5.092,47286.6,2.3415,0.0431,2009
CO,619,3.8209,224.874,1.80611,40,35,74,4.534,48044.5,2.4449,0.0431,2009
CO,620,3.8118,225.344,1.82927,27,19,145,3.874,48270.8,2.3782,0.0431,2009
CO,621,3.7044,225.815,1.75137,35,27,101,4.394,47987.8,2.4337,0.0431,2009
CO,622,3.5175,226.286,1.68274,22,19,128,4.639,47436.0,2.4426,0.0431,2009
CO,623,3.4967,226.759,1.65029,24,6,109,4.508,48706.7,2.3366,0.0431,2009
CO,624,3.5694,227.233,1.6547,19,5,160,4.846,47817.6,2.2532,0.0431,2009
CO,625,3.5938,227.707,1.61393,29,6,99,5.235,48223.0,2.1995,0.0431,2009
CO,626,3.6388,228.183,1.70076,34,23,64,5.137,49358.3,2.1203,0.0431,2009
CO,627,3.7901,228.659,1.75816,14,8,184,5.385,49769.5,2.1256,0.0431,2009
CO,628,3.8281,229.137,1.81567,20,25,51,5.353,48916.4,2.1379,0.0431,2009
CO,629,3.9366,229.616,1.85933,14,19,190,5.367,48846.3,2.2677,0.0431,2009
CO,630,4.0037,230.095,1.9169,23,16,146,5.524,49888.9,2.3274,0.0431,2009
CO,631,3.9628,230.576,1.85139,25,9,26,5.13,48539.4,2.4716,0.0431,2009
CO,632,3.8921,231.057,1.77589,42,10,203,5.151,48899.3,2.3508,0.0431,2009
CO,633,3.7943,231.54,1.75425,29,20,59,4.722,49384.9,2.3165,0.0431,2009
CO,634,3.6954,232.024,1.70241,26,10,80,4.582,49126.5,2.5719,0.0431,2009
CO,635,3.6347,232.508,1.68097,25,10,169,4.267,49597.3,2.395,0.0431,2009
CO,636,3.477,232.994,1.66636,25,19,55,4.844,49442.3,2.3793,0.0431,2009
CO,637,3.4969,233.481,1.69292,18,7,131,5.314,49590.6,2.3566,0.0431,2009
CO,638,3.5831,233.968,1.65115,26,11,39,5.294,49453.4,2.0549,0.0431,2009
CO,639,3.6103,234.457,1.73609,17,13,159,5.607,49555.3,2.2163,0.0431,2009
CO,640,3.734,234.947,1.76128,15,11,83,4.935,48877.9,2.2123,0.0431,2009
CO,641,3.7377,235.438,2.0084,19,8,124,4.983,50557.6,2.3357,0.0431,2009
CO,642,3.8068,235.929,1.97614,22,20,109,4.824,50209.6,2.2558,0.0431,2009
CO,643,3.8085,236.422,1.89615,23,4,288,5.079,49720.8,2.4872,0.0431,2009
CO,644,3.6758,236.916,1.89782,35,19,63,4.666,50299.2,2.4134,0.0431,2009
CO,645,3.6881,237.411,1.80257,34,13,139,4.602,48852.1,2.4215,0.0431,2009
CO,646,3.5158,237.907,1.77026,28,15,71,4.744,51043.9,2.5403,0.0431,2009
CO,647,3.4826,238.404,1.67163,28,23,89,4.875,49777.5,2.4305,0.0431,2009
CO,648,3.3805,238.902,1.65405,22,12,77,5.345,49679.9,2.2587,0.0431,2009
CO,649,3.4242,239.401,1.6815,29,12,53,5.011,50789.9,2.1976,0.0431,2009
CO,650,3.4502,239.901,1.79187,21,14,99,5.352,50137.6,2.1335,0.0431,2009
CO,651,3.4938,240.402,1.822,25,12,73,5.567,49735.8,2.1976,0.0431,2009
CO,652,3.6174,240.904,1.91767,16,32,245,5.467,50269.1,2.0214,0.0431,2009
CO,653,3.9565,241.407,1.89929,25,25,28,5.197,50350.1,2.2483,0.0431,2009
CO,654,3.7435,241.911,1.96687,27,5,112,4.948,50943.6,2.228,0.0431,2009
CO,655,3.6913,242.417,1.94995,31,22,129,5.746,50969.7,2.3513,0.0431,2009
CO,656,3.5746,242.923,1.89788,25,23,209,5.11,50646.1,2.3508,0.0431,2009
CO,657,3.4512,243.43,1.83482,33,16,212,4.764,51206.7,2.4119,0.0431,2009
CO,658,3.3798,243.939,1.77099,32,16,68,4.965,50693.2,2.5456,0.0431,2009
CO,659,3.3524,244.448,1.7869,23,25,66,4.509,51256.1,2.4167,0.0431,2009
CO,660,2.2313,244.959,1.84035,24,16,63,5.547,51316.5,2.3095,0.0431,2009
CO,661,2.4933,245.471,1.77737,23,9,122,5.094,51019.5,2.2239,0.0431,2009
CO,662,2.5195,245.983,1.93299,28,11,177,5.772,52105.5,2.2468,0.0431,2009
CO,663,2.5256,246.497,1.9894,23,17,48,5.035,51981.1,2.3312,0.0431,2009
CO,664,2.6476,247.012,2.00982,25,9,156,5.557,50706.2,2.134,0.0431,2009
CO,665,2.6904,247.528,2.15162,22,13,39,5.358,51928.5,2.2946,0.0431,2009
CO,666,2.7169,248.045,2.08157,23,34,145,5.296,52213.6,2.179,0.0431,2009
CO,667,2.6284,248.563,2.08115,27,29,42,5.119,51104.0,2.3712,0.0431,2009
CO,668,2.5596,249.082,2.08671,26,23,231,3.758,51755.7,2.4222,0.0431,2009
CO,669,2.5743,249.603,1.94555,35,17,235,5.151,51332.7,2.4922,0.0431,2009
CO,670,2.4383,250.124,1.96672,22,25,129,3.856,51397.3,2.4902,0.0431,2009
CO,671,2.408,250.646,1.87296,25,38,127,5.168,52300.8,2.3709,0.0431,2009
CO,672,2.1096,251.17,1.96525,20,5,48,5.413,52769.1,2.3487,0.0431,2009
CO,673,2.1387,251.694,1.96284,30,24,175,4.645,52929.9,2.1642,0.0431,2009
CO,674,2.1127,252.22,1.99211,17,14,170,5.074,53378.4,2.1971,0.0431,2009
CO,675,2.1563,252.747,2.08222,27,36,55,5.278,53388.7,2.0588,0.0431,2009
CO,676,2.2156,253.275,2.20607,23,4,117,4.729,53243.8,2.2446,0.0431,2009
CO,677,2.3269,253.804,2.24815,31,1,83,4.728,52856.7,2.3041,0.0431,2009
CO,678,2.3204,254.334,2.29423,27,22,358,5.249,52166.9,2.3424,0.0431,2009
CO,679,2.3049,254.865,2.22169,24,27,95,4.218,54000.9,2.3215,0.0431,2009
CO,680,2.2949,255.398,2.21694,40,11,121,5.102,53454.5,2.3979,0.0431,2009
CO,681,2.2064,255.931,1.99999,25,18,125,4.641,54098.3,2.3073,0.0431,2009
CO,682,2.1361,256.466,2.02103,31,42,350,4.605,52506.1,2.3265,0.0431,2009
CO,683,2.1058,257.001,2.05306,31,6,191,5.141,53211.6,2.3637,0.0431,2009
CO,684,2.4076,257.538,1.98421,30,3,41,5.24,52231.3,2.5071,0.0431,2009
CO,685,2.4234,258.076,1.9506,24,14,139,5.759,53958.8,2.2521,0.0431,2009
CO,686,2.4797,258.615,1.92436,26,16,126,4.847,54245.7,2.1421,0.0431,2009
CO,687,2.6,259.155,2.1172,19,7,49,5.348,54906.2,2.1538,0.0431,2009
CO,688,2.6224,259.697,2.05844,24,6,146,5.266,52702.9,2.2284,0.0431,2009
CO,689,2.6466,260.239,2.24049,33,3,35,5.027,53348.9,2.2034,0.0431,2009
CO,690,2.622,260.783,2.25235,28,38,127,5.239,53889.1,2.2939,0.0431,2009
CO,691,2.6557,261.327,2.2289,15,6,342,4.566,53942.5,2.4142,0.0431,2009
CO,692,2.5586,261.873,2.1608,30,17,225,5.218,54315.0,2.4309,0.0431,2009
CO,693,2.5268,262.42,2.11564,26,39,27,4.677,53605.4,2.5716,0.0431,2009
CO,694,2.493,262.968,2.04527,30,28,40,4.083,54423.6,2.5966,0.0431,2009
CO,695,2.4536,263.518,1.98703,27,22,82,4.292,53947.0,2.4394,0.0431,2009
CO,696,2.7099,264.068,1.99084,21,45,23,4.896,54413.3,2.2957,0.0431,2009
CO,697,2.6553,264.62,1.95331,26,19,66,5.551,55154.4,2.1369,0.0431,2009
CO,698,2.7131,265.172,2.09685,23,16,167,6.0,54946.3,2.2556,0.0431,2009
CO,699,2.877,265.726,2.0613,22,22,160,5.041,54996.6,2.0989,0.0431,2009
CO,700,2.9407,266.281,2.15239,22,22,196,5.039,54669.7,2.1382,0.0431,2009
CO,701,2.9765,266.838,2.14526,21,21,195,5.118,55969.2,2.4105,0.0431,2009
CO,702,3.0166,267.395,2.2623,24,6,164,4.994,54521.7,2.3356,0.0431,2009
CO,703,3.0264,267.953,2.18374,29,10,144,4.619,55893.6,2.3359,0.0431,2009
CO,704,2.9386,268.513,2.07054,35,11,157,5.214,54624.0,2.3186,0.0431,2009
CO,705,2.8924,269.074,2.10355,38,11,272,5.0,55138.9,2.5756,0.0431,2009
CO,706,2.8193,269.636,2.00669,25,23,84,4.009,55328.1,2.5471,0.0431,2009
CO,707,2.7904,270.199,1.94514,27,17,106,5.013,55707.2,2.4436,0.0431,2009
CO,708,2.583,270.764,1.99883,27,17,55,4.977,56659.0,2.3249,0.0431,2009
CO,709,2.6485,271.329,2.04029,18,5,133,5.031,55963.5,2.1882,0.0431,2009
CO,710,2.7357,271.896,2.08792,25,18,82,5.211,55440.6,2.2031,0.0431,2009
CO,711,2.785,272.464,2.1287,19,11,67,4.849,55623.3,2.0768,0.0431,2009
CO,712,2.7705,273.033,2.16502,18,2,192,4.921,56234.7,2.1663,0.0431,2009
CO,713,2.769,273.603,2.29216,30,12,90,5.089,55713.4,2.1155,0.0431,2009
CO,714,2.7777,274.175,2.37014,32,24,367,4.656,56974.8,2.2816,0.0431,2009
CO,715,2.7118,274.747,2.17702,24,12,188,4.976,55300.8,2.3915,0.0431,2009
CO,716,2.6824,275.321,2.27471,18,6,148,4.469,55884.9,2.3459,0.0431,2009
CO,717,2.6636,275.896,2.22595,27,17,116,4.319,55985.5,2.537,0.0431,2009
CO,718,2.6537,276.473,2.20616,37,19,46,4.335,56826.1,2.4,0.0431,2009
CO,719,2.6341,277.05,2.01872,28,27,97,4.945,55802.4,2.3908,0.0431,2009
CO,720,2.1908,277.629,1.94613,35,7,37,9.28,55410.9,2.3046,0.0431,2009
CO,721,2.1801,278.209,1.95875,27,28,69,9.329,57056.9,2.1934,0.0431,2009
CO,722,2.247,278.79,1.74308,25,9,41,9.056,58089.9,2.2294,0.0431,2009
CO,723,1.9588,279.372,1.41729,35,9,157,10.345,56130.1,2.2523,0.0431,2009
CO,724,1.9676,279.956,1.68282,35,22,124,9.707,57617.1,2.231,0.0431,2009
CO,725,2.384,280.54,2.00286,20,23,70,8.964,56010.8,2.1856,0.0431,2009
CO,726,2.3954,281.126,2.13073,30,39,117,9.757,57204.8,2.4074,0.0431,2009
CO,727,2.3893,281.714,2.28596,30,21,160,9.505,57907.6,2.4972,0.0431,2009
CO,728,2.3241,282.302,2.31156,36,38,114,9.209,57700.0,2.3332,0.0431,2009
CO,729,2.2791,282.892,2.20949,29,6,169,9.659,57946.2,2.3713,0.0431,2009
CO,730,2.1979,283.483,2.11679,29,16,90,9.806,57502.6,2.3415,0.0431,2009
CO,731,2.149,284.075,2.03834,35,38,130,8.703,58658.7,2.3928,0.0431,2009
CO,732,3.0033,284.668,2.09572,27,10,182,5.353,57860.5,2.3048,0.0431,2009
CO,733,3.0082,285.263,2.0557,25,17,246,5.194,57494.1,2.1098,0.0431,2009
CO,734,3.1033,285.859,2.14361,22,11,41,4.903,57771.2,2.0774,0.0431,2009
CO,735,3.1702,286.456,2.20721,18,11,39,4.489,57509.8,2.3292,0.0431,2009
CO,736,3.257,287.054,2.14032,14,13,137,6.224,58265.0,2.2197,0.0431,2009
CO,737,3.2982,287.654,2.26173,24,23,45,5.925,58694.6,2.2202,0.0431,2009
CO,738,3.2636,288.254,2.33371,26,29,186,5.369,59267.9,2.3238,0.0431,2009
CO,739,3.2974,288.856,2.32978,23,29,41,5.222,58114.8,2.5034,0.0431,2009
CO,740,3.34,289.46,2.27312,34,9,276,4.649,58438.8,2.3422,0.0431,2009
CO,741,3.2106,290.064,2.10167,29,10,174,4.554,59098.5,2.524,0.0431,2009
CO,742,3.0782,290.67,2.03775,26,39,214,4.906,58634.1,2.3401,0.0431,2009
CO,743,2.9501,291.277,2.05659,31,22,205,4.62,59558.8,2.4064,0.0431,2009
CO,744,3.9993,291.886,2.08115,31,24,59,5.066,58165.3,2.4038,0.0431,2009
CO,745,3.9918,292.496,1.99856,24,18,153,5.337,60309.3,2.2325,0.0431,2009
CO,746,3.9576,293.106,2.00795,26,33,141,5.582,57544.3,2.2042,0.0431,2009
CO,747,4.0353,293.719,2.04226,30,18,214,5.423,59091.3,2.2415,0.0431,2009
CO,748,4.6606,294.332,2.10979,23,32,100,5.23,59857.7,2.2197,0.0431,2009
CO,749,5.095,294.947,2.13465,18,9,107,4.88,60040.5,2.1547,0.0431,2009
CO,750,4.1763,295.563,2.21353,24,31,54,5.369,60032.8,2.273,0.0431,2009
CO,751,4.1234,296.18,2.20082,18,21,38,5.071,60198.2,2.4036,0.0431,2009
CO,752,4.0696,296.799,2.15646,24,31,244,4.701,59907.1,2.4638,0.0431,2009
CO,753,4.1229,297.419,1.96595,25,6,64,5.316,59336.0,2.2995,0.0431,2009
CO,754,4.0567,298.04,2.01385,22,2,336,4.797,60149.0,2.5798,0.0431,2009
CO,755,4.0441,298.663,1.94313,29,37,74,5.158,61135.0,2.3087,0.0431,2009
CO,756,3.4796,299.287,2.00132,29,17,53,4.748,61221.7,2.2263,0.0431,2009
CO,757,3.5883,299.912,1.99763,25,24,81,5.724,60369.8,2.3095,0.0431,2009
CO,758,3.587,300.538,2.03424,28,5,229,5.015,59519.6,2.2306,0.0431,2009
CO,759,3.6959,301.166,2.13374,16,16,130,4.722,61113.0,2.2081,0.0431,2009
CO,760,3.7525,301.795,2.26888,17,24,39,4.715,61026.3,2.2976,0.0431,2009
CO,761,3.9192,302.425,2.21537,25,3,150,4.977,60942.7,2.1749,0.0431,2009
CO,762,3.8526,303.057,2.35255,27,19,210,5.126,60168.5,2.2613,0.0431,2009
CO,763,3.757,303.69,2.26514,20,11,106,4.854,61130.2,2.4184,0.0431,2009
CO,764,3.7109,304.324,2.25683,26,27,111,4.587,60707.0,2.342,0.0431,2009
CO,765,3.6442,304.96,2.19695,35,29,352,4.7,61397.6,2.4622,0.0431,2009
CO,766,3.6091,305.597,2.07299,26,10,187,5.639,61123.9,2.4029,0.0431,2009
CO,767,3.6227,306.235,2.0221,38,17,58,3.968,60888.9,2.3941,0.0431,2009
CO,768,3.3518,306.875,2.07612,21,14,238,3.824,59976.5,2.3017,0.0431,2009
CO,769,3.2977,307.516,2.11541,23,10,74,5.049,61594.1,2.2716,0.0431,2009
CO,770,3.3201,308.158,2.2403,21,12,168,4.763,63064.4,2.1871,0.0431,2009
CO,771,3.3683,308.802,2.29124,18,20,100,5.125,63182.9,2.1989,0.0431,2009
CO,772,3.4082,309.447,2.41342,28,25,176,5.041,62655.5,2.149,0.0431,2009
CO,773,3.5445,310.093,2.43793,14,15,102,5.808,62940.8,2.1838,0.0431,2009
CO,774,3.5311,310.741,2.35421,22,20,109,5.265,62825.0,2.3624,0.0431,2009
CO,775,3.4255,311.39,2.35776,24,16,116,5.032,61132.2,2.5221,0.0431,2009
CO,776,3.4076,312.041,2.38201,22,6,50,4.658,62355.0,2.4181,0.0431,2009
CO,777,3.4388,312.692,2.20823,20,51,79,3.96,63278.3,2.5212,0.0431,2009
CO,778,3.3948,313.345,2.18725,16,20,146,4.997,63685.0,2.4136,0.0431,2009
CO,779,3.3395,314.0,2.12873,23,22,49,4.389,62918.9,2.4515,0.0431,2009
CT,540,1.9028,190.7,8.98741,160,31,431,5.169,41609.7,2.3651,0.1029,2007
CT,541,1.936,191.098,9.06032,148,53,137,4.783,41331.1,2.0965,0.1029,2007
CT,542,1.9851,191.497,9.1776,150,70,964,4.992,42134.6,2.1675,0.1029,2007
CT,543,2.0342,191.897,9.58991,123,79,804,4.425,42046.7,2.2005,0.1029,2007
CT,544,2.084,192.298,10.27942,140,167,644,5.222,42591.7,2.1363,0.1029,2007
CT,545,2.1224,192.7,10.52851,151,16,1435,5.109,43478.4,2.1387,0.1029,2007
CT,546,2.1308,193.102,10.58062,147,67,583,4.961,42739.7,2.235,0.1029,2007
CT,547,2.1146,193.506,10.43169,151,112,861,3.497,42636.1,2.353,0.1029,2007
CT,548,2.1077,193.91,10.25692,162,135,329,5.128,42677.4,2.3657,0.1029,2007
CT,549,2.1074,194.315,9.62706,168,34,879,4.316,42318.8,2.5081,0.1029,2007
CT,550,2.0037,194.721,9.68494,154,104,294,5.501,42373.3,2.364,0.1029,2007
CT,551,1.977,195.128,8.98775,161,92,105,5.292,42038.7,2.2168,0.1029,2007
CT,552,2.1518,195.535,8.9995,154,112,439,4.744,41963.0,2.209,0.1029,2007
CT,553,2.197,195.944,9.55129,129,95,257,5.134,43433.7,2.2424,0.1029,2007
CT,554,2.2112,196.353,9.31316,138,39,543,5.112,42659.3,2.1466,0.1029,2007
CT,555,2.2823,196.763,9.88501,131,79,743,4.93,43169.3,2.0899,0.1029,2007
CT,556,2.2347,197.174,10.083,161,134,401,5.341,43511.5,2.1555,0.1029,2007
CT,557,2.336,197.586,9.99801,145,55,390,4.866,43417.8,2.226,0.1029,2007
CT,558,2.314,197.999,10.93939,147,33,205,4.681,43361.3,2.337,0.1029,2007
CT,559,2.296,198.412,10.59117,152,144,591,4.629,43410.1,2.3468,0.1029,2007
CT,560,2.2612,198.827,10.69783,183,74,591,4.422,44105.2,2.3909,0.1029,2007
CT,561,2.2544,199.242,9.93774,137,121,37,4.903,42836.0,2.4841,0.1029,2007
CT,562,2.2203,199.658,9.01995,157,36,633,5.363,43755.1,2.439,0.1029,2007
CT,563,2.2019,200.075,9.03399,183,89,715,5.027,43762.5,2.3755,0.1029,2007
CT,564,2.3694,200.493,9.29781,144,86,330,5.546,43724.0,2.2103,0.1029,2007
CT,565,2.3693,200.912,8.9562,160,91,209,4.785,43932.1,2.1811,0.1029,2007
CT,566,2.3784,201.331,9.38145,118,31,170,5.78,43306.1,2.1208,0.1029,2007
CT,567,2.4393,201.752,10.15693,111,124,458,5.064,43566.7,2.2035,0.1029,2007
CT,568,2.5436,202.173,10.10684,123,63,668,4.926,44507.0,2.1876,0.1029,2007
CT,569,2.5431,202.596,10.18769,130,105,834,4.774,43601.5,2.1483,0.1029,2007
CT,570,2.5422,203.019,10.33893,144,61,533,4.996,44321.1,2.3335,0.1029,2007
CT,571,2.5387,203.443,10.43097,148,190,746,5.015,43555.3,2.3311,0.1029,2007
CT,572,2.4605,203.868,9.89786,144,87,776,4.162,44326.4,2.5118,0.1029,2007
CT,573,2.3756,204.294,9.74936,149,130,129,4.539,44789.9,2.3494,0.1029,2007
CT,574,2.3314,204.72,9.55987,164,76,236,4.931,43639.6,2.4733,0.1029,2007
CT,575,2.3563,205.148,9.12986,138,62,508,4.554,44192.5,2.2491,0.1029,2007
CT,576,2.7421,205.576,8.84507,128,76,623,8.029,42408.1,2.6613,0.1029,2007
CT,577,2.8279,206.006,8.98204,158,160,495,7.569,44226.5,2.3564,0.1029,2007
CT,578,2.7499,206.436,8.98317,142,139,129,7.133,43829.6,2.3671,0.1029,2007
CT,579,2.776,206.867,9.15968,127,66,720,8.084,42863.5,2.2334,0.1029,2007
CT,580,2.8515,207.299,9.24343,136,39,512,8.41,44178.8,2.4255,0.1029,2007
CT,581,3.5002,207.732,9.23165,137,53,434,7.677,43282.6,2.4109,0.1029,2007
CT,582,3.5344,208.166,9.78116,136,31,563,8.007,43717.7,2.6615,0.1029,2007
CT,583,2.9688,208.601,9.56744,155,184,904,7.537,43608.2,2.6149,0.1029,2007
CT,584,3.0321,209.037,9.65768,155,130,495,7.075,43102.7,2.5161,0.1029,2007
CT,585,2.8866,209.474,9.22283,140,67,336,6.999,43831.2,2.6583,0.1029,2007
CT,586,1.8944,209.911,9.13349,175,81,241,7.787,43898.6,2.6939,0.1029,2007
CT,587,1.4949,210.35,9.36296,172,163,324,7.789,44608.8,2.5795,0.1029,2007
CT,588,1.9434,210.789,9.49622,138,23,258,7.496,44339.2,2.3775,0.1029,2007
CT,589,1.9307,211.229,9.30238,161,46,752,8.127,44864.7,2.342,0.1029,2007
CT,590,1.9664,211.67,9.39742,140,45,606,8.655,44497.2,2.5247,0.1029,2007
CT,591,2.0233,212.113,10.15207,143,38,105,8.298,44352.4,2.4146,0.1029,2007
CT,592,2.1339,212.556,9.90444,138,83,1741,8.242,43987.4,2.4997,0.1029,2007
CT,593,2.1929,213.0,10.83396,135,83,2238,7.433,44586.3,2.6678,0.1029,2007
CT,594,2.213,213.444,10.77562,149,78,659,8.025,44764.7,2.4629,0.1029,2007
CT,595,2.1422,213.89,10.49971,154,63,603,7.901,44494.4,2.527,0.1029,2007
CT,596,2.1058,214.337,10.5052,176,128,271,7.559,44465.7,2.6939,0.1029,2007
CT,597,2.0474,214.785,10.13854,163,61,383,6.869,45218.6,2.6055,0.1029,2007
CT,598,2.0386,215.233,9.46007,171,73,1485,7.651,44635.3,2.7786,0.1029,2007
CT,599,1.9964,215.683,9.68343,160,140,1279,7.391,45522.8,2.4346,0.1029,2007
CT,600,2.3069,216.133,9.52901,159,51,265,7.11,44828.6,2.4748,0.1029,2007
CT,601,2.3414,216.585,9.70391,129,37,936,7.918,45559.6,2.3861,0.1029,2007
CT,602,2.4014,217.037,9.52773,113,49,582,8.051,44825.5,2.3371,0.1029,2007
CT,603,2.4219,217.491,10.13221,139,29,663,7.601,45033.2,2.4208,0.1029,2007
CT,604,2.4936,217.945,10.06309,163,73,195,8.764,44853.4,2.3257,0.1029,2007
CT,605,2.5461,218.4,10.34259,147,44,1305,7.805,45852.5,2.4453,0.1029,2007
CT,606,2.5827,218.856,10.38005,158,131,589,7.996,45047.0,2.5345,0.1029,2007
CT,607,2.5692,219.313,10.42086,153,151,652,7.859,45629.6,2.453,0.1029,2007
CT,608,2.5136,219.772,10.24368,149,69,138,6.95,45361.8,2.6358,0.1029,2007
CT,609,2.4722,220.231,9.58184,157,196,344,7.789,45351.9,2.6179,0.1029,2007
CT,610,2.3732,220.691,9.58392,188,27,434,8.532,45670.6,2.673,0.1029,2007
CT,611,2.3474,221.152,9.49607,161,87,643,6.941,45769.9,2.6469,0.1029,2007
CT,612,2.9922,221.614,9.2138,148,90,229,4.995,46541.6,2.441,0.1029,2007
CT,613,3.0252,222.076,9.44522,144,83,418,5.121,47978.5,2.1484,0.1029,2007
CT,614,3.0699,222.54,9.5601,126,93,558,5.031,47789.5,1.999,0.1029,2007
CT,615,3.044,223.005,10.36521,131,79,274,5.432,48315.8,2.0132,0.1029,2007
CT,616,3.1657,223.471,10.5561,95,45,852,4.693,47156.4,2.1186,0.1029,2007
CT,617,3.1192,223.938,10.62664,119,40,370,4.556,47854.0,2.1743,0.1029,2007
CT,618,3.2609,224.405,10.58358,140,112,450,5.547,47240.0,2.1431,0.1029,2007
CT,619,3.2659,224.874,10.4642,145,169,821,4.843,47923.4,2.2664,0.1029,2007
CT,620,3.2248,225.344,10.491,169,61,1805,4.756,48190.4,2.4357,0.1029,2007
CT,621,3.1139,225.815,10.26551,148,85,745,5.006,48109.6,2.4651,0.1029,2007
CT,622,3.0909,226.286,9.46301,171,108,1797,5.257,47460.8,2.4208,0.1029,2007
CT,623,2.9914,226.759,9.57282,141,28,738,4.785,48115.5,2.3474,0.1029,2007
CT,624,3.0487,227.233,9.04638,131,278,1006,5.511,48468.6,2.3112,0.1029,2007
CT,625,3.0449,227.707,9.43175,133,42,401,4.845,48424.6,2.3142,0.1029,2007
CT,626,3.0273,228.183,9.60817,134,161,230,5.396,48835.9,2.2218,0.1029,2007
CT,627,3.1441,228.659,10.39311,126,155,1001,5.723,49401.3,2.1666,0.1029,2007
CT,628,3.2273,229.137,10.57969,106,71,236,5.324,48655.0,2.2132,0.1029,2007
CT,629,3.249,229.616,10.6783,114,47,223,5.094,48593.3,2.1913,0.1029,2007
CT,630,3.2505,230.095,10.8673,134,53,464,5.344,48180.7,2.3588,0.1029,2007
CT,631,3.2681,230.576,10.6055,144,75,1022,5.275,48073.1,2.4438,0.1029,2007
CT,632,3.1795,231.057,10.50857,161,63,486,4.82,47844.6,2.348,0.1029,2007
CT,633,3.1003,231.54,10.31626,182,35,1419,5.477,49027.7,2.5768,0.1029,2007
CT,634,3.1679,232.024,9.59058,166,163,424,5.083,48695.9,2.5066,0.1029,2007
CT,635,3.1557,232.508,9.96911,144,38,486,4.741,49282.5,2.3793,0.1029,2007
CT,636,3.0376,232.994,9.63566,127,41,412,4.635,48937.7,2.309,0.1029,2007
CT,637,3.0622,233.481,9.31051,151,99,440,5.207,49286.1,2.2798,0.1029,2007
CT,638,3.1055,233.968,10.21379,119,82,411,4.516,50971.4,2.2321,0.1029,2007
CT,639,3.1094,234.457,10.45977,129,65,479,5.716,50322.0,1.9706,0.1029,2007
CT,640,3.0657,234.947,10.6382,121,70,84,5.185,48924.0,2.0661,0.1029,2007
CT,641,3.1892,235.438,10.90917,143,87,375,4.732,49329.1,2.2234,0.1029,2007
CT,642,3.1693,235.929,11.10369,144,172,1232,5.697,49280.7,2.2813,0.1029,2007
CT,643,3.1814,236.422,11.29299,157,127,488,4.564,50800.0,2.4795,0.1029,2007
CT,644,3.1233,236.916,10.84603,180,75,425,4.868,50014.1,2.4476,0.1029,2007
CT,645,3.1279,237.411,10.41828,169,60,924,4.804,50030.2,2.4381,0.1029,2007
CT,646,3.094,237.907,10.0924,159,61,941,4.951,50316.7,2.4508,0.1029,2007
CT,647,3.0065,238.404,9.5574,136,130,996,4.692,49829.8,2.4224,0.1029,2007
CT,648,2.84,238.902,9.34132,165,76,738,5.335,50119.9,2.0986,0.1029,2007
CT,649,2.8587,239.401,9.9904,143,110,218,4.917,50552.3,2.1981,0.1029,2007
CT,650,2.8337,239.901,10.17781,137,104,170,5.294,50400.6,2.2376,0.1029,2007
CT,651,2.8668,240.402,10.70235,136,88,313,5.059,50559.0,2.0681,0.1029,2007
CT,652,2.9896,240.904,10.72152,132,38,259,5.213,50258.8,1.9558,0.1029,2007
CT,653,3.2271,241.407,11.21093,147,173,282,5.347,51199.5,2.1827,0.1029,2007
CT,654,3.0243,241.911,11.49967,165,48,1331,5.178,51479.5,2.2622,0.1029,2007
CT,655,3.0721,242.417,11.63601,169,78,820,4.079,50797.7,2.4389,0.1029,2007
CT,656,3.001,242.923,11.0108,192,180,527,4.606,50671.9,2.4508,0.1029,2007
CT,657,2.9273,243.43,10.56063,164,140,406,4.244,51036.0,2.4225,0.1029,2007
CT,658,2.9168,243.939,10.33154,138,35,1176,5.529,51242.0,2.3613,0.1029,2007
CT,659,2.8185,244.448,10.10992,121,74,305,4.272,50581.5,2.4477,0.1029,2007
CT,660,1.8477,244.959,10.28649,152,115,571,5.514,50956.4,2.3704,0.1029,2007
CT,661,2.0468,245.471,10.94348,156,128,1299,5.033,51856.0,2.0934,0.1029,2007
CT,662,2.1493,245.983,11.15451,113,43,216,5.355,51794.0,2.1942,0.1029,2007
CT,663,2.1548,246.497,11.48154,163,243,1712,4.835,52278.6,2.1098,0.1029,2007
CT,664,2.2285,247.012,11.44507,137,123,1111,5.682,51328.8,2.3037,0.1029,2007
CT,665,2.2421,247.528,12.80638,130,76,909,4.485,52047.4,2.363,0.1029,2007
CT,666,2.2953,248.045,12.70045,147,121,1145,4.397,53221.6,2.321,0.1029,2007
CT,667,2.3126,248.563,12.73293,155,79,956,4.587,51623.7,2.2897,0.1029,2007
CT,668,2.2401,249.082,12.45483,158,101,621,4.384,51552.4,2.3588,0.1029,2007
CT,669,2.1837,249.603,11.21735,168,65,893,5.615,51114.7,2.3878,0.1029,2007
CT,670,2.1513,250.124,11.04514,168,107,738,5.439,50861.2,2.3351,0.1029,2007
CT,671,2.078,250.646,11.65052,163,209,1659,4.773,53511.2,2.3101,0.1029,2007
CT,672,1.8123,251.17,11.09052,155,73,243,5.164,53847.9,2.2804,0.1029,2007
CT,673,1.7803,251.694,10.99257,147,102,879,4.672,52374.3,2.281,0.1029,2007
CT,674,1.8751,252.22,11.31511,141,68,1363,5.017,52207.3,2.0479,0.1029,2007
CT,675,1.93,252.747,11.92188,127,74,851,6.124,51850.1,2.1139,0.1029,2007
CT,676,1.9942,253.275,12.25733,128,105,1556,5.489,52352.1,2.1836,0.1029,2007
CT,677,2.001,253.804,12.88735,177,153,698,4.732,53313.3,2.3305,0.1029,2007
CT,678,2.0114,254.334,12.78394,148,197,1498,4.932,52096.6,2.2448,0.1029,2007
CT,679,1.9749,254.865,12.49252,172,73,1312,4.465,52650.9,2.5046,0.1029,2007
CT,680,1.974,255.398,12.55039,157,225,373,4.461,53970.0,2.3956,0.1029,2007
CT,681,1.9225,255.931,11.94984,181,47,652,4.777,52846.8,2.4933,0.1029,2007
CT,682,1.8325,256.466,11.65197,157,116,1422,4.872,53484.3,2.5113,0.1029,2007
CT,683,1.7397,257.001,12.17053,142,81,950,4.346,53592.7,2.3707,0.1029,2007
CT,684,1.959,257.538,11.40742,141,34,418,4.591,53884.9,2.3714,0.1029,2007
CT,685,1.9963,258.076,11.9278,145,79,711,4.054,53968.4,2.1245,0.1029,2007
CT,686,2.0665,258.615,11.61418,154,54,152,5.417,53714.3,2.1397,0.1029,2007
CT,687,2.0911,259.155,11.84834,160,44,1133,5.218,53819.1,2.1523,0.1029,2007
CT,688,2.1589,259.697,12.55778,132,130,810,5.14,53163.4,2.2648,0.1029,2007
CT,689,2.1623,260.239,12.77499,169,40,490,5.347,53416.5,2.3214,0.1029,2007
CT,690,2.225,260.783,13.18262,137,150,420,4.733,55220.7,2.4391,0.1029,2007
CT,691,2.1687,261.327,13.00682,185,83,1950,4.595,54455.1,2.3803,0.1029,2007
CT,692,2.1598,261.873,12.46446,154,146,572,4.594,54583.2,2.4762,0.1029,2007
CT,693,2.0613,262.42,12.63899,160,186,505,4.833,53369.6,2.4937,0.1029,2007
CT,694,2.0424,262.968,11.87252,170,55,1110,4.64,54925.5,2.4921,0.1029,2007
CT,695,2.0057,263.518,11.74066,168,84,619,5.118,55440.3,2.4384,0.1029,2007
CT,696,2.2441,264.068,11.48595,160,49,1014,4.671,54537.0,2.2461,0.1029,2007
CT,697,2.2351,264.62,11.67764,134,86,89,5.095,54863.9,2.2298,0.1029,2007
CT,698,2.3022,265.172,11.8938,141,148,319,5.907,55014.5,2.1296,0.1029,2007
CT,699,2.3932,265.726,11.78848,112,54,856,6.041,52934.2,2.1591,0.1029,2007
CT,700,2.4677,266.281,12.73954,128,72,522,5.454,54392.7,2.2279,0.1029,2007
CT,701,2.4618,266.838,13.26529,121,62,749,5.138,55542.2,2.1198,0.1029,2007
CT,702,2.4383,267.395,12.80185,153,28,504,5.402,54940.6,2.1727,0.1029,2007
CT,703,2.4639,267.953,13.14741,170,57,912,4.942,55995.5,2.3251,0.1029,2007
CT,704,2.4085,268.513,12.58347,166,27,184,4.232,55125.8,2.4369,0.1029,2007
CT,705,2.3692,269.074,12.61454,155,225,761,4.818,55373.1,2.472,0.1029,2007
CT,706,2.3535,269.636,11.85912,175,101,210,5.113,55241.9,2.3555,0.1029,2007
CT,707,2.3052,270.199,11.61101,164,82,540,4.843,55643.3,2.2865,0.1029,2007
CT,708,2.2091,270.764,11.72107,151,146,979,5.046,56327.6,2.2116,0.1029,2007
CT,709,2.1592,271.329,11.56763,154,100,93,5.314,55503.7,2.1849,0.1029,2007
CT,710,2.2032,271.896,11.74306,131,95,1021,5.233,55923.3,2.1133,0.1029,2007
CT,711,2.2442,272.464,12.01127,146,76,519,5.301,55802.4,2.0385,0.1029,2007
CT,712,2.3137,273.033,13.18096,138,95,1159,5.264,55989.4,2.4063,0.1029,2007
CT,713,2.3308,273.603,12.76964,148,96,651,5.444,55813.8,2.1484,0.1029,2007
CT,714,2.3421,274.175,13.07652,147,46,1260,4.601,55149.7,2.2974,0.1029,2007
CT,715,2.3558,274.747,13.07775,167,209,793,4.372,55350.2,2.2271,0.1029,2007
CT,716,2.3061,275.321,12.7668,170,132,1047,3.974,54940.2,2.4063,0.1029,2007
CT,717,2.2921,275.896,12.15486,142,11,2403,4.242,55590.8,2.4978,0.1029,2007
CT,718,2.2265,276.473,12.05801,160,43,649,4.714,56932.6,2.3184,0.1029,2007
CT,719,2.1546,277.05,11.87668,149,214,1055,4.897,57387.0,2.395,0.1029,2007
CT,720,1.7841,277.629,11.21798,215,69,850,10.347,55597.3,2.3557,0.1029,2007
CT,721,1.8389,278.209,11.31655,172,27,1242,9.217,56087.8,2.251,0.1029,2007
CT,722,1.8806,278.79,10.37894,149,70,498,9.429,57151.5,2.2413,0.1029,2007
CT,723,1.6001,279.372,8.61739,176,147,621,10.012,57888.4,2.1233,0.1029,2007
CT,724,1.6766,279.956,9.75522,152,54,1440,9.917,57922.6,2.2006,0.1029,2007
CT,725,2.0518,280.54,11.54267,167,103,528,10.158,57180.6,2.2752,0.1029,2007
CT,726,2.0551,281.126,12.70047,145,141,291,8.97,57872.2,2.3082,0.1029,2007
CT,727,2.0075,281.714,13.5353,144,125,794,8.831,57558.0,2.3136,0.1029,2007
CT,728,1.9362,282.302,13.19118,168,136,889,8.88,57471.7,2.453,0.1029,2007
CT,729,1.8654,282.892,12.28661,172,137,556,9.27,58029.8,2.4584,0.1029,2007
CT,730,1.8601,283.483,12.13481,184,55,1196,9.808,57104.5,2.4848,0.1029,2007
CT,731,1.7865,284.075,12.31252,185,85,590,8.996,57868.1,2.3983,0.1029,2007
CT,732,2.518,284.668,12.42166,165,120,362,4.994,58407.8,2.2871,0.1029,2007
CT,733,2.5606,285.263,11.9485,140,67,576,5.492,56611.8,2.3421,0.1029,2007
CT,734,2.5832,285.859,12.68424,124,53,433,5.202,57001.5,2.1252,0.1029,2007
CT,735,2.6784,286.456,12.80341,117,33,455,4.996,57571.2,2.1264,0.1029,2007
CT,736,2.7338,287.054,12.60573,123,74,1048,5.867,58805.5,2.1522,0.1029,2007
CT,737,2.7491,287.654,13.06889,140,122,917,4.463,58459.4,2.12,0.1029,2007
CT,738,2.7872,288.254,13.41274,141,127,483,5.03,59159.7,2.238,0.1029,2007
CT,739,2.7113,288.856,13.17248,166,73,1149,5.102,59290.4,2.3139,0.1029,2007
CT,740,2.7266,289.46,12.68359,164,172,366,4.975,58140.4,2.4066,0.1029,2007
CT,741,2.7088,290.064,12.63555,170,188,1739,4.371,59956.2,2.4826,0.1029,2007
CT,742,2.7636,290.67,12.26012,179,120,740,4.463,59150.9,2.5138,0.1029,2007
CT,743,2.6099,291.277,12.05704,156,60,1096,5.487,58575.8,2.3719,0.1029,2007
CT,744,3.4118,291.886,11.85332,133,73,510,5.365,59519.3,2.262,0.1029,2007
CT,745,3.3808,292.496,11.75478,132,21,547,5.177,58262.4,2.1369,0.1029,2007
CT,746,3.4666,293.106,11.44836,116,47,575,5.665,59614.1,2.2455,0.1029,2007
CT,747,3.4674,293.719,12.05905,115,93,181,5.122,59393.4,2.1876,0.1029,2007
CT,748,4.023,294.332,13.15667,119,105,324,4.64,59947.8,2.1199,0.1029,2007
CT,749,4.3675,294.947,12.11343,123,162,561,5.708,59351.0,2.1759,0.1029,2007
CT,750,3.5756,295.563,12.75092,124,95,450,5.059,60136.0,2.3116,0.1029,2007
CT,751,3.5637,296.18,12.29095,183,71,691,4.622,59181.8,2.4652,0.1029,2007
CT,752,3.533,296.799,12.5556,154,159,1387,5.46,61042.0,2.417,0.1029,2007
CT,753,3.5337,297.419,12.20337,149,74,1098,4.125,59724.6,2.5137,0.1029,2007
CT,754,3.4256,298.04,11.65654,173,110,294,4.993,60695.5,2.4524,0.1029,2007
CT,755,3.3665,298.663,11.37406,122,110,579,4.842,59777.0,2.3742,0.1029,2007
CT,756,3.0163,299.287,11.41722,144,73,345,4.285,60481.2,2.3354,0.1029,2007
CT,757,3.0358,299.912,11.62699,144,103,730,5.297,60243.3,2.1114,0.1029,2007
CT,758,3.0795,300.538,11.69009,145,86,278,4.91,59933.6,2.1028,0.1029,2007
CT,759,3.1219,301.166,12.03117,143,43,322,5.237,60074.0,1.9864,0.1029,2007
CT,760,3.0937,301.795,13.52983,120,137,537,5.249,62326.3,2.2064,0.1029,2007
CT,761,3.1573,302.425,13.42144,129,147,539,4.945,60334.4,2.2106,0.1029,2007
CT,762,3.1405,303.057,13.46695,133,157,1328,4.193,61299.5,2.2473,0.1029,2007
CT,763,3.1595,303.69,12.9878,159,134,510,5.077,58342.1,2.318,0.1029,2007
CT,764,3.0954,304.324,12.60705,142,226,2044,4.366,61185.4,2.5153,0.1029,2007
CT,765,3.0433,304.96,12.526,157,136,1784,4.839,60772.7,2.5303,0.1029,2007
CT,766,2.9727,305.597,12.11736,153,27,884,4.498,60489.9,2.3846,0.1029,2007
CT,767,3.0034,306.235,11.81076,138,35,1125,5.216,61441.3,2.4276,0.1029,2007
CT,768,2.7333,306.875,11.90412,135,174,1363,5.129,60321.1,2.2683,0.1029,2007
CT,769,2.7681,307.516,12.64682,150,61,496,4.747,61490.2,2.3408,0.1029,2007
CT,770,2.8833,308.158,12.4837,141,56,834,4.595,61645.6,2.0643,0.1029,2007
CT,771,2.9082,308.802,13.33935,121,156,530,5.579,63009.1,2.1209,0.1029,2007
CT,772,2.9332,309.447,13.72992,147,257,476,5.411,62255.6,2.1795,0.1029,2007
CT,773,2.9356,310.093,13.56116,129,186,1161,5.333,62230.9,2.2101,0.1029,2007
CT,774,3.0392,310.741,13.80064,133,326,382,5.141,62617.3,2.4214,0.1029,2007
CT,775,2.902,311.39,13.66204,152,116,1025,5.175,60923.7,2.4239,0.1029,2007
CT,776,2.8398,312.041,13.91996,188,107,965,5.282,62838.8,2.3839,0.1029,2007
CT,777,2.8457,312.692,13.21205,154,211,562,4.927,62429.6,2.4236,0.1029,2007
CT,778,2.7636,313.345,12.53309,149,34,1561,4.206,63305.3,2.4163,0.1029,2007
CT,779,2.8282,314.0,12.5225,146,64,514,5.444,62550.7,2.4069,0.1029,2007
DE,540,2.2135,190.7,7.29047,109,50,484,4.919,42554.9,2.3104,0.7213,2011
DE,541,2.2163,191.098,6.77998,106,54,505,5.803,41191.1,2.1608,0.7213,2011
DE,542,2.2405,191.497,7.28771,97,83,585,4.967,41430.5,2.1321,0.7213,2011
DE,543,2.3215,191.897,7.51839,133,129,416,4.821,42393.3,2.1724,0.7213,2011
DE,544,2.4694,192.298,7.87746,125,30,281,5.974,41651.7,2.0812,0.7213,2011
DE,545,2.5466,192.7,7.80766,126,25,218,5.575,42581.4,2.1592,0.7213,2011
DE,546,2.4938,193.102,8.13708,115,65,161,4.679,41569.3,2.2039,0.7213,2011
DE,547,2.4553,193.506,8.25293,109,106,1093,5.238,42347.8,2.418,0.7213,2011
DE,548,2.408,193.91,7.77506,114,51,464,5.486,42452.3,2.2973,0.7213,2011
DE,549,2.363,194.315,7.58132,133,22,588,4.776,43112.3,2.5937,0.7213,2011
DE,550,2.2338,194.721,7.72641,151,53,498,5.548,42896.6,2.4815,0.7213,2011
DE,551,2.1725,195.128,7.21956,114,69,660,5.025,42426.6,2.3503,0.7213,2011
DE,552,2.4638,195.535,6.9036,114,43,112,4.871,42731.0,2.33,0.7213,2011
DE,553,2.4959,195.944,7.0964,101,65,711,6.308,42101.3,2.155,0.7213,2011
DE,554,2.5501,196.353,7.36467,97,26,436,5.799,42331.4,2.2437,0.7213,2011
DE,555,2.6008,196.763,7.63475,107,19,338,5.7,42698.1,2.132,0.7213,2011
DE,556,2.6997,197.174,7.71367,100,40,474,5.448,42102.2,2.2712,0.7213,2011
DE,557,2.7429,197.586,8.01755,104,106,304,5.977,43360.3,2.3173,0.7213,2011
DE,558,2.7392,197.999,8.51351,128,90,273,5.687,43057.2,2.3803,0.7213,2011
DE,559,2.7449,198.412,8.00315,103,46,476,4.568,42898.5,2.4108,0.7213,2011
DE,560,2.7743,198.827,8.26018,125,45,1047,4.467,42378.8,2.4032,0.7213,2011
DE,561,2.6778,199.242,7.41193,121,99,245,5.118,43155.4,2.6423,0.7213,2011
DE,562,2.5837,199.658,7.30611,143,53,496,4.467,42820.3,2.5575,0.7213,2011
DE,563,2.4992,200.075,7.20971,127,64,142,5.04,43489.9,2.2328,0.7213,2011
DE,564,2.702,200.493,7.32616,99,31,116,4.588,43004.8,2.3749,0.7213,2011
DE,565,2.8054,200.912,7.19279,105,73,76,5.278,43351.8,2.2145,0.7213,2011
DE,566,2.8403,201.331,7.41085,102,24,373,5.037,43166.0,2.1112,0.7213,2011
DE,567,2.884,201.752,7.73149,100,117,789,5.09,43783.6,2.2228,0.7213,2011
DE,568,2.9296,202.173,8.20968,84,97,262,5.213,44865.0,2.2485,0.7213,2011
DE,569,3.0086,202.596,8.02845,110,83,972,5.62,44528.1,2.2655,0.7213,2011
DE,570,3.0452,203.019,8.06681,125,43,459,5.298,44104.9,2.2348,0.7213,2011
DE,571,3.0431,203.443,8.2644,126,75,264,5.794,44602.0,2.4637,0.7213,2011
DE,572,2.9636,203.868,8.06515,130,69,439,3.924,44525.5,2.4075,0.7213,2011
DE,573,2.9168,204.294,7.5722,127,46,632,4.971,43385.8,2.2866,0.7213,2011
DE,574,2.823,204.72,7.69183,127,47,568,4.547,44252.4,2.2906,0.7213,2011
DE,575,2.698,205.148,7.55777,103,82,120,4.703,44118.0,2.2935,0.7213,2011
DE,576,3.1556,205.576,7.0935,160,71,155,8.563,44244.9,2.4939,0.7213,2011
DE,577,3.2428,206.006,7.27325,116,20,528,7.79,44203.2,2.3238,0.7213,2011
DE,578,3.2714,206.436,7.28915,110,18,660,8.09,42810.2,2.1577,0.7213,2011
DE,579,3.2961,206.867,7.58741,116,67,234,8.31,42625.2,2.4383,0.7213,2011
DE,580,3.3863,207.299,7.96008,107,35,433,8.272,42853.3,2.4274,0.7213,2011
DE,581,4.1063,207.732,7.6242,111,86,387,7.77,43933.8,2.3008,0.7213,2011
DE,582,4.2299,208.166,7.6045,99,117,556,7.942,44584.3,2.4413,0.7213,2011
DE,583,3.4948,208.601,7.50819,100,45,139,7.791,43220.1,2.5642,0.7213,2011
DE,584,3.4723,209.037,7.35274,101,29,588,7.721,43435.2,2.6262,0.7213,2011
DE,585,3.2918,209.474,7.33175,118,21,197,7.545,43178.0,2.6796,0.7213,2011
DE,586,2.1727,209.911,7.37328,136,32,288,7.437,44068.8,2.7049,0.7213,2011
DE,587,1.6675,210.35,7.41676,140,55,437,7.717,44155.4,2.5735,0.7213,2011
DE,588,2.2203,210.789,7.58913,141,88,431,8.155,43968.9,2.5201,0.7213,2011
DE,589,2.2487,211.229,7.52178,126,56,405,8.035,43479.6,2.5202,0.7213,2011
DE,590,2.3189,211.67,7.68562,108,63,359,8.053,44685.9,2.3885,0.7213,2011
DE,591,2.3447,212.113,8.06794,112,21,311,8.311,43436.2,2.525,0.7213,2011
DE,592,2.3679,212.556,8.4226,125,34,679,7.455,44457.2,2.3112,0.7213,2011
DE,593,2.4635,213.0,8.43446,110,51,469,8.415,44065.4,2.3586,0.7213,2011
DE,594,2.4832,213.444,8.35075,137,59,335,8.329,43727.0,2.4603,0.7213,2011
DE,595,2.4366,213.89,8.64751,121,28,1049,7.688,43695.9,2.4069,0.7213,2011
DE,596,2.4763,214.337,8.24526,142,56,951,7.477,43963.9,2.5452,0.7213,2011
DE,597,2.3666,214.785,7.88141,148,93,529,7.56,44251.8,2.5815,0.7213,2011
DE,598,2.3127,215.233,7.78529,129,39,1785,7.493,44782.3,2.77,0.7213,2011
DE,599,2.2309,215.683,7.5071,134,113,672,8.294,44824.9,2.4074,0.7213,2011
DE,600,2.6787,216.133,7.47936,112,86,647,7.877,45112.5,2.6749,0.7213,2011
DE,601,2.6946,216.585,7.60484,118,71,565,7.164,44944.8,2.3311,0.7213,2011
DE,602,2.6957,217.037,7.47234,115,98,273,8.981,45182.1,2.4032,0.7213,2011
DE,603,2.8346,217.491,7.94887,120,49,247,8.2,45361.6,2.4572,0.7213,2011
DE,604,2.8878,217.945,8.05943,125,55,335,7.873,44270.9,2.252,0.7213,2011
DE,605,2.9518,218.4,8.03245,87,67,267,7.79,44869.8,2.4243,0.7213,2011
DE,606,2.9255,218.856,8.01359,104,77,777,8.271,44824.1,2.6059,0.7213,2011
DE,607,2.8487,219.313,7.90275,132,134,461,8.15,44636.6,2.6827,0.7213,2011
DE,608,2.8549,219.772,8.26198,135,101,547,7.339,45248.6,2.665,0.7213,2011
DE,609,2.8646,220.231,7.80394,119,115,662,7.359,45806.7,2.6602,0.7213,2011
DE,610,2.7942,220.691,7.61817,132,84,1316,7.676,45261.3,2.6896,0.7213,2011
DE,611,2.6818,221.152,7.16251,126,84,884,8.2,45206.8,2.5586,0.7213,2011
DE,612,3.5392,221.614,7.71325,116,43,396,4.695,47752.7,2.3109,0.7213,2011
DE,613,3.4517,222.076,7.61381,106,114,792,4.847,47076.0,2.1157,0.7213,2011
DE,614,3.4372,222.54,7.86573,105,58,263,5.503,47923.2,2.1807,0.7213,2011
DE,615,3.4501,223.005,8.16905,105,90,306,6.269,48243.4,2.2069,0.7213,2011
DE,616,3.5981,223.471,8.05394,108,11,230,5.907,46904.6,2.1393,0.7213,2011
DE,617,3.7865,223.938,8.30292,118,73,159,5.611,47416.3,2.2741,0.7213,2011
DE,618,3.8211,224.405,8.37277,109,54,209,5.492,47955.6,2.1679,0.7213,2011
DE,619,3.7911,224.874,8.4621,112,177,289,4.932,47105.3,2.3455,0.7213,2011
DE,620,3.7397,225.344,8.11787,114,58,550,4.554,47566.3,2.4183,0.7213,2011
DE,621,3.6905,225.815,8.01455,137,42,680,4.84,49225.6,2.5417,0.7213,2011
DE,622,3.5946,226.286,7.42638,124,28,507,4.779,48083.3,2.5961,0.7213,2011
DE,623,3.52,226.759,7.27908,114,74,333,4.607,48225.4,2.5583,0.7213,2011
DE,624,3.6054,227.233,7.91193,93,62,546,4.953,48068.2,2.4379,0.7213,2011
DE,625,3.6669,227.707,7.58716,106,54,81,4.674,48491.1,2.1243,0.7213,2011
DE,626,3.7584,228.183,7.70503,106,38,809,5.359,46841.7,2.289,0.7213,2011
DE,627,3.8848,228.659,8.05485,107,47,448,5.393,49190.5,2.0756,0.7213,2011
DE,628,3.8815,229.137,8.13068,105,28,980,5.467,48836.2,2.0971,0.7213,2011
DE,629,3.8597,229.616,8.67993,132,24,607,5.279,48602.2,2.2125,0.7213,2011
DE,630,3.8864,230.095,8.52375,103,90,178,4.839,47998.8,2.0086,0.7213,2011
DE,631,3.8474,230.576,8.21177,104,94,384,4.868,49097.3,2.3451,0.7213,2011
DE,632,3.7016,231.057,8.02836,122,56,587,4.482,48916.6,2.4424,0.7213,2011
DE,633,3.7444,231.54,7.95893,110,146,110,4.49,47936.4,2.2744,0.7213,2011
DE,634,3.648,232.024,7.67657,103,211,603,4.195,48577.3,2.4963,0.7213,2011
DE,635,3.6845,232.508,7.50129,120,112,249,3.99,49107.6,2.526,0.7213,2011
DE,636,3.4576,232.994,7.5661,118,49,203,4.968,48833.7,2.341,0.7213,2011
DE,637,3.3853,233.481,7.92914,139,38,630,5.658,50053.1,2.2807,0.7213,2011
DE,638,3.385,233.968,7.97582,110,22,503,4.805,49880.8,1.9849,0.7213,2011
DE,639,3.5024,234.457,8.18202,100,49,381,4.94,49471.6,2.1049,0.7213,2011
DE,640,3.6044,234.947,8.23322,100,68,678,6.305,51002.5,2.1803,0.7213,2011
DE,641,3.6016,235.438,8.6694,113,110,235,5.485,49744.4,2.2545,0.7213,2011
DE,642,3.7012,235.929,8.77355,124,83,530,5.378,51030.1,2.2567,0.7213,2011
DE,643,3.7116,236.422,8.6134,128,25,738,4.857,51004.2,2.2581,0.7213,2011
DE,644,3.6608,236.916,8.65645,134,112,555,4.804,50771.5,2.4836,0.7213,2011
DE,645,3.5959,237.411,8.09036,163,136,763,4.945,50142.8,2.4909,0.7213,2011
DE,646,3.6615,237.907,8.23048,105,72,439,4.801,49869.6,2.4016,0.7213,2011
DE,647,3.4774,238.404,7.75246,135,43,459,4.926,50852.5,2.3525,0.7213,2011
DE,648,3.302,238.902,7.89765,120,113,580,4.773,50694.9,2.1521,0.7213,2011
DE,649,3.2649,239.401,8.00395,120,133,577,5.425,51148.9,2.2576,0.7213,2011
DE,650,3.3726,239.901,8.10591,108,74,199,5.068,50554.5,2.3066,0.7213,2011
DE,651,3.4302,240.402,8.52227,105,43,155,5.34,49581.9,2.1879,0.7213,2011
DE,652,3.4588,240.904,8.58653,125,113,280,5.327,49884.7,2.112,0.7213,2011
DE,653,3.7574,241.407,8.88688,101,26,480,5.211,50438.9,2.37,0.7213,2011
DE,654,3.5997,241.911,9.37492,118,112,1344,4.817,50845.6,2.2963,0.7213,2011
DE,655,3.4713,242.417,9.06234,102,128,358,5.103,50314.8,2.3749,0.7213,2011
DE,656,3.4138,242.923,8.72955,114,41,219,5.5,51889.5,2.4772,0.7213,2011
DE,657,3.4829,243.43,8.40656,132,61,872,4.959,52219.4,2.5032,0.7213,2011
DE,658,3.3573,243.939,8.60275,108,81,800,3.892,50254.0,2.4189,0.7213,2011
DE,659,3.3342,244.448,7.95572,112,112,710,4.916,50678.2,2.551,0.7213,2011
DE,660,2.1832,244.959,8.2273,132,43,339,4.582,51362.9,2.3135,0.7213,2011
DE,661,2.3648,245.471,8.34459,111,55,55,5.411,51657.4,2.133,0.7213,2011
DE,662,2.3733,245.983,8.94844,102,89,1011,5.445,52061.6,2.1772,0.7213,2011
DE,663,2.4543,246.497,9.3517,103,56,527,5.512,51662.7,2.2481,0.7213,2011
DE,664,2.5711,247.012,9.38679,91,52,344,4.548,51739.4,1.9901,0.7213,2011
DE,665,2.6018,247.528,9.68045,91,150,404,5.039,51595.6,2.2773,0.7213,2011
DE,666,2.6579,248.045,9.69823,105,21,372,5.466,51868.5,2.3195,0.7213,2011
DE,667,2.5767,248.563,9.63049,125,161,384,5.071,51451.5,2.3067,0.7213,2011
DE,668,2.5281,249.082,9.35862,125,104,633,4.471,51469.9,2.3364,0.7213,2011
DE,669,2.4922,249.603,9.37543,126,77,526,4.367,51829.0,2.438,0.7213,2011
DE,670,2.3991,250.124,8.95974,119,104,377,4.403,51876.8,2.5246,0.7213,2011
DE,671,2.3263,250.646,8.87623,142,31,446,4.684,52123.0,2.4621,0.7213,2011
DE,672,2.0042,251.17,9.0528,133,33,829,4.728,52436.5,2.2744,0.7213,2011
DE,673,2.0176,251.694,8.88186,115,76,47,4.979,52965.8,2.0787,0.7213,2011
DE,674,2.1152,252.22,9.21504,107,105,578,5.199,51921.8,2.0327,0.7213,2011
DE,675,2.1573,252.747,9.60531,91,26,374,5.807,51889.5,2.099,0.7213,2011
DE,676,2.1895,253.275,10.28798,110,57,313,5.423,51938.6,2.1604,0.7213,2011
DE,677,2.273,253.804,10.16458,110,123,521,5.111,52868.8,2.3893,0.7213,2011
DE,678,2.3405,254.334,10.01491,112,96,406,4.934,52920.3,2.3192,0.7213,2011
DE,679,2.2743,254.865,10.22233,128,36,321,4.654,52915.5,2.3268,0.7213,2011
DE,680,2.1907,255.398,9.68898,135,78,331,5.356,52808.7,2.3666,0.7213,2011
DE,681,2.1993,255.931,9.3914,125,138,303,4.822,52374.5,2.3748,0.7213,2011
DE,682,2.1453,256.466,9.45346,148,131,565,3.991,53770.4,2.4761,0.7213,2011
DE,683,2.1465,257.001,9.25096,123,199,1530,4.099,53728.4,2.3124,0.7213,2011
DE,684,2.4142,257.538,9.26818,109,84,407,4.869,53122.2,2.2716,0.7213,2011
DE,685,2.3739,258.076,9.09696,114,38,181,5.174,54983.7,2.3114,0.7213,2011
DE,686,2.4857,258.615,9.24775,102,24,408,4.378,53436.9,2.1117,0.7213,2011
DE,687,2.4687,259.155,9.62501,111,40,312,5.205,53110.6,2.2011,0.7213,2011
DE,688,2.4796,259.697,9.73136,130,91,237,5.405,53583.5,2.218,0.7213,2011
DE,689,2.535,260.239,9.65968,101,87,325,5.003,51844.6,2.2995,0.7213,2011
DE,690,2.5261,260.783,9.75745,107,136,330,4.815,53924.5,2.2258,0.7213,2011
DE,691,2.5991,261.327,10.11889,131,227,616,4.621,54487.1,2.2685,0.7213,2011
DE,692,2.5382,261.873,9.68321,153,32,430,4.59,53836.1,2.3848,0.7213,2011
DE,693,2.4246,262.42,9.58881,131,41,1792,5.057,53760.5,2.2833,0.7213,2011
DE,694,2.4036,262.968,9.43548,150,43,1011,4.827,55270.1,2.4149,0.7213,2011
DE,695,2.3814,263.518,8.79427,126,78,887,5.259,54146.7,2.3236,0.7213,2011
DE,696,2.7249,264.068,8.56086,125,48,904,5.423,55154.8,2.3125,0.7213,2011
DE,697,2.7334,264.62,8.92491,121,114,778,5.018,54698.8,2.3011,0.7213,2011
DE,698,2.6668,265.172,9.49994,98,111,486,4.454,55049.2,2.1208,0.7213,2011
DE,699,2.7419,265.726,9.42308,106,51,319,5.398,54881.9,2.2285,0.7213,2011
DE,700,2.8449,266.281,9.8682,101,48,653,4.339,54759.4,2.1799,0.7213,2011
DE,701,2.8815,266.838,10.10315,116,63,871,5.45,54063.7,2.2149,0.7213,2011
DE,702,2.842,267.395,9.89927,100,92,339,4.838,55297.4,2.3379,0.7213,2011
DE,703,2.7825,267.953,9.99408,128,31,986,5.048,56233.4,2.3881,0.7213,2011
DE,704,2.7644,268.513,10.2568,109,102,560,4.077,54736.6,2.3435,0.7213,2011
DE,705,2.7776,269.074,9.78062,138,159,1038,5.189,54768.8,2.6124,0.7213,2011
DE,706,2.7714,269.636,9.34091,157,64,251,5.119,55755.7,2.4461,0.7213,2011
DE,707,2.6781,270.199,8.98246,119,45,1152,4.782,56407.8,2.2819,0.7213,2011
DE,708,2.5344,270.764,9.1621,117,42,314,5.384,55409.3,2.261,0.7213,2011
DE,709,2.5757,271.329,8.9972,118,75,488,5.352,55748.5,2.1704,0.7213,2011
DE,710,2.6672,271.896,8.9346,111,80,390,5.388,55097.0,2.1189,0.7213,2011
DE,711,2.7202,272.464,9.61161,111,46,203,5.087,57038.9,2.2757,0.7213,2011
DE,712,2.7492,273.033,10.0411,110,101,464,4.948,55105.0,2.2135,0.7213,2011
DE,713,2.755,273.603,10.22171,108,81,123,4.902,56091.2,2.1404,0.7213,2011
DE,714,2.7437,274.175,10.35465,135,12,1718,5.541,56000.6,2.3598,0.7213,2011
DE,715,2.7924,274.747,10.61089,108,73,316,4.138,55750.4,2.3035,0.7213,2011
DE,716,2.7645,275.321,9.98727,136,131,456,4.724,55990.6,2.4703,0.7213,2011
DE,717,2.6591,275.896,9.62352,127,71,920,4.917,56316.1,2.401,0.7213,2011
DE,718,2.5915,276.473,9.45118,136,51,993,4.8,55817.3,2.51,0.7213,2011
DE,719,2.5022,277.05,9.64342,130,49,1093,4.979,56641.3,2.2841,0.7213,2011
DE,720,2.064,277.629,8.83534,133,52,535,9.536,56445.7,2.4122,0.7213,2011
DE,721,2.1119,278.209,9.17306,103,71,829,9.279,56561.9,2.1848,0.7213,2011
DE,722,2.1627,278.79,8.25822,132,43,513,9.665,57184.1,2.1993,0.7213,2011
DE,723,1.9619,279.372,6.70522,126,24,534,9.353,56741.2,2.0244,0.7213,2011
DE,724,1.9329,279.956,8.21889,138,71,259,9.128,57219.6,2.1582,0.7213,2011
DE,725,2.3526,280.54,9.20026,114,48,346,9.558,57192.8,2.2356,0.7213,2011
DE,726,2.3654,281.126,9.9227,134,33,368,9.473,56793.0,2.2102,0.7213,2011
DE,727,2.3708,281.714,10.57605,131,110,511,9.45,57784.9,2.4342,0.7213,2011
DE,728,2.267,282.302,10.59508,123,244,1393,8.82,58686.9,2.5213,0.7213,2011
DE,729,2.1567,282.892,10.02424,142,10,131,9.271,57794.0,2.4308,0.7213,2011
DE,730,2.0998,283.483,9.86425,145,12,1942,8.91,57290.0,2.4076,0.7213,2011
DE,731,2.0676,284.075,9.28564,131,28,553,9.379,55545.8,2.3,0.7213,2011
DE,732,2.9023,284.668,9.42339,111,164,155,4.588,58263.2,2.214,0.7213,2011
DE,733,2.9705,285.263,10.0003,117,160,420,5.133,57400.1,2.3255,0.7213,2011
DE,734,3.045,285.859,10.03952,113,71,530,4.654,57806.7,2.1566,0.7213,2011
DE,735,3.0475,286.456,9.67141,103,44,216,5.188,58548.9,2.194,0.7213,2011
DE,736,3.1094,287.054,10.24154,118,53,232,4.822,59702.2,2.1167,0.7213,2011
DE,737,3.0765,287.654,10.59097,131,50,1194,5.214,58239.2,2.3489,0.7213,2011
DE,738,3.2318,288.254,10.51267,115,118,614,5.536,57475.7,2.402,0.7213,2011
DE,739,3.2079,288.856,10.57063,135,64,984,4.707,59997.0,2.4081,0.7213,2011
DE,740,3.0764,289.46,10.24942,134,171,283,4.801,59112.8,2.3911,0.7213,2011
DE,741,3.0704,290.064,9.68727,117,37,1072,4.768,59220.9,2.4184,0.7213,2011
DE,742,2.9407,290.67,9.71889,119,80,1226,4.725,57476.6,2.5325,0.7213,2011
DE,743,2.9616,291.277,9.71138,142,47,885,4.902,58823.9,2.3773,0.7213,2011
DE,744,3.8966,291.886,8.93261,122,47,616,5.538,58674.2,2.3652,0.7213,2011
DE,745,3.9719,292.496,9.16779,110,131,398,6.066,58852.9,2.1228,0.7213,2011
DE,746,3.9772,293.106,9.55343,85,85,94,4.877,58551.1,2.1852,0.7213,2011
DE,747,4.1103,293.719,9.60752,98,101,453,5.588,59480.4,2.1911,0.7213,2011
DE,748,4.8256,294.332,10.00024,118,57,527,5.269,59672.8,2.2569,0.7213,2011
DE,749,5.2048,294.947,9.8314,92,71,439,5.341,59257.1,2.2359,0.7213,2011
DE,750,4.2618,295.563,9.60457,132,32,1078,5.544,58870.5,2.3086,0.7213,2011
DE,751,4.1298,296.18,9.92342,131,70,463,5.003,60012.1,2.3653,0.7213,2011
DE,752,4.0679,296.799,9.84541,117,63,1020,4.942,59149.8,2.5159,0.7213,2011
DE,753,4.0541,297.419,10.04054,131,137,1092,4.523,58835.6,2.4296,0.7213,2011
DE,754,4.1059,298.04,9.55541,110,75,449,4.352,61220.6,2.4717,0.7213,2011
DE,755,3.9922,298.663,8.90349,120,70,662,5.47,61140.6,2.2361,0.7213,2011
DE,756,3.4223,299.287,8.92618,91,52,234,4.972,60372.7,2.4056,0.7213,2011
DE,757,3.4493,299.912,9.28465,121,62,493,4.936,60891.7,2.3013,0.7213,2011
DE,758,3.539,300.538,9.54906,87,15,191,5.685,60313.6,2.19,0.7213,2011
DE,759,3.5984,301.166,9.86544,118,63,548,5.295,60431.9,2.2045,0.7213,2011
DE,760,3.6879,301.795,10.17531,111,244,879,5.279,59954.4,2.1996,0.7213,2011
DE,761,3.7524,302.425,10.61641,110,62,516,4.749,60252.3,2.23,0.7213,2011
DE,762,3.7459,303.057,10.63535,116,61,447,4.562,59643.6,2.1348,0.7213,2011
DE,763,3.6725,303.69,10.34429,114,208,1225,5.241,60751.8,2.2999,0.7213,2011
DE,764,3.6031,304.324,10.40113,127,55,801,4.518,59726.2,2.3843,0.7213,2011
DE,765,3.5869,304.96,9.64683,141,109,440,5.239,62017.7,2.4946,0.7213,2011
DE,766,3.5307,305.597,9.7368,121,109,122,4.136,61334.8,2.6164,0.7213,2011
DE,767,3.4347,306.235,9.66594,119,121,427,3.739,61291.8,2.2667,0.7213,2011
DE,768,3.2957,306.875,9.63397,142,34,732,5.163,61085.9,2.3404,0.7213,2011
DE,769,3.224,307.516,9.27942,118,61,403,5.768,61299.4,2.1268,0.7213,2011
DE,770,3.3581,308.158,9.92449,103,47,724,5.214,63128.3,2.2291,0.7213,2011
DE,771,3.4457,308.802,10.4153,112,7,180,5.889,62554.1,2.2591,0.7213,2011
DE,772,3.5005,309.447,11.13488,103,28,158,5.429,60795.0,2.0793,0.7213,2011
DE,773,3.4859,310.093,11.05381,102,99,287,5.264,62228.8,2.184,0.7213,2011
DE,774,3.4812,310.741,11.0781,137,283,726,5.8,61920.6,2.3818,0.7213,2011
DE,775,3.488,311.39,10.95392,108,153,930,5.347,62867.6,2.3448,0.7213,2011
DE,776,3.3917,312.041,10.75775,132,197,486,4.509,62612.4,2.3961,0.7213,2011
DE,777,3.4314,312.692,10.348,131,171,239,4.537,63053.6,2.3996,0.7213,2011
DE,778,3.2861,313.345,10.23913,126,90,1575,4.669,63408.2,2.5052,0.7213,2011
DE,779,3.1458,314.0,10.05363,115,110,988,4.641,63413.8,2.4293,0.7213,2011
FL,540,2.203,190.7,3.86543,77,41,226,5.37,42170.0,2.3653,0.3136,2007
FL,541,2.2106,191.098,3.97778,70,27,71,5.305,42045.7,2.2184,0.3136,2007
FL,542,2.2803,191.497,4.1164,71,68,142,4.796,41590.1,2.2149,0.3136,2007
FL,543,2.3352,191.897,4.07625,59,35,284,5.281,42093.2,2.2284,0.3136,2007
FL,544,2.3501,192.298,4.32377,60,53,253,5.143,42335.1,2.2026,0.3136,2007
FL,545,2.4597,192.7,4.41949,65,45,139,4.099,42260.4,2.2903,0.3136,2007
FL,546,2.4612,193.102,4.64025,72,37,705,4.971,42061.2,2.32,0.3136,2007
FL,547,2.4178,193.506,4.57898,80,38,100,4.65,42219.4,2.4645,0.3136,2007
FL,548,2.3278,193.91,4.40489,74,95,112,4.714,43084.4,2.3531,0.3136,2007
FL,549,2.2935,194.315,4.17944,61,37,246,4.634,42253.8,2.5264,0.3136,2007
FL,550,2.2243,194.721,4.10514,55,20,339,5.132,42248.8,2.4644,0.3136,2007
FL,551,2.1911,195.128,3.95811,93,25,166,4.32,42435.1,2.2461,0.3136,2007
FL,552,2.4765,195.535,4.01827,53,9,210,4.594,42873.3,2.1461,0.3136,2007
FL,553,2.3923,195.944,3.96579,72,16,326,4.991,42324.4,2.3464,0.3136,2007
FL,554,2.4999,196.353,4.10252,52,17,273,6.279,43418.9,2.2333,0.3136,2007
FL,555,2.5887,196.763,4.20888,62,41,140,5.036,42321.9,2.265,0.3136,2007
FL,556,2.7116,197.174,4.31846,60,80,52,5.174,42511.9,2.2382,0.3136,2007
FL,557,2.7199,197.586,4.50942,57,31,452,5.084,43024.5,2.2437,0.3136,2007
FL,558,2.7718,197.999,4.79159,55,51,483,4.88,44427.2,2.2458,0.3136,2007
FL,559,2.7994,198.412,4.54665,78,41,345,5.127,43523.2,2.401,0.3136,2007
FL,560,2.7104,198.827,4.37892,72,35,204,3.952,43177.8,2.433,0.3136,2007
FL,561,2.5904,199.242,4.46059,80,23,690,4.572,43316.2,2.3644,0.3136,2007
FL,562,2.5214,199.658,4.27489,61,53,366,4.645,44177.6,2.3799,0.3136,2007
FL,563,2.4628,200.075,4.00151,69,23,685,4.706,43217.9,2.3063,0.3136,2007
FL,564,2.631,200.493,4.09258,77,39,204,4.698,43803.1,2.2766,0.3136,2007
FL,565,2.7236,200.912,4.081,42,36,304,5.591,43983.4,2.3121,0.3136,2007
FL,566,2.7794,201.331,4.03019,49,42,531,5.248,44113.1,2.2399,0.3136,2007
FL,567,2.8323,201.752,4.23946,63,34,177,5.282,44456.9,2.1178,0.3136,2007
FL,568,2.8889,202.173,4.2995,46,27,149,4.919,43549.3,2.2149,0.3136,2007
FL,569,2.902,202.596,4.61035,54,42,245,5.449,43172.5,2.2442,0.3136,2007
FL,570,2.8833,203.019,4.58079,76,37,290,4.433,44462.7,2.3779,0.3136,2007
FL,571,2.9525,203.443,4.48433,68,55,231,4.876,44101.0,2.3861,0.3136,2007
FL,572,2.9216,203.868,4.32283,89,31,393,4.538,43738.3,2.4336,0.3136,2007
FL,573,2.8246,204.294,4.24306,71,9,143,4.751,44160.4,2.3867,0.3136,2007
FL,574,2.787,204.72,4.23545,83,21,422,4.869,44677.3,2.4279,0.3136,2007
FL,575,2.6753,205.148,4.14876,63,63,513,5.588,43990.1,2.4716,0.3136,2007
FL,576,3.1558,205.576,3.71041,68,41,90,7.859,43524.8,2.4803,0.3136,2007
FL,577,3.1738,206.006,3.86232,69,19,76,7.696,43519.0,2.4236,0.3136,2007
FL,578,3.2584,206.436,3.78733,67,33,187,7.996,44540.0,2.3165,0.3136,2007
FL,579,3.367,206.867,3.9751,69,28,212,7.904,44115.0,2.3464,0.3136,2007
FL,580,3.3654,207.299,4.16772,60,28,59,7.399,43788.3,2.3396,0.3136,2007
FL,581,4.155,207.732,4.10844,69,16,314,8.129,43858.9,2.4403,0.3136,2007
FL,582,4.2351,208.166,4.32811,52,34,346,7.275,43469.6,2.4628,0.3136,2007
FL,583,3.3871,208.601,4.1824,55,55,223,7.763,43647.4,2.6198,0.3136,2007
FL,584,3.3369,209.037,4.17542,68,33,335,8.064,43483.2,2.6112,0.3136,2007
FL,585,3.3087,209.474,3.98855,75,64,189,7.508,44061.0,2.6625,0.3136,2007
FL,586,2.1795,209.911,3.83735,60,37,140,7.481,42743.8,2.6411,0.3136,2007
FL,587,1.6921,210.35,4.05573,70,30,517,7.455,44493.7,2.5881,0.3136,2007
FL,588,2.2623,210.789,4.10427,72,10,351,7.847,44223.1,2.5369,0.3136,2007
FL,589,2.3142,211.229,4.22,65,52,313,7.985,43544.9,2.6337,0.3136,2007
FL,590,2.3624,211.67,4.24121,64,27,166,7.032,44498.7,2.5535,0.3136,2007
FL,591,2.4096,212.113,4.42935,60,12,151,8.158,45358.2,2.46,0.3136,2007
FL,592,2.4026,212.556,4.4853,60,61,651,8.38,43787.0,2.4373,0.3136,2007
FL,593,2.4366,213.0,4.60189,62,56,245,7.689,44559.4,2.4839,0.3136,2007
FL,594,2.4888,213.444,4.64185,58,25,109,7.531,44205.6,2.3657,0.3136,2007
FL,595,2.4411,213.89,4.68851,69,64,180,7.526,44789.4,2.5455,0.3136,2007
FL,596,2.5012,214.337,4.51771,80,23,253,7.694,43741.4,2.7506,0.3136,2007
FL,597,2.4738,214.785,4.47093,83,36,531,7.314,45555.9,2.6517,0.3136,2007
FL,598,2.3613,215.233,4.24242,72,42,200,7.977,45509.7,2.5438,0.3136,2007
FL,599,2.2513,215.683,4.18296,68,42,429,7.729,45199.6,2.5758,0.3136,2007
FL,600,2.6803,216.133,4.0931,50,67,99,8.229,45336.6,2.4955,0.3136,2007
FL,601,2.681,216.585,4.11974,81,58,279,8.222,44335.0,2.4556,0.3136,2007
FL,602,2.7296,217.037,4.25628,54,30,66,8.209,45152.3,2.35,0.3136,2007
FL,603,2.8543,217.491,4.25375,61,20,203,7.967,46026.4,2.3145,0.3136,2007
FL,604,2.8705,217.945,4.60169,63,19,258,7.647,45088.7,2.2287,0.3136,2007
FL,605,2.9197,218.4,4.44267,76,10,398,8.44,45413.2,2.3446,0.3136,2007
FL,606,2.9701,218.856,4.68842,62,33,140,8.019,45304.7,2.605,0.3136,2007
FL,607,2.8656,219.313,4.54086,75,41,363,8.512,45255.4,2.6414,0.3136,2007
FL,608,2.8156,219.772,4.60735,72,14,385,7.124,45819.1,2.5594,0.3136,2007
FL,609,2.7884,220.231,4.43332,77,15,789,6.945,45532.6,2.7757,0.3136,2007
FL,610,2.7028,220.691,4.18654,80,24,178,7.66,46351.1,2.6673,0.3136,2007
FL,611,2.7289,221.152,4.06878,69,43,12,8.038,47110.0,2.5031,0.3136,2007
FL,612,3.4156,221.614,4.3288,68,22,211,5.029,47507.6,2.2096,0.3136,2007
FL,613,3.4088,222.076,4.28952,60,26,273,3.784,48217.3,2.3339,0.3136,2007
FL,614,3.4775,222.54,4.12736,62,26,203,5.342,47336.3,2.2149,0.3136,2007
FL,615,3.5992,223.005,4.43788,51,23,150,4.954,47304.6,2.2591,0.3136,2007
FL,616,3.5841,223.471,4.69874,54,34,246,4.778,48006.9,2.2737,0.3136,2007
FL,617,3.628,223.938,4.45213,62,12,110,5.663,48626.7,2.1957,0.3136,2007
FL,618,3.7304,224.405,4.74312,77,14,317,4.76,47787.3,2.1754,0.3136,2007
FL,619,3.6961,224.874,4.6845,59,99,557,4.907,48824.8,2.2924,0.3136,2007
FL,620,3.6611,225.344,4.53074,81,51,414,5.474,48170.6,2.5112,0.3136,2007
FL,621,3.5851,225.815,4.40273,76,36,275,4.563,47721.1,2.4963,0.3136,2007
FL,622,3.5384,226.286,4.26345,77,11,160,4.928,48539.1,2.3419,0.3136,2007
FL,623,3.4296,226.759,4.22489,60,10,84,4.774,48327.6,2.3171,0.3136,2007
FL,624,3.5856,227.233,4.16273,60,17,256,4.656,49274.5,2.2713,0.3136,2007
FL,625,3.5625,227.707,4.23196,54,28,110,5.322,48134.0,2.3154,0.3136,2007
FL,626,3.6515,228.183,4.31823,66,18,291,5.208,48170.9,2.2344,0.3136,2007
FL,627,3.6943,228.659,4.35455,73,20,254,5.179,48050.8,2.2161,0.3136,2007
FL,628,3.6916,229.137,4.64935,57,9,170,5.833,48312.5,2.1756,0.3136,2007
FL,629,3.6368,229.616,4.58115,65,28,90,4.867,48742.0,2.3038,0.3136,2007
FL,630,3.6754,230.095,4.85901,66,63,73,5.414,48842.9,2.2719,0.3136,2007
FL,631,3.8272,230.576,4.69025,67,20,42,4.851,48067.4,2.3877,0.3136,2007
FL,632,3.7502,231.057,4.76543,64,51,428,4.468,48955.7,2.4153,0.3136,2007
FL,633,3.6766,231.54,4.47072,71,88,364,4.214,49022.6,2.6442,0.3136,2007
FL,634,3.5877,232.024,4.25191,54,86,270,5.254,49286.9,2.3208,0.3136,2007
FL,635,3.5307,232.508,4.07362,68,36,137,5.507,48334.2,2.3556,0.3136,2007
FL,636,3.4002,232.994,4.1758,75,47,624,5.164,50001.1,2.1732,0.3136,2007
FL,637,3.4626,233.481,4.15516,62,15,242,5.708,48780.3,2.1963,0.3136,2007
FL,638,3.5151,233.968,4.30366,66,14,443,5.223,50101.9,2.2305,0.3136,2007
FL,639,3.561,234.457,4.48632,65,82,153,5.108,49326.7,2.1656,0.3136,2007
FL,640,3.6261,234.947,4.66592,56,35,329,5.365,49243.9,2.2763,0.3136,2007
FL,641,3.6639,235.438,4.68453,70,10,102,5.355,50473.8,2.211,0.3136,2007
FL,642,3.7391,235.929,4.78387,60,31,144,4.789,50529.8,2.2936,0.3136,2007
FL,643,3.6723,236.422,4.81912,68,49,637,5.148,49671.6,2.4395,0.3136,2007
FL,644,3.67,236.916,4.67258,72,42,251,4.471,48880.1,2.4527,0.3136,2007
FL,645,3.4671,237.411,4.5049,66,23,261,4.446,49442.8,2.4961,0.3136,2007
FL,646,3.4949,237.907,4.34511,65,37,369,5.485,50254.3,2.5965,0.3136,2007
FL,647,3.4704,238.404,4.42244,62,25,195,4.808,50057.6,2.415,0.3136,2007
FL,648,3.2994,238.902,4.30102,55,47,513,4.997,50271.4,2.2772,0.3136,2007
FL,649,3.2965,239.401,4.32746,62,31,124,5.409,49189.0,2.2641,0.3136,2007
FL,650,3.3815,239.901,4.65818,60,52,373,5.0,50764.6,2.1955,0.3136,2007
FL,651,3.4706,240.402,4.85624,65,45,231,4.566,50574.6,2.1965,0.3136,2007
FL,652,3.4885,240.904,4.91583,49,50,252,5.454,50008.5,2.2014,0.3136,2007
FL,653,3.811,241.407,4.93247,54,54,211,4.74,51408.9,2.2062,0.3136,2007
FL,654,3.5812,241.911,4.97468,55,22,289,5.192,51567.6,2.1856,0.3136,2007
FL,655,3.4891,242.417,5.04898,56,20,382,5.23,52361.4,2.429,0.3136,2007
FL,656,3.4518,242.923,5.02799,61,44,431,4.611,51926.3,2.5377,0.3136,2007
FL,657,3.4203,243.43,4.69803,75,39,273,4.76,51297.7,2.5032,0.3136,2007
FL,658,3.4263,243.939,4.70569,66,38,77,4.999,50648.5,2.4896,0.3136,2007
FL,659,3.4183,244.448,4.5561,51,26,606,4.959,51764.9,2.415,0.3136,2007
FL,660,2.1526,244.959,4.66658,58,43,506,5.079,50858.7,2.2501,0.3136,2007
FL,661,2.3242,245.471,4.72697,71,11,294,4.708,52807.9,2.2644,0.3136,2007
FL,662,2.3909,245.983,5.03628,54,47,99,5.378,52000.5,2.186,0.3136,2007
FL,663,2.5342,246.497,4.92237,72,52,82,5.583,51655.2,1.9666,0.3136,2007
FL,664,2.4975,247.012,5.35496,57,55,26,5.014,53294.6,2.0825,0.3136,2007
FL,665,2.5721,247.528,5.42777,53,38,46,5.058,52476.2,2.2177,0.3136,2007
FL,666,2.5892,248.045,5.34613,62,35,405,5.123,52745.5,2.2621,0.3136,2007
FL,667,2.5844,248.563,5.34203,50,70,108,4.766,51467.9,2.438,0.3136,2007
FL,668,2.5386,249.082,5.53391,57,71,928,4.926,53145.7,2.4739,0.3136,2007
FL,669,2.4817,249.603,5.00781,71,45,191,4.711,51739.6,2.3986,0.3136,2007
FL,670,2.4054,250.124,4.87027,65,27,363,4.887,52784.2,2.4303,0.3136,2007
FL,671,2.4296,250.646,4.67956,63,49,737,5.164,51813.0,2.388,0.3136,2007
FL,672,2.0602,251.17,4.85327,69,16,562,5.535,51866.9,2.2088,0.3136,2007
FL,673,2.0929,251.694,4.96778,72,24,115,4.737,52318.8,2.1382,0.3136,2007
FL,674,2.1257,252.22,5.08454,50,44,376,5.38,52590.2,2.1608,0.3136,2007
FL,675,2.1566,252.747,5.40605,56,86,334,4.891,52444.5,2.1478,0.3136,2007
FL,676,2.2262,253.275,5.31433,62,43,161,5.027,51717.2,2.0384,0.3136,2007
FL,677,2.2422,253.804,5.36095,58,52,279,5.547,53040.1,2.3597,0.3136,2007
FL,678,2.2726,254.334,5.62458,64,101,202,5.492,53697.6,2.3213,0.3136,2007
FL,679,2.2021,254.865,5.57474,66,58,207,4.934,52046.9,2.2958,0.3136,2007
FL,680,2.1952,255.398,5.7025,58,98,520,4.766,53068.5,2.5095,0.3136,2007
FL,681,2.1453,255.931,5.4724,65,11,84,4.277,53142.1,2.4215,0.3136,2007
FL,682,2.0495,256.466,5.1234,76,108,231,4.772,52195.8,2.4181,0.3136,2007
FL,683,2.014,257.001,5.13298,61,107,541,5.333,52917.9,2.2789,0.3136,2007
FL,684,2.2425,257.538,5.02654,71,50,220,4.872,53650.1,2.2322,0.3136,2007
FL,685,2.3003,258.076,4.96963,56,33,94,5.51,53608.8,2.2138,0.3136,2007
FL,686,2.4055,258.615,5.18103,55,46,249,5.034,53073.3,2.0914,0.3136,2007
FL,687,2.4913,259.155,5.35474,63,58,154,5.51,53110.3,2.0447,0.3136,2007
FL,688,2.5421,259.697,5.31737,50,48,405,4.606,53904.4,2.1446,0.3136,2007
FL,689,2.5864,260.239,5.3216,62,25,296,4.895,53625.3,2.2015,0.3136,2007
FL,690,2.5589,260.783,5.7643,72,42,572,4.509,54493.7,2.2644,0.3136,2007
FL,691,2.506,261.327,5.53597,82,39,352,4.582,53323.4,2.2419,0.3136,2007
FL,692,2.4488,261.873,5.41075,69,69,270,5.326,53781.3,2.4702,0.3136,2007
FL,693,2.4383,262.42,5.26912,80,125,195,4.271,53744.4,2.4886,0.3136,2007
FL,694,2.3353,262.968,5.03985,70,49,278,5.0,53956.7,2.3444,0.3136,2007
FL,695,2.2835,263.518,5.15641,74,54,5,4.558,55046.8,2.3,0.3136,2007
FL,696,2.6703,264.068,5.16755,46,92,826,5.017,54165.3,2.3763,0.3136,2007
FL,697,2.6254,264.62,5.0575,74,32,329,5.251,54767.5,2.0793,0.3136,2007
FL,698,2.6961,265.172,5.08137,48,44,94,5.465,53547.3,2.249,0.3136,2007
FL,699,2.7261,265.726,5.48678,62,21,246,4.673,53767.1,2.1687,0.3136,2007
FL,700,2.7754,266.281,5.52861,74,49,267,4.592,54794.4,2.245,0.3136,2007
FL,701,2.8781,266.838,5.66432,61,36,191,5.679,55589.1,2.2009,0.3136,2007
FL,702,2.9164,267.395,5.59753,50,39,862,4.761,53752.8,2.185,0.3136,2007
FL,703,2.8604,267.953,5.73297,79,18,270,5.045,55317.8,2.4675,0.3136,2007
FL,704,2.7909,268.513,5.32943,67,55,180,5.222,54499.8,2.4647,0.3136,2007
FL,705,2.7078,269.074,5.50088,65,67,82,4.429,54532.5,2.4511,0.3136,2007
FL,706,2.6816,269.636,4.96281,82,16,74,4.85,54186.5,2.4325,0.3136,2007
FL,707,2.6469,270.199,5.13505,66,29,147,4.672,54755.7,2.3127,0.3136,2007
FL,708,2.4613,270.764,5.16164,65,42,554,5.358,55153.2,2.3132,0.3136,2007
FL,709,2.4567,271.329,5.01069,59,21,208,5.523,56057.3,2.2601,0.3136,2007
FL,710,2.5454,271.896,5.24307,61,30,187,5.237,55717.5,1.9673,0.3136,2007
FL,711,2.6864,272.464,5.60378,51,46,433,5.747,54880.6,2.133,0.3136,2007
FL,712,2.7339,273.033,5.41859,47,27,204,5.31,54830.8,2.0825,0.3136,2007
FL,713,2.6884,273.603,5.53064,67,74,249,5.163,56265.6,2.2329,0.3136,2007
FL,714,2.6872,274.175,5.50848,63,38,393,5.502,56828.1,2.3667,0.3136,2007
FL,715,2.6706,274.747,5.6763,66,58,673,5.513,56126.4,2.2649,0.3136,2007
FL,716,2.6537,275.321,5.43052,77,36,168,4.473,55936.2,2.3257,0.3136,2007
FL,717,2.5571,275.896,5.44968,68,47,131,4.899,56441.2,2.444,0.3136,2007
FL,718,2.5444,276.473,5.1943,70,62,278,4.855,57548.2,2.4968,0.3136,2007
FL,719,2.5021,277.05,5.15963,79,15,921,4.717,56996.3,2.4001,0.3136,2007
FL,720,2.0469,277.629,4.80894,72,14,536,9.287,56825.7,2.2462,0.3136,2007
FL,721,2.088,278.209,4.98597,64,38,53,9.672,56872.5,2.1012,0.3136,2007
FL,722,2.1358,278.79,4.47259,62,38,368,9.836,56146.8,2.1376,0.3136,2007
FL,723,1.8447,279.372,3.68604,64,19,345,9.555,57089.0,2.206,0.3136,2007
FL,724,1.8701,279.956,4.46437,63,33,46,8.935,56901.7,2.2725,0.3136,2007
FL,725,2.2691,280.54,4.99124,70,23,257,9.042,57548.5,2.2522,0.3136,2007
FL,726,2.2663,281.126,5.41638,76,25,486,9.039,57939.3,2.3195,0.3136,2007
FL,727,2.3,281.714,5.73084,65,22,230,9.983,57781.9,2.5327,0.3136,2007
FL,728,2.2593,282.302,5.82511,67,24,605,9.225,57628.5,2.3663,0.3136,2007
FL,729,2.204,282.892,5.49577,83,38,286,9.199,58488.9,2.3135,0.3136,2007
FL,730,2.0782,283.483,5.3834,73,83,388,8.653,58365.6,2.3882,0.3136,2007
FL,731,2.0802,284.075,5.28607,88,35,171,9.678,58349.2,2.3495,0.3136,2007
FL,732,3.0211,284.668,5.28584,53,42,42,5.091,58230.8,2.2987,0.3136,2007
FL,733,3.0386,285.263,5.06978,55,39,340,5.357,58944.5,2.3211,0.3136,2007
FL,734,3.0462,285.859,5.27309,54,21,414,6.208,58688.9,2.2854,0.3136,2007
FL,735,3.0521,286.456,5.33452,64,36,391,5.334,56813.9,2.196,0.3136,2007
FL,736,3.0127,287.054,5.56683,67,43,531,5.545,58741.6,2.2159,0.3136,2007
FL,737,3.135,287.654,5.73529,69,15,490,5.261,59303.0,2.2893,0.3136,2007
FL,738,3.114,288.254,5.69604,63,21,101,5.316,58421.1,2.1312,0.3136,2007
FL,739,3.1669,288.856,5.76025,75,117,558,4.404,58535.8,2.3699,0.3136,2007
FL,740,3.1193,289.46,5.55559,78,29,351,5.314,57480.6,2.4047,0.3136,2007
FL,741,3.0768,290.064,5.67706,72,40,249,4.773,59502.1,2.4583,0.3136,2007
FL,742,2.9943,290.67,5.33087,67,76,239,5.307,58550.9,2.4595,0.3136,2007
FL,743,2.9247,291.277,5.3033,58,48,861,4.222,59228.1,2.3883,0.3136,2007
FL,744,3.8583,291.886,4.94735,73,60,210,5.712,58443.7,2.2417,0.3136,2007
FL,745,4.0259,292.496,5.12336,71,29,355,5.184,59428.5,2.3023,0.3136,2007
FL,746,4.0573,293.106,5.16084,53,14,265,4.976,58672.4,2.1771,0.3136,2007
FL,747,4.0011,293.719,5.20849,62,49,89,6.275,58613.8,2.1699,0.3136,2007
FL,748,4.5339,294.332,5.22053,50,15,258,5.555,60310.7,2.1122,0.3136,2007
FL,749,5.1592,294.947,5.54469,70,23,342,4.656,59872.0,2.2101,0.3136,2007
FL,750,4.2379,295.563,5.64094,48,104,428,4.658,59339.0,2.3949,0.3136,2007
FL,751,4.1169,296.18,5.43545,58,41,391,4.669,60283.1,2.3942,0.3136,2007
FL,752,4.1256,296.799,5.59276,53,55,54,4.877,60484.7,2.4936,0.3136,2007
FL,753,3.9873,297.419,5.17293,75,91,213,4.026,59068.1,2.4985,0.3136,2007
FL,754,3.9169,298.04,5.05033,71,49,451,4.805,61385.4,2.5384,0.3136,2007
FL,755,3.9621,298.663,5.07379,69,33,421,4.163,59837.7,2.396,0.3136,2007
FL,756,3.4287,299.287,5.02825,75,30,142,5.585,60927.5,2.4618,0.3136,2007
FL,757,3.4079,299.912,5.12255,72,37,420,4.851,60657.1,2.163,0.3136,2007
FL,758,3.4468,300.538,5.32441,64,32,223,4.557,60690.8,2.3104,0.3136,2007
FL,759,3.5109,301.166,5.57364,45,39,331,5.463,61319.3,2.1875,0.3136,2007
FL,760,3.5473,301.795,5.71713,67,59,181,6.421,60535.1,2.1332,0.3136,2007
FL,761,3.6397,302.425,5.67118,64,20,208,4.794,61214.4,2.2555,0.3136,2007
FL,762,3.5828,303.057,5.8961,52,50,467,4.849,61072.9,2.283,0.3136,2007
FL,763,3.6103,303.69,5.73131,56,70,222,5.3,60086.6,2.3747,0.3136,2007
FL,764,3.6025,304.324,5.9605,75,47,416,5.075,61525.7,2.3043,0.3136,2007
FL,765,3.5451,304.96,5.59728,69,43,563,5.429,60465.4,2.5481,0.3136,2007
FL,766,3.4992,305.597,5.30977,66,19,565,4.56,60656.1,2.3526,0.3136,2007
FL,767,3.564,306.235,5.19976,62,11,361,5.042,60976.3,2.3884,0.3136,2007
FL,768,3.3412,306.875,5.27993,67,28,395,5.692,60729.0,2.2535,0.3136,2007
FL,769,3.3259,307.516,5.35987,62,59,241,5.41,60613.0,2.2548,0.3136,2007
FL,770,3.2738,308.158,5.34285,72,27,343,5.52,62209.1,2.3369,0.3136,2007
FL,771,3.4736,308.802,5.63937,56,17,301,5.815,60741.1,2.1853,0.3136,2007
FL,772,3.4981,309.447,5.75951,50,17,26,5.148,62115.2,2.1527,0.3136,2007
FL,773,3.4806,310.093,5.60903,64,36,354,5.147,61478.9,2.1792,0.3136,2007
FL,774,3.5118,310.741,6.04649,55,56,228,4.939,63313.2,2.3151,0.3136,2007
FL,775,3.4144,311.39,5.96433,82,15,923,5.264,61586.0,2.4472,0.3136,2007
FL,776,3.4415,312.041,6.15918,56,33,125,4.116,64130.4,2.389,0.3136,2007
FL,777,3.3569,312.692,5.70522,73,68,178,4.289,61758.2,2.3951,0.3136,2007
FL,778,3.2372,313.345,5.37857,87,42,151,4.872,61571.3,2.4651,0.3136,2007
FL,779,3.2607,314.0,5.45323,63,28,761,5.506,63094.9,2.3722,0.3136,2007
GA,540,2.0475,190.7,3.49785,59,64,272,4.595,42754.8,2.36,0.2852,2009
GA,541,2.0767,191.098,3.40703,47,47,105,4.848,41658.3,2.2739,0.2852,2009
GA,542,2.1035,191.497,3.52391,44,22,211,6.062,41792.0,2.0443,0.2852,2009
GA,543,2.1352,191.897,3.53727,44,18,235,5.0,42156.4,2.1644,0.2852,2009
GA,544,2.1851,192.298,3.71735,61,18,238,4.548,42057.5,2.1292,0.2852,2009
GA,545,2.2093,192.7,3.87067,47,51,227,5.661,42254.8,2.1906,0.2852,2009
GA,546,2.209,193.102,3.92551,63,64,734,5.117,42273.9,2.2746,0.2852,2009
GA,547,2.2344,193.506,3.78605,50,27,158,5.032,41768.4,2.5361,0.2852,2009
GA,548,2.2158,193.91,3.76809,72,22,310,4.31,42431.3,2.5011,0.2852,2009
GA,549,2.143,194.315,3.64454,66,46,357,4.618,43573.7,2.5278,0.2852,2009
GA,550,2.1077,194.721,3.5051,69,29,274,5.059,42363.8,2.3947,0.2852,2009
GA,551,2.0339,195.128,3.57422,60,17,129,4.324,43322.4,2.3745,0.2852,2009
GA,552,2.2956,195.535,3.44832,37,20,124,5.523,42570.7,2.3359,0.2852,2009
GA,553,2.2976,195.944,3.52092,58,14,141,5.287,43037.2,2.3821,0.2852,2009
GA,554,2.3291,196.353,3.45614,36,18,36,5.289,42784.2,2.1229,0.2852,2009
GA,555,2.4245,196.763,3.77873,54,30,204,5.229,43903.6,2.1669,0.2852,2009
GA,556,2.4623,197.174,3.75135,51,13,144,5.699,44315.9,2.3126,0.2852,2009
GA,557,2.5044,197.586,3.74222,60,26,59,4.223,42235.1,2.2013,0.2852,2009
GA,558,2.566,197.999,3.81775,51,32,103,4.806,43210.5,2.2767,0.2852,2009
GA,559,2.5954,198.412,3.77491,63,32,264,4.923,42961.6,2.4291,0.2852,2009
GA,560,2.476,198.827,3.68839,69,62,316,5.532,44363.0,2.4097,0.2852,2009
GA,561,2.4708,199.242,3.71601,58,37,199,4.628,43911.2,2.4375,0.2852,2009
GA,562,2.4036,199.658,3.52818,63,51,372,5.086,43363.0,2.2973,0.2852,2009
GA,563,2.3554,200.075,3.37841,70,49,101,4.403,43543.4,2.3026,0.2852,2009
GA,564,2.4845,200.493,3.42307,51,21,85,4.916,43541.5,2.3331,0.2852,2009
GA,565,2.5525,200.912,3.43298,55,8,176,5.434,43716.8,2.266,0.2852,2009
GA,566,2.5167,201.331,3.56985,39,25,125,4.893,44346.3,2.2555,0.2852,2009
GA,567,2.5751,201.752,3.72294,49,16,247,5.36,43843.6,2.3131,0.2852,2009
GA,568,2.6194,202.173,3.59278,51,40,365,5.501,43974.2,2.1095,0.2852,2009
GA,569,2.6126,202.596,3.84525,53,21,219,5.416,45014.2,2.2507,0.2852,2009
GA,570,2.6976,203.019,3.8095,69,40,50,5.188,44211.9,2.447,0.2852,2009
GA,571,2.7243,203.443,3.8742,49,70,109,4.097,43555.8,2.3491,0.2852,2009
GA,572,2.6529,203.868,3.75657,53,20,262,4.986,44603.5,2.3968,0.2852,2009
GA,573,2.591,204.294,3.61087,59,53,348,5.441,43539.0,2.4517,0.2852,2009
GA,574,2.5403,204.72,3.47598,49,10,57,4.811,44212.7,2.3861,0.2852,2009
GA,575,2.6023,205.148,3.42183,55,14,97,4.298,44099.6,2.5543,0.2852,2009
GA,576,2.9182,205.576,3.21137,53,46,446,8.25,43520.4,2.575,0.2852,2009
GA,577,2.9701,206.006,3.1427,45,31,144,9.047,42874.5,2.5038,0.2852,2009
GA,578,2.8699,206.436,3.34349,37,7,203,8.802,42493.7,2.3169,0.2852,2009
GA,579,3.0025,206.867,3.39262,49,28,258,8.598,44438.1,2.4046,0.2852,2009
GA,580,3.1037,207.299,3.5229,55,21,63,8.58,42966.1,2.4188,0.2852,2009
GA,581,3.8112,207.732,3.59863,54,7,279,7.935,43417.4,2.5377,0.2852,2009
GA,582,3.9401,208.166,3.60399,51,19,156,7.367,44750.8,2.5603,0.2852,2009
GA,583,3.1498,208.601,3.62526,70,31,229,7.908,43842.2,2.6637,0.2852,2009
GA,584,3.132,209.037,3.44612,44,25,134,8.291,43628.1,2.5782,0.2852,2009
GA,585,3.0418,209.474,3.41964,62,8,219,7.201,44306.8,2.7236,0.2852,2009
GA,586,1.9601,209.911,3.53352,68,52,467,7.583,43819.3,2.645,0.2852,2009
GA,587,1.5755,210.35,3.43341,55,26,72,7.394,44314.6,2.5837,0.2852,2009
GA,588,2.0823,210.789,3.43056,53,12,243,8.184,44320.9,2.4656,0.2852,2009
GA,589,2.0829,211.229,3.47978,59,40,195,7.651,44240.8,2.5644,0.2852,2009
GA,590,2.1274,211.67,3.76753,53,6,245,8.256,44179.3,2.4336,0.2852,2009
GA,591,2.2195,212.113,3.84377,53,2,72,7.707,43464.4,2.2996,0.2852,2009
GA,592,2.2436,212.556,3.9345,52,41,251,8.251,45308.9,2.3,0.2852,2009
GA,593,2.3196,213.0,3.85907,56,19,320,8.576,44576.4,2.3525,0.2852,2009
GA,594,2.2943,213.444,4.03378,44,33,100,7.636,44536.0,2.5335,0.2852,2009
GA,595,2.3066,213.89,3.95807,66,13,298,7.357,44855.1,2.5804,0.2852,2009
GA,596,2.2274,214.337,3.77333,45,38,178,8.073,44580.3,2.6869,0.2852,2009
GA,597,2.1859,214.785,3.76024,62,27,138,7.213,44332.3,2.6832,0.2852,2009
GA,598,2.1477,215.233,3.50641,55,42,65,7.981,44882.0,2.6352,0.2852,2009
GA,599,2.1264,215.683,3.57901,81,48,203,7.772,44272.1,2.498,0.2852,2009
GA,600,2.5284,216.133,3.45356,49,59,260,8.675,46065.8,2.6648,0.2852,2009
GA,601,2.5852,216.585,3.51285,58,30,182,8.104,44974.6,2.3502,0.2852,2009
GA,602,2.6106,217.037,3.57451,63,24,167,8.429,45890.9,2.4471,0.2852,2009
GA,603,2.6297,217.491,3.68197,44,24,88,8.677,45526.0,2.2736,0.2852,2009
GA,604,2.6695,217.945,3.77038,53,18,315,8.21,45338.0,2.3545,0.2852,2009
GA,605,2.7071,218.4,3.84211,61,34,49,8.488,45118.3,2.4342,0.2852,2009
GA,606,2.6875,218.856,3.91355,60,21,471,7.704,46248.5,2.5867,0.2852,2009
GA,607,2.7346,219.313,3.97541,55,29,147,7.972,44958.5,2.7268,0.2852,2009
GA,608,2.6327,219.772,3.84045,60,61,721,7.122,46025.9,2.6047,0.2852,2009
GA,609,2.5996,220.231,3.58199,65,33,310,6.904,45807.3,2.7246,0.2852,2009
GA,610,2.5359,220.691,3.49958,72,25,126,7.862,45932.6,2.5026,0.2852,2009
GA,611,2.5349,221.152,3.49921,67,28,152,7.858,46642.0,2.5815,0.2852,2009
GA,612,3.2169,221.614,3.48514,57,17,310,5.178,46711.4,2.2814,0.2852,2009
GA,613,3.2027,222.076,3.6318,36,5,50,4.415,47780.2,2.1642,0.2852,2009
GA,614,3.3133,222.54,3.57387,53,23,284,4.691,47677.4,2.0668,0.2852,2009
GA,615,3.378,223.005,3.76085,61,13,98,5.166,47762.4,2.0707,0.2852,2009
GA,616,3.4207,223.471,3.77006,54,19,126,4.809,47404.7,2.1707,0.2852,2009
GA,617,3.4294,223.938,4.01728,57,29,205,4.855,47634.0,2.1917,0.2852,2009
GA,618,3.3931,224.405,4.1589,48,27,95,4.049,48445.0,2.27,0.2852,2009
GA,619,3.3641,224.874,4.05721,53,50,291,4.923,48756.1,2.2412,0.2852,2009
GA,620,3.3762,225.344,3.86034,47,22,304,4.846,48132.2,2.3822,0.2852,2009
GA,621,3.3028,225.815,3.77279,63,27,335,4.689,48614.7,2.4127,0.2852,2009
GA,622,3.2662,226.286,3.58262,58,40,124,5.105,48330.6,2.5708,0.2852,2009
GA,623,3.2105,226.759,3.43932,68,20,128,4.888,47971.7,2.3557,0.2852,2009
GA,624,3.3213,227.233,3.44051,52,16,231,4.828,48254.5,2.3577,0.2852,2009
GA,625,3.3539,227.707,3.60445,58,25,173,4.585,48745.4,2.2236,0.2852,2009
GA,626,3.4235,228.183,3.67264,67,15,206,5.657,47990.5,2.2345,0.2852,2009
GA,627,3.4043,228.659,3.75201,54,21,184,4.632,48210.8,2.0587,0.2852,2009
GA,628,3.5603,229.137,3.90306,42,73,249,5.357,49263.4,2.1497,0.2852,2009
GA,629,3.5784,229.616,3.90096,55,26,204,5.311,48977.0,2.2385,0.2852,2009
GA,630,3.5553,230.095,4.08522,44,38,272,4.985,49107.1,2.3787,0.2852,2009
GA,631,3.5106,230.576,4.01866,52,22,58,5.003,48376.9,2.2594,0.2852,2009
GA,632,3.4788,231.057,3.97045,64,14,185,4.966,48953.3,2.4301,0.2852,2009
GA,633,3.3639,231.54,3.71125,67,32,177,4.998,49445.4,2.465,0.2852,2009
GA,634,3.3676,232.024,3.72988,67,47,274,4.911,48888.0,2.4231,0.2852,2009
GA,635,3.3098,232.508,3.60093,64,66,166,5.185,49996.7,2.4066,0.2852,2009
GA,636,3.1777,232.994,3.55629,44,61,430,4.802,49031.2,2.3862,0.2852,2009
GA,637,3.166,233.481,3.64656,35,43,130,5.061,48776.8,2.2401,0.2852,2009
GA,638,3.1692,233.968,3.6749,34,24,138,5.685,49248.9,2.1389,0.2852,2009
GA,639,3.2404,234.457,4.05478,43,20,234,4.788,50071.7,2.0606,0.2852,2009
GA,640,3.4084,234.947,4.01541,50,19,276,5.01,49556.5,2.2837,0.2852,2009
GA,641,3.3747,235.438,3.89904,51,37,220,5.262,49377.4,2.3758,0.2852,2009
GA,642,3.3426,235.929,4.13196,49,15,137,4.755,48975.5,2.2859,0.2852,2009
GA,643,3.4238,236.422,4.19086,49,27,170,4.337,50025.2,2.4321,0.2852,2009
GA,644,3.3875,236.916,3.9261,47,32,239,5.303,50689.0,2.4267,0.2852,2009
GA,645,3.3114,237.411,3.8901,49,11,346,4.603,49084.3,2.4314,0.2852,2009
GA,646,3.3851,237.907,3.69084,50,52,339,4.745,50020.3,2.4793,0.2852,2009
GA,647,3.3074,238.404,3.58294,56,27,324,4.636,50475.7,2.2799,0.2852,2009
GA,648,3.0703,238.902,3.57039,63,13,59,5.421,50412.8,2.3151,0.2852,2009
GA,649,2.9762,239.401,3.74405,47,33,177,5.136,50786.0,2.2666,0.2852,2009
GA,650,3.0098,239.901,3.93711,45,40,229,4.714,50333.2,2.1578,0.2852,2009
GA,651,3.1419,240.402,3.95938,44,13,200,5.287,49833.4,2.1392,0.2852,2009
GA,652,3.1542,240.904,4.21088,37,31,234,4.838,50276.7,2.1683,0.2852,2009
GA,653,3.4719,241.407,4.40438,45,9,181,5.509,51250.2,2.1242,0.2852,2009
GA,654,3.237,241.911,4.15649,51,43,61,5.388,50481.4,2.3298,0.2852,2009
GA,655,3.2348,242.417,4.25802,66,7,115,4.568,51388.0,2.3342,0.2852,2009
GA,656,3.2598,242.923,4.01696,47,27,646,4.409,50415.3,2.3589,0.2852,2009
GA,657,3.2414,243.43,3.97242,56,17,156,4.547,51448.7,2.5904,0.2852,2009
GA,658,3.1354,243.939,3.82337,61,56,285,4.96,50650.0,2.3297,0.2852,2009
GA,659,3.0693,244.448,3.89003,54,15,205,4.636,52368.6,2.3738,0.2852,2009
GA,660,1.9705,244.959,3.94483,51,24,271,4.897,51724.0,2.3446,0.2852,2009
GA,661,2.1932,245.471,3.95804,50,20,206,5.422,51007.3,2.3335,0.2852,2009
GA,662,2.2757,245.983,4.11012,44,13,73,5.321,51751.6,2.1711,0.2852,2009
GA,663,2.2945,246.497,4.14987,42,18,196,5.742,51254.2,2.2608,0.2852,2009
GA,664,2.3223,247.012,4.37752,42,11,214,5.424,51521.7,2.1207,0.2852,2009
GA,665,2.375,247.528,4.59957,52,23,365,5.57,51307.2,2.1963,0.2852,2009
GA,666,2.3484,248.045,4.69389,44,20,434,4.689,51366.3,2.5232,0.2852,2009
GA,667,2.3655,248.563,4.39505,77,67,214,5.362,52113.9,2.2724,0.2852,2009
GA,668,2.3506,249.082,4.52985,62,43,412,5.82,52164.1,2.5375,0.2852,2009
GA,669,2.2796,249.603,4.43344,63,30,371,4.948,51776.7,2.4893,0.2852,2009
GA,670,2.2453,250.124,4.10193,74,37,101,4.709,51637.5,2.4274,0.2852,2009
GA,671,2.2165,250.646,4.047,53,83,340,5.27,51351.2,2.3071,0.2852,2009
GA,672,1.8834,251.17,4.06076,50,29,172,4.837,52545.6,2.2496,0.2852,2009
GA,673,1.8627,251.694,4.19837,52,14,193,5.741,51034.9,2.1079,0.2852,2009
GA,674,1.9141,252.22,4.3597,70,31,282,5.142,52101.1,2.0963,0.2852,2009
GA,675,2.0499,252.747,4.42019,60,25,107,6.156,51919.0,2.2247,0.2852,2009
GA,676,2.0531,253.275,4.7071,51,18,127,5.246,52475.6,2.2305,0.2852,2009
GA,677,2.0725,253.804,4.76981,53,24,60,5.097,54008.2,2.106,0.2852,2009
GA,678,2.1217,254.334,4.83056,58,38,112,4.724,53736.5,2.2354,0.2852,2009
GA,679,2.1328,254.865,4.71269,46,107,321,5.018,51999.3,2.2804,0.2852,2009
GA,680,2.0884,255.398,4.5701,51,48,477,4.652,53714.6,2.4137,0.2852,2009
GA,681,1.9771,255.931,4.39651,62,40,106,5.28,53557.5,2.3605,0.2852,2009
GA,682,1.9416,256.466,4.58384,61,72,281,4.377,53430.9,2.4019,0.2852,2009
GA,683,1.9417,257.001,4.14665,62,33,304,4.634,52746.4,2.4328,0.2852,2009
GA,684,2.1577,257.538,4.35459,82,22,490,4.729,53945.7,2.3804,0.2852,2009
GA,685,2.1305,258.076,4.32184,59,32,474,4.907,53453.0,2.1335,0.2852,2009
GA,686,2.1846,258.615,4.35252,45,16,229,5.382,53299.1,2.2358,0.2852,2009
GA,687,2.2693,259.155,4.48863,52,31,466,5.655,53817.8,2.0457,0.2852,2009
GA,688,2.3363,259.697,4.50686,55,56,475,5.185,52924.4,2.1175,0.2852,2009
GA,689,2.4074,260.239,4.68719,50,60,241,5.049,53565.8,2.0939,0.2852,2009
GA,690,2.4338,260.783,4.93299,48,46,419,4.493,53707.6,2.3196,0.2852,2009
GA,691,2.3702,261.327,4.74697,50,26,445,4.88,52881.1,2.3392,0.2852,2009
GA,692,2.3223,261.873,4.69275,59,35,506,5.203,54707.8,2.5899,0.2852,2009
GA,693,2.3071,262.42,4.44201,46,29,330,4.958,54174.0,2.3694,0.2852,2009
GA,694,2.2644,262.968,4.39027,75,55,360,4.871,54840.7,2.4537,0.2852,2009
GA,695,2.1948,263.518,4.20521,66,27,378,5.033,54064.8,2.324,0.2852,2009
GA,696,2.4541,264.068,4.25685,58,33,291,4.569,54880.2,2.2542,0.2852,2009
GA,697,2.4193,264.62,4.19998,55,20,292,5.084,53532.6,2.1345,0.2852,2009
GA,698,2.4893,265.172,4.33896,50,137,239,5.999,53790.8,2.1448,0.2852,2009
GA,699,2.501,265.726,4.53536,42,27,212,5.417,55132.1,2.1972,0.2852,2009
GA,700,2.6007,266.281,4.7011,49,7,154,4.425,54794.8,2.2766,0.2852,2009
GA,701,2.6018,266.838,4.77514,66,67,94,5.263,55126.5,2.3066,0.2852,2009
GA,702,2.6962,267.395,4.64765,58,44,37,4.41,54684.8,2.2726,0.2852,2009
GA,703,2.6503,267.953,4.62923,60,47,95,5.253,56322.8,2.2867,0.2852,2009
GA,704,2.5759,268.513,4.6069,56,22,343,4.658,55040.2,2.2257,0.2852,2009
GA,705,2.5008,269.074,4.59582,61,21,701,4.993,54426.4,2.5299,0.2852,2009
GA,706,2.5472,269.636,4.43634,52,8,129,4.257,54982.2,2.4392,0.2852,2009
GA,707,2.4612,270.199,4.16023,70,50,507,5.365,55445.1,2.3492,0.2852,2009
GA,708,2.3691,270.764,4.06394,61,32,312,5.111,55560.2,2.3083,0.2852,2009
GA,709,2.419,271.329,4.44442,60,29,208,4.775,56109.5,2.3212,0.2852,2009
GA,710,2.3732,271.896,4.5033,42,30,142,5.309,55560.0,2.0527,0.2852,2009
GA,711,2.4122,272.464,4.50901,57,23,141,6.109,55000.8,2.149,0.2852,2009
GA,712,2.4893,273.033,4.65598,58,12,124,5.234,56608.0,2.1976,0.2852,2009
GA,713,2.5534,273.603,4.86187,54,24,97,5.223,56301.4,2.1857,0.2852,2009
GA,714,2.5794,274.175,4.90733,66,42,857,4.801,56618.4,2.3641,0.2852,2009
GA,715,2.5857,274.747,4.78802,57,67,250,4.415,56233.1,2.5088,0.2852,2009
GA,716,2.5054,275.321,4.861,53,56,438,4.563,56460.7,2.3839,0.2852,2009
GA,717,2.4872,275.896,4.40271,62,33,79,4.654,56814.0,2.3906,0.2852,2009
GA,718,2.3848,276.473,4.53069,62,52,145,4.565,57223.2,2.3735,0.2852,2009
GA,719,2.4061,277.05,4.41389,49,49,693,4.819,56951.7,2.3738,0.2852,2009
GA,720,1.9473,277.629,4.25297,60,31,180,10.09,57939.2,2.2145,0.2852,2009
GA,721,1.9645,278.209,4.4359,62,27,364,8.828,56273.3,2.2179,0.2852,2009
GA,722,2.0119,278.79,3.77032,57,15,78,9.911,56487.6,2.2114,0.2852,2009
GA,723,1.7624,279.372,3.2493,54,32,18,9.85,56544.2,2.1256,0.2852,2009
GA,724,1.7707,279.956,3.76467,56,17,392,10.015,57193.9,2.1657,0.2852,2009
GA,725,2.1494,280.54,4.25811,54,80,232,9.954,57548.9,2.1971,0.2852,2009
GA,726,2.1629,281.126,4.72786,52,52,533,8.27,57906.0,2.2851,0.2852,2009
GA,727,2.0986,281.714,5.0694,66,33,461,9.859,57260.5,2.369,0.2852,2009
GA,728,2.1092,282.302,4.96129,67,64,577,9.364,57538.0,2.3303,0.2852,2009
GA,729,2.0572,282.892,4.55015,70,44,199,10.554,56900.4,2.4852,0.2852,2009
GA,730,2.0477,283.483,4.43737,60,63,174,8.798,57334.0,2.5397,0.2852,2009
GA,731,1.9663,284.075,4.44152,70,54,367,9.325,57455.0,2.4735,0.2852,2009
GA,732,2.6922,284.668,4.54521,53,74,277,5.397,57900.3,2.3187,0.2852,2009
GA,733,2.6676,285.263,4.43986,52,66,413,5.386,58556.3,1.9972,0.2852,2009
GA,734,2.6593,285.859,4.36837,49,37,326,5.887,57732.3,2.1716,0.2852,2009
GA,735,2.7922,286.456,4.59545,36,13,136,5.07,58338.0,2.1645,0.2852,2009
GA,736,2.8501,287.054,4.70412,60,33,423,5.303,58656.0,2.1603,0.2852,2009
GA,737,2.8788,287.654,4.87224,70,60,294,5.174,58562.6,2.1622,0.2852,2009
GA,738,2.8953,288.254,4.92687,57,48,279,5.169,58341.6,2.2676,0.2852,2009
GA,739,2.8807,288.856,4.87965,55,39,108,5.719,58941.1,2.366,0.2852,2009
GA,740,2.8639,289.46,4.60618,53,34,225,4.634,57549.5,2.6233,0.2852,2009
GA,741,2.8418,290.064,4.50234,68,24,220,4.713,57687.8,2.5759,0.2852,2009
GA,742,2.8841,290.67,4.48938,71,20,272,5.079,59920.0,2.3295,0.2852,2009
GA,743,2.8027,291.277,4.5886,48,16,260,4.855,58972.1,2.4356,0.2852,2009
GA,744,3.723,291.886,4.36713,44,42,25,4.833,59674.2,2.2329,0.2852,2009
GA,745,3.7834,292.496,4.39147,48,24,224,5.253,59190.5,2.069,0.2852,2009
GA,746,3.8643,293.106,4.24423,38,28,492,5.459,59383.1,2.1636,0.2852,2009
GA,747,3.7832,293.719,4.3798,59,41,191,5.466,59473.6,1.9911,0.2852,2009
GA,748,4.2751,294.332,4.65362,57,16,66,5.292,58790.5,2.0933,0.2852,2009
GA,749,4.584,294.947,4.62381,57,34,96,4.902,60810.3,2.2271,0.2852,2009
GA,750,3.7339,295.563,4.75007,45,28,581,4.084,60229.4,2.3184,0.2852,2009
GA,751,3.7035,296.18,5.03793,58,26,326,4.219,60553.6,2.3561,0.2852,2009
GA,752,3.6752,296.799,4.78896,55,63,420,4.863,60489.3,2.4191,0.2852,2009
GA,753,3.6607,297.419,4.47118,44,20,38,4.62,59502.0,2.4309,0.2852,2009
GA,754,3.6024,298.04,4.52213,66,27,255,4.449,58838.2,2.4035,0.2852,2009
GA,755,3.5728,298.663,4.11071,70,18,97,4.564,59333.5,2.4216,0.2852,2009
GA,756,3.0344,299.287,4.2881,57,42,192,5.064,60813.4,2.4021,0.2852,2009
GA,757,3.0394,299.912,4.4171,42,30,422,6.048,60451.1,2.2977,0.2852,2009
GA,758,3.054,300.538,4.56647,47,34,53,4.564,59933.6,2.0905,0.2852,2009
GA,759,3.2643,301.166,4.90279,47,23,134,5.618,60623.9,2.0897,0.2852,2009
GA,760,3.3644,301.795,4.93548,58,52,329,5.22,60701.7,2.0598,0.2852,2009
GA,761,3.4287,302.425,5.05089,43,39,257,4.692,61915.8,2.1762,0.2852,2009
GA,762,3.4128,303.057,5.02897,56,60,440,4.989,61626.3,2.4289,0.2852,2009
GA,763,3.3821,303.69,5.16203,56,44,158,4.843,62445.0,2.3225,0.2852,2009
GA,764,3.3181,304.324,4.94685,61,27,519,4.877,61054.9,2.3631,0.2852,2009
GA,765,3.329,304.96,4.66402,50,43,44,4.785,60936.3,2.4025,0.2852,2009
GA,766,3.2491,305.597,4.5025,55,47,733,4.945,59831.5,2.39,0.2852,2009
GA,767,3.2036,306.235,4.32905,52,49,141,5.634,61587.2,2.3683,0.2852,2009
GA,768,3.0443,306.875,4.49688,44,38,802,4.746,62041.2,2.3596,0.2852,2009
GA,769,2.9901,307.516,4.48514,43,9,184,4.865,61148.5,2.3725,0.2852,2009
GA,770,3.1171,308.158,4.51158,44,48,181,5.292,60327.8,2.171,0.2852,2009
GA,771,3.235,308.802,4.76791,53,30,162,4.808,62322.6,2.1642,0.2852,2009
GA,772,3.2755,309.447,4.99088,54,84,297,5.14,61310.6,2.1191,0.2852,2009
GA,773,3.2698,310.093,5.13306,48,30,31,4.81,61443.9,2.2009,0.2852,2009
GA,774,3.1255,310.741,5.18066,54,47,227,4.864,63311.8,2.2398,0.2852,2009
GA,775,3.274,311.39,5.0364,51,100,257,4.793,61432.3,2.3641,0.2852,2009
GA,776,3.162,312.041,4.75218,67,50,497,4.732,61793.8,2.5982,0.2852,2009
GA,777,3.0964,312.692,4.83953,50,25,610,4.56,62539.2,2.2861,0.2852,2009
GA,778,3.0274,313.345,4.88487,53,41,360,4.951,63275.9,2.3475,0.2852,2009
GA,779,2.9755,314.0,4.62941,62,79,463,5.042,62052.4,2.2634,0.2852,2009
HI,540,2.7096,190.7,1.54116,36,2,71,4.839,41177.0,2.3616,0.3985,2004
HI,541,2.724,191.098,1.54368,29,13,35,5.111,42296.2,2.2633,0.3985,2004
HI,542,2.8123,191.497,1.60955,21,9,67,5.609,42254.2,2.1765,0.3985,2004
HI,543,2.9168,191.897,1.67423,15,10,121,5.45,41768.7,2.175,0.3985,2004
HI,544,3.0885,192.298,1.7692,21,23,151,5.252,41695.5,2.2811,0.3985,2004
HI,545,3.0038,192.7,1.79243,28,15,48,4.96,42690.7,2.0596,0.3985,2004
HI,546,3.052,193.102,1.85108,23,11,244,5.033,43472.1,2.3759,0.3985,2004
HI,547,3.0374,193.506,1.72152,27,17,259,5.099,41868.1,2.2961,0.3985,2004
HI,548,2.93,193.91,1.79871,28,5,125,4.825,43593.8,2.3732,0.3985,2004
HI,549,2.8692,194.315,1.69884,30,9,63,4.402,42724.7,2.4555,0.3985,2004
HI,550,2.787,194.721,1.61736,28,34,25,4.781,42423.1,2.4902,0.3985,2004
HI,551,2.674,195.128,1.62801,30,16,209,4.514,42123.3,2.4497,0.3985,2004
HI,552,3.0332,195.535,1.5675,35,7,86,4.79,43009.8,2.3827,0.3985,2004
HI,553,3.0908,195.944,1.59011,29,5,31,5.017,42434.5,2.2848,0.3985,2004
HI,554,3.1361,196.353,1.72506,31,3,63,4.921,44014.6,2.1094,0.3985,2004
HI,555,3.1525,196.763,1.78479,20,7,184,5.41,43696.3,2.0674,0.3985,2004
HI,556,3.2011,197.174,1.72366,24,26,102,4.965,42245.9,2.1428,0.3985,2004
HI,557,3.2673,197.586,1.78288,31,17,201,5.381,43439.7,2.2335,0.3985,2004
HI,558,3.311,197.999,1.82861,26,21,39,4.273,44089.2,2.1808,0.3985,2004
HI,559,3.3045,198.412,1.77757,31,11,354,5.563,43582.7,2.3747,0.3985,2004
HI,560,3.2139,198.827,1.76683,31,17,69,4.906,43473.9,2.4167,0.3985,2004
HI,561,3.1353,199.242,1.72139,34,32,22,5.086,43641.9,2.5083,0.3985,2004
HI,562,3.0811,199.658,1.60064,35,11,68,4.827,43634.1,2.4518,0.3985,2004
HI,563,3.0387,200.075,1.57988,29,5,133,4.7,43620.5,2.4622,0.3985,2004
HI,564,3.3773,200.493,1.56779,24,8,134,5.323,44291.3,2.3533,0.3985,2004
HI,565,3.3881,200.912,1.57664,15,22,82,4.719,43422.0,2.2214,0.3985,2004
HI,566,3.4051,201.331,1.62701,26,5,66,4.953,43798.3,2.2235,0.3985,2004
HI,567,3.5394,201.752,1.63177,31,23,105,5.117,44538.3,2.178,0.3985,2004
HI,568,3.5525,202.173,1.74886,25,6,113,5.494,43652.2,2.1919,0.3985,2004
HI,569,3.5531,202.596,1.7821,14,9,98,5.722,44513.7,2.2878,0.3985,2004
HI,570,3.6412,203.019,1.86309,30,19,159,4.6,44887.0,2.3841,0.3985,2004
HI,571,3.5441,203.443,1.76062,29,32,101,5.543,44827.6,2.3681,0.3985,2004
HI,572,3.4642,203.868,1.7752,28,8,134,5.125,44323.9,2.3978,0.3985,2004
HI,573,3.4443,204.294,1.70553,26,29,226,4.773,44136.6,2.5344,0.3985,2004
HI,574,3.4198,204.72,1.65045,20,7,69,4.729,44772.2,2.3734,0.3985,2004
HI,575,3.2586,205.148,1.66258,30,16,67,4.589,43501.2,2.136,0.3985,2004
HI,576,3.8464,205.576,1.55678,12,6,28,7.771,43029.2,2.4863,0.3985,2004
HI,577,3.8797,206.006,1.5042,15,21,15,7.207,43322.2,2.3839,0.3985,2004
HI,578,3.9717,206.436,1.53947,21,4,79,8.325,43337.3,2.453,0.3985,2004
HI,579,3.9895,206.867,1.60644,20,11,85,8.73,43318.4,2.3398,0.3985,2004
HI,580,4.0943,207.299,1.62358,20,25,51,8.195,43255.5,2.3393,0.3985,2004
HI,581,5.0113,207.732,1.65852,13,6,44,7.386,43488.0,2.4114,0.3985,2004
HI,582,5.1044,208.166,1.70376,21,33,103,7.886,43687.1,2.5499,0.3985,2004
HI,583,4.1971,208.601,1.67854,24,15,118,6.977,43785.6,2.5622,0.3985,2004
HI,584,4.1098,209.037,1.60223,16,11,158,6.826,43456.0,2.679,0.3985,2004
HI,585,3.9907,209.474,1.56241,28,5,166,7.625,44643.3,2.7753,0.3985,2004
HI,586,2.6502,209.911,1.6211,35,11,107,7.445,45513.9,2.621,0.3985,2004
HI,587,2.1112,210.35,1.57515,27,19,42,8.095,44532.6,2.6182,0.3985,2004
HI,588,2.7497,210.789,1.64406,27,5,59,8.412,43334.0,2.3689,0.3985,2004
HI,589,2.7512,211.229,1.60482,20,8,51,8.189,44119.1,2.2856,0.3985,2004
HI,590,2.8453,211.67,1.65586,25,16,52,8.859,45021.6,2.318,0.3985,2004
HI,591,2.8471,212.113,1.77814,15,6,33,7.737,44675.6,2.4454,0.3985,2004
HI,592,2.9428,212.556,1.86087,26,10,64,8.374,44363.2,2.3251,0.3985,2004
HI,593,2.9902,213.0,1.78713,17,12,224,8.116,43763.7,2.4488,0.3985,2004
HI,594,2.9919,213.444,1.89395,26,7,235,7.851,44704.5,2.5049,0.3985,2004
HI,595,3.0234,213.89,1.81494,33,22,217,8.111,44550.2,2.5654,0.3985,2004
HI,596,3.0106,214.337,1.73105,28,18,217,8.26,44422.7,2.6423,0.3985,2004
HI,597,2.9196,214.785,1.83351,29,13,70,7.993,45470.7,2.6719,0.3985,2004
HI,598,2.8307,215.233,1.73701,25,14,187,7.113,44589.8,2.6605,0.3985,2004
HI,599,2.7887,215.683,1.7468,36,16,344,8.453,44759.6,2.6228,0.3985,2004
HI,600,3.282,216.133,1.6103,24,8,121,8.191,44523.5,2.4644,0.3985,2004
HI,601,3.3804,216.585,1.61804,29,8,51,7.205,44352.1,2.1674,0.3985,2004
HI,602,3.416,217.037,1.72258,24,7,55,7.524,45515.5,2.2894,0.3985,2004
HI,603,3.5519,217.491,1.69685,21,17,106,8.081,45424.5,2.241,0.3985,2004
HI,604,3.6777,217.945,1.80554,22,12,91,8.281,47313.6,2.3646,0.3985,2004
HI,605,3.6438,218.4,1.89156,30,24,74,8.282,45505.3,2.4348,0.3985,2004
HI,606,3.7629,218.856,1.86186,23,21,162,7.857,45494.4,2.537,0.3985,2004
HI,607,3.7904,219.313,1.82219,28,19,24,7.12,44897.4,2.5717,0.3985,2004
HI,608,3.6696,219.772,1.82225,33,26,56,7.322,45866.3,2.5604,0.3985,2004
HI,609,3.597,220.231,1.68654,31,20,15,7.588,46678.7,2.6463,0.3985,2004
HI,610,3.3337,220.691,1.70334,39,12,152,7.621,46188.1,2.7139,0.3985,2004
HI,611,3.239,221.152,1.62756,14,20,51,7.499,45009.3,2.5891,0.3985,2004
HI,612,4.1474,221.614,1.66841,23,10,109,4.895,47687.5,2.4157,0.3985,2004
HI,613,4.2772,222.076,1.68165,17,13,12,4.708,47879.4,2.3456,0.3985,2004
HI,614,4.2543,222.54,1.68136,19,22,128,5.121,48217.6,2.1332,0.3985,2004
HI,615,4.3323,223.005,1.78571,22,11,81,5.779,47362.3,2.0327,0.3985,2004
HI,616,4.4794,223.471,1.8541,24,29,75,5.207,49154.2,2.1713,0.3985,2004
HI,617,4.6039,223.938,1.88342,24,33,100,4.343,47762.4,2.2064,0.3985,2004
HI,618,4.5171,224.405,1.8843,26,10,92,5.396,47814.7,2.3015,0.3985,2004
HI,619,4.4309,224.874,1.82933,31,6,143,5.011,47170.0,2.4789,0.3985,2004
HI,620,4.379,225.344,1.82004,29,12,290,4.895,48097.5,2.4199,0.3985,2004
HI,621,4.1657,225.815,1.86577,35,21,97,4.476,48109.2,2.4112,0.3985,2004
HI,622,4.0865,226.286,1.76046,28,31,163,5.329,48143.3,2.3911,0.3985,2004
HI,623,4.0925,226.759,1.68364,24,10,86,4.668,48165.7,2.3897,0.3985,2004
HI,624,4.2532,227.233,1.60157,27,15,58,4.333,47591.9,2.3112,0.3985,2004
HI,625,4.4008,227.707,1.70647,19,12,174,5.01,49104.1,2.1871,0.3985,2004
HI,626,4.518,228.183,1.66171,24,12,67,5.373,47477.0,2.1736,0.3985,2004
HI,627,4.5908,228.659,1.80566,18,10,82,5.169,48631.6,2.0295,0.3985,2004
HI,628,4.6183,229.137,1.84636,19,9,86,5.582,48997.8,2.1555,0.3985,2004
HI,629,4.7481,229.616,1.87834,18,20,52,5.626,49354.8,2.1591,0.3985,2004
HI,630,4.6822,230.095,1.83628,29,4,192,5.236,48825.4,2.1661,0.3985,2004
HI,631,4.6524,230.576,1.8964,17,35,86,4.805,49368.1,2.4136,0.3985,2004
HI,632,4.5033,231.057,1.8588,24,23,50,4.138,49431.3,2.7133,0.3985,2004
HI,633,4.4204,231.54,1.84849,25,10,81,4.464,48237.1,2.4261,0.3985,2004
HI,634,4.4751,232.024,1.72311,27,16,176,4.692,48706.5,2.2995,0.3985,2004
HI,635,4.4332,232.508,1.56672,26,6,76,5.504,48057.5,2.4244,0.3985,2004
HI,636,4.2468,232.994,1.73791,26,22,67,4.942,48988.3,2.4066,0.3985,2004
HI,637,4.3502,233.481,1.73185,24,10,91,4.732,48978.8,2.1197,0.3985,2004
HI,638,4.3387,233.968,1.66371,19,6,121,5.338,48840.1,2.2301,0.3985,2004
HI,639,4.3996,234.457,1.858,29,10,81,4.689,49886.5,2.1616,0.3985,2004
HI,640,4.4714,234.947,1.84157,15,10,45,5.474,49195.2,2.2321,0.3985,2004
HI,641,4.5448,235.438,1.99874,27,34,111,4.646,49477.6,2.1781,0.3985,2004
HI,642,4.5178,235.929,1.8984,22,13,88,5.489,50772.0,2.3266,0.3985,2004
HI,643,4.4769,236.422,1.9596,24,18,200,5.618,51120.7,2.3302,0.3985,2004
HI,644,4.4224,236.916,1.87241,37,8,68,4.696,50028.3,2.4672,0.3985,2004
HI,645,4.3239,237.411,1.83914,27,22,164,5.563,50366.3,2.5711,0.3985,2004
HI,646,4.2874,237.907,1.76325,25,21,87,4.077,49507.2,2.4191,0.3985,2004
HI,647,4.3735,238.404,1.65323,27,12,55,5.605,49688.5,2.3699,0.3985,2004
HI,648,4.146,238.902,1.77196,31,6,58,4.301,50802.6,2.3071,0.3985,2004
HI,649,4.1573,239.401,1.77949,22,4,96,4.689,50144.2,2.3023,0.3985,2004
HI,650,4.17,239.901,1.77316,26,22,24,5.191,50831.6,2.2952,0.3985,2004
HI,651,4.1556,240.402,1.83602,24,8,52,5.762,51345.6,2.1768,0.3985,2004
HI,652,4.1932,240.904,1.92475,25,17,16,5.342,50515.6,2.1446,0.3985,2004
HI,653,4.542,241.407,1.98175,22,8,65,4.846,50430.5,2.2249,0.3985,2004
HI,654,4.3162,241.911,2.05751,22,29,20,4.84,51677.9,2.4091,0.3985,2004
HI,655,4.3701,242.417,1.88158,18,17,50,5.279,50079.7,2.3617,0.3985,2004
HI,656,4.2095,242.923,1.92856,30,27,120,5.04,49685.3,2.5219,0.3985,2004
HI,657,4.1374,243.43,1.83652,31,8,142,4.467,50582.1,2.3848,0.3985,2004
HI,658,3.9671,243.939,1.83698,23,10,116,5.009,51226.6,2.4656,0.3985,2004
HI,659,4.0194,244.448,1.78541,28,8,187,4.412,51803.2,2.3755,0.3985,2004
HI,660,2.6526,244.959,1.78162,17,12,145,4.222,50488.7,2.2836,0.3985,2004
HI,661,2.9037,245.471,1.85322,27,8,142,4.986,51067.3,2.333,0.3985,2004
HI,662,2.9183,245.983,1.89235,17,15,324,4.903,52070.6,2.2326,0.3985,2004
HI,663,3.0116,246.497,2.04972,29,25,23,4.925,51911.6,2.048,0.3985,2004
HI,664,3.1165,247.012,2.11634,31,11,86,5.313,51527.0,2.1718,0.3985,2004
HI,665,3.1481,247.528,2.13744,23,21,251,5.306,52021.2,2.2414,0.3985,2004
HI,666,3.1842,248.045,2.12323,38,21,213,4.854,51464.1,2.2392,0.3985,2004
HI,667,3.1751,248.563,2.12728,27,22,241,4.881,52560.7,2.3247,0.3985,2004
HI,668,3.1632,249.082,2.03897,31,12,303,5.159,51782.6,2.4833,0.3985,2004
HI,669,3.0822,249.603,1.96374,41,17,223,5.049,52071.8,2.5085,0.3985,2004
HI,670,3.0329,250.124,1.98178,31,11,124,4.651,51581.5,2.3474,0.3985,2004
HI,671,2.9033,250.646,1.95751,25,19,91,4.412,52349.4,2.4043,0.3985,2004
HI,672,2.5263,251.17,1.88157,26,9,58,5.239,52398.3,2.3199,0.3985,2004
HI,673,2.6503,251.694,1.94856,32,5,27,5.362,52463.1,2.2146,0.3985,2004
HI,674,2.6375,252.22,2.0872,34,11,150,5.051,52962.3,2.1205,0.3985,2004
HI,675,2.6053,252.747,2.07158,18,9,139,5.241,52544.4,2.0377,0.3985,2004
HI,676,2.7076,253.275,2.21586,24,29,152,5.383,52895.4,2.1874,0.3985,2004
HI,677,2.7704,253.804,2.18571,32,11,135,5.433,53072.5,2.2532,0.3985,2004
HI,678,2.7942,254.334,2.28103,31,7,92,4.678,53414.2,2.2446,0.3985,2004
HI,679,2.7933,254.865,2.31835,40,46,27,4.956,53649.0,2.3458,0.3985,2004
HI,680,2.7599,255.398,2.21586,23,40,142,4.541,53215.7,2.4455,0.3985,2004
HI,681,2.6377,255.931,2.10421,41,15,161,5.554,53448.9,2.5048,0.3985,2004
HI,682,2.5933,256.466,2.03577,35,21,154,4.602,53083.5,2.4186,0.3985,2004
HI,683,2.6027,257.001,1.99404,24,26,147,5.631,52989.3,2.4307,0.3985,2004
HI,684,2.9051,257.538,1.95517,28,14,101,4.761,53416.1,2.3464,0.3985,2004
HI,685,2.9482,258.076,2.02084,20,32,195,4.961,53959.5,2.2062,0.3985,2004
HI,686,2.972,258.615,2.05385,28,23,119,5.326,54093.3,2.1107,0.3985,2004
HI,687,3.0254,259.155,2.16154,18,18,204,5.346,53773.4,2.1409,0.3985,2004
HI,688,3.1268,259.697,2.14896,29,7,34,5.057,53228.4,2.0925,0.3985,2004
HI,689,3.1565,260.239,2.18019,20,17,193,5.067,53869.1,2.116,0.3985,2004
HI,690,3.1579,260.783,2.25983,27,15,178,4.147,53197.1,2.205,0.3985,2004
HI,691,3.1559,261.327,2.18619,34,32,178,4.938,55175.3,2.3611,0.3985,2004
HI,692,3.1236,261.873,2.15097,25,5,90,4.326,54340.8,2.4235,0.3985,2004
HI,693,3.0672,262.42,2.08385,42,27,58,4.542,54572.7,2.5316,0.3985,2004
HI,694,3.0113,262.968,2.00537,47,33,109,4.839,54891.3,2.4375,0.3985,2004
HI,695,2.8643,263.518,1.99494,25,18,192,5.1,54199.1,2.3555,0.3985,2004
HI,696,3.3022,264.068,2.0121,33,13,76,5.29,54523.1,2.1145,0.3985,2004
HI,697,3.3005,264.62,2.00121,21,11,157,5.921,55106.0,2.2099,0.3985,2004
HI,698,3.3363,265.172,2.05631,33,12,24,4.981,53812.1,2.2037,0.3985,2004
HI,699,3.4027,265.726,2.07775,26,20,69,5.318,54606.2,2.1369,0.3985,2004
HI,700,3.551,266.281,2.18,22,17,57,5.452,54920.1,2.014,0.3985,2004
HI,701,3.6746,266.838,2.28279,21,20,166,4.695,55440.2,2.2483,0.3985,2004
HI,702,3.6153,267.395,2.27791,26,18,57,5.654,54884.2,2.2506,0.3985,2004
HI,703,3.5087,267.953,2.21487,25,38,62,4.915,54823.4,2.3595,0.3985,2004
HI,704,3.4732,268.513,2.11132,20,31,308,4.741,56196.9,2.4558,0.3985,2004
HI,705,3.4502,269.074,2.04736,28,8,344,5.489,55026.6,2.4635,0.3985,2004
HI,706,3.3492,269.636,2.0846,27,17,25,5.049,55963.7,2.5025,0.3985,2004
HI,707,3.2878,270.199,1.96528,35,20,140,4.609,56672.2,2.3839,0.3985,2004
HI,708,3.1114,270.764,2.04585,18,31,144,4.652,56446.0,2.145,0.3985,2004
HI,709,3.0528,271.329,2.00454,22,26,101,5.098,55256.0,2.1058,0.3985,2004
HI,710,3.0731,271.896,2.06674,30,21,364,5.16,55426.1,2.2676,0.3985,2004
HI,711,3.1979,272.464,2.24863,38,13,92,5.643,56795.1,2.1792,0.3985,2004
HI,712,3.3102,273.033,2.19323,22,32,144,4.707,55553.9,2.1785,0.3985,2004
HI,713,3.3592,273.603,2.22519,29,31,70,4.366,55776.2,2.2306,0.3985,2004
HI,714,3.3934,274.175,2.31114,17,37,91,5.15,56474.3,2.1198,0.3985,2004
HI,715,3.4124,274.747,2.30133,32,5,119,4.52,57420.6,2.4649,0.3985,2004
HI,716,3.3165,275.321,2.23714,35,24,135,4.89,56604.1,2.4548,0.3985,2004
HI,717,3.2132,275.896,2.12918,37,12,374,5.338,56220.5,2.5822,0.3985,2004
HI,718,3.0942,276.473,2.11551,26,21,61,5.151,56122.3,2.4278,0.3985,2004
HI,719,3.1399,277.05,2.01946,28,40,125,4.751,55767.1,2.3458,0.3985,2004
HI,720,2.5853,277.629,2.00499,33,14,330,9.575,56685.0,2.3653,0.3985,2004
HI,721,2.5362,278.209,1.97552,35,6,209,9.44,54732.8,2.1618,0.3985,2004
HI,722,2.615,278.79,1.74727,19,8,105,9.894,57754.0,2.1594,0.3985,2004
HI,723,2.292,279.372,1.4606,31,19,44,9.743,56931.2,2.2052,0.3985,2004
HI,724,2.2943,279.956,1.70202,30,15,71,9.689,57512.7,2.0909,0.3985,2004
HI,725,2.8911,280.54,1.9541,21,29,63,9.69,56555.3,2.2755,0.3985,2004
HI,726,2.8993,281.126,2.11239,35,16,299,8.859,57545.4,2.4094,0.3985,2004
HI,727,2.8992,281.714,2.36063,35,26,171,9.665,57559.9,2.4041,0.3985,2004
HI,728,2.7886,282.302,2.33814,30,80,240,9.124,58675.2,2.4724,0.3985,2004
HI,729,2.7862,282.892,2.12092,31,24,217,9.159,56708.3,2.4784,0.3985,2004
HI,730,2.6555,283.483,2.10131,28,0,109,9.644,57415.9,2.4395,0.3985,2004
HI,731,2.6206,284.075,2.08166,25,19,130,9.267,57966.3,2.2367,0.3985,2004
HI,732,3.577,284.668,2.11033,24,27,67,4.954,58713.8,2.3857,0.3985,2004
HI,733,3.5538,285.263,2.18513,28,25,32,5.739,58658.3,2.2898,0.3985,2004
HI,734,3.6224,285.859,2.06957,27,38,38,5.76,58163.4,2.1227,0.3985,2004
HI,735,3.6432,286.456,2.1259,20,15,178,5.564,56916.1,2.2012,0.3985,2004
HI,736,3.7609,287.054,2.25824,22,13,51,5.43,58815.4,2.1118,0.3985,2004
HI,737,3.8939,287.654,2.35362,17,8,101,5.271,59488.5,2.2879,0.3985,2004
HI,738,3.9107,288.254,2.29042,27,18,252,4.767,57298.5,2.2317,0.3985,2004
HI,739,3.9358,288.856,2.21174,24,27,190,5.797,58559.4,2.2196,0.3985,2004
HI,740,3.8423,289.46,2.19811,26,40,167,4.53,59523.3,2.396,0.3985,2004
HI,741,3.758,290.064,2.15256,39,12,191,4.482,58930.6,2.454,0.3985,2004
HI,742,3.5995,290.67,2.16476,26,26,270,4.408,57794.7,2.5006,0.3985,2004
HI,743,3.568,291.277,2.06986,28,16,88,5.43,59560.3,2.2992,0.3985,2004
HI,744,4.8246,291.886,1.99242,20,43,66,4.695,58570.6,2.221,0.3985,2004
HI,745,4.8967,292.496,1.95097,30,24,127,4.754,57815.3,2.2154,0.3985,2004
HI,746,4.7193,293.106,2.04393,11,10,89,4.714,59067.4,2.1067,0.3985,2004
HI,747,4.8864,293.719,2.12624,23,17,91,4.269,58130.1,2.0921,0.3985,2004
HI,748,5.6195,294.332,2.14581,25,8,274,5.491,59440.3,2.0127,0.3985,2004
HI,749,6.2027,294.947,2.24997,25,31,215,5.005,59365.3,2.3568,0.3985,2004
HI,750,5.1096,295.563,2.13475,31,24,55,5.669,59711.6,2.218,0.3985,2004
HI,751,5.094,296.18,2.33707,27,25,78,4.942,59334.1,2.4073,0.3985,2004
HI,752,4.9085,296.799,2.16159,27,7,62,4.809,60670.8,2.3232,0.3985,2004
HI,753,4.9482,297.419,2.07016,25,15,114,4.45,59408.9,2.4551,0.3985,2004
HI,754,4.8107,298.04,2.06897,20,35,43,4.833,60611.8,2.5771,0.3985,2004
HI,755,4.8896,298.663,2.03467,30,25,91,5.164,59625.7,2.311,0.3985,2004
HI,756,4.363,299.287,2.07186,36,9,250,4.936,61942.5,2.3466,0.3985,2004
HI,757,4.4155,299.912,2.04824,21,12,128,5.331,60857.8,2.1687,0.3985,2004
HI,758,4.3875,300.538,2.03044,24,11,64,4.722,59610.5,2.2101,0.3985,2004
HI,759,4.2796,301.166,2.1895,32,9,45,5.493,59682.0,2.0393,0.3985,2004
HI,760,4.5583,301.795,2.26772,15,30,168,4.664,60134.3,2.16,0.3985,2004
HI,761,4.5201,302.425,2.38122,31,5,74,5.121,61146.0,2.2925,0.3985,2004
HI,762,4.5215,303.057,2.27534,27,41,390,5.266,60210.8,2.3532,0.3985,2004
HI,763,4.3794,303.69,2.37457,30,9,58,4.909,60256.5,2.2157,0.3985,2004
HI,764,4.3576,304.324,2.30085,28,63,99,4.306,60097.0,2.4751,0.3985,2004
HI,765,4.2764,304.96,2.15184,25,11,95,4.443,61233.9,2.3611,0.3985,2004
HI,766,4.3536,305.597,2.23962,20,22,91,4.385,60083.4,2.3174,0.3985,2004
HI,767,4.2841,306.235,2.04729,32,21,25,4.977,61437.6,2.3538,0.3985,2004
HI,768,4.068,306.875,2.11065,24,58,139,4.654,61204.9,2.3042,0.3985,2004
HI,769,3.999,307.516,2.07616,18,14,89,5.404,60763.3,2.1955,0.3985,2004
HI,770,4.1549,308.158,2.14724,23,5,49,4.84,60579.8,2.1488,0.3985,2004
HI,771,4.1705,308.802,2.28411,20,47,163,5.164,62774.3,2.0964,0.3985,2004
HI,772,4.2418,309.447,2.30988,31,25,82,5.769,62841.4,2.1013,0.3985,2004
HI,773,4.1549,310.093,2.39021,24,23,219,6.219,62854.6,2.1777,0.3985,2004
HI,774,4.3049,310.741,2.32196,21,9,111,5.264,61837.0,2.1849,0.3985,2004
HI,775,4.2764,311.39,2.42044,29,19,117,5.083,60932.3,2.4245,0.3985,2004
HI,776,4.2222,312.041,2.40208,19,24,261,4.883,61082.0,2.4087,0.3985,2004
HI,777,4.1063,312.692,2.17465,23,22,261,4.738,62510.2,2.3652,0.3985,2004
HI,778,4.0289,313.345,2.22573,26,33,121,4.585,62608.1,2.426,0.3985,2004
HI,779,3.9278,314.0,2.18825,28,16,182,4.586,61481.9,2.3338,0.3985,2004
ID,540,2.0941,190.7,3.68592,62,17,163,4.678,41354.3,2.4282,0.2594,2005
ID,541,2.106,191.098,3.79019,62,39,153,5.747,42178.1,2.2266,0.2594,2005
ID,542,2.1574,191.497,3.90061,54,70,157,5.891,41524.5,2.2572,0.2594,2005
ID,543,2.2205,191.897,3.92984,56,18,138,5.302,42266.6,2.1882,0.2594,2005
ID,544,2.2845,192.298,4.27132,52,28,364,4.65,42388.4,2.2267,0.2594,2005
ID,545,2.3216,192.7,4.14908,62,38,351,5.17,42218.9,2.2513,0.2594,2005
ID,546,2.3509,193.102,4.44084,68,18,139,4.831,42238.6,2.298,0.2594,2005
ID,547,2.336,193.506,4.28855,76,83,388,5.341,42932.5,2.3777,0.2594,2005
ID,548,2.2512,193.91,4.07969,55,16,347,4.731,42226.0,2.4814,0.2594,2005
ID,549,2.1887,194.315,3.97106,73,18,465,4.828,42924.9,2.2945,0.2594,2005
ID,550,2.1479,194.721,3.81878,73,50,287,4.025,42774.4,2.3161,0.2594,2005
ID,551,2.0369,195.128,3.89605,61,38,92,5.273,42395.7,2.5508,0.2594,2005
ID,552,2.3361,195.535,3.86548,47,9,369,4.457,42748.5,2.2635,0.2594,2005
ID,553,2.4139,195.944,3.92258,55,31,24,5.104,42627.3,2.3161,0.2594,2005
ID,554,2.5384,196.353,3.91664,48,35,200,5.684,43438.0,2.1925,0.2594,2005
ID,555,2.6146,196.763,4.139,59,36,162,5.445,43512.8,2.0872,0.2594,2005
ID,556,2.6352,197.174,4.21243,58,100,124,5.277,43243.5,2.2815,0.2594,2005
ID,557,2.6223,197.586,4.28965,52,64,125,4.813,43009.6,2.2964,0.2594,2005
ID,558,2.6495,197.999,4.19812,56,27,637,4.341,42812.2,2.4552,0.2594,2005
ID,559,2.6244,198.412,4.40305,87,41,954,4.675,43762.3,2.2842,0.2594,2005
ID,560,2.4567,198.827,4.13267,70,51,158,4.208,42638.6,2.4702,0.2594,2005
ID,561,2.4514,199.242,4.11218,87,40,273,5.175,43123.3,2.4726,0.2594,2005
ID,562,2.3969,199.658,3.87093,69,27,382,5.21,43926.0,2.3659,0.2594,2005
ID,563,2.3913,200.075,3.7189,68,23,427,4.846,43058.5,2.5076,0.2594,2005
ID,564,2.6699,200.493,3.88747,60,27,274,4.644,44146.7,2.3205,0.2594,2005
ID,565,2.6048,200.912,3.86677,67,17,71,5.275,43824.9,2.133,0.2594,2005
ID,566,2.6473,201.331,3.85405,34,22,124,5.069,44098.6,2.0446,0.2594,2005
ID,567,2.6919,201.752,4.04374,62,30,164,6.061,44064.2,2.1727,0.2594,2005
ID,568,2.7249,202.173,4.26768,52,72,128,4.58,43570.8,2.2628,0.2594,2005
ID,569,2.6873,202.596,4.4409,68,47,221,4.748,45680.0,2.4031,0.2594,2005
ID,570,2.7647,203.019,4.27654,66,14,265,4.587,43898.8,2.249,0.2594,2005
ID,571,2.7559,203.443,4.29903,59,46,88,5.012,44893.5,2.3646,0.2594,2005
ID,572,2.7704,203.868,4.36887,68,48,271,4.057,44548.6,2.575,0.2594,2005
ID,573,2.6492,204.294,4.13572,74,45,256,4.724,44709.7,2.4446,0.2594,2005
ID,574,2.6458,204.72,3.99057,54,34,112,4.643,44043.0,2.5401,0.2594,2005
ID,575,2.5915,205.148,4.01839,52,25,170,4.436,44659.9,2.2765,0.2594,2005
ID,576,2.9492,205.576,3.72902,60,41,245,7.976,44641.6,2.4655,0.2594,2005
ID,577,2.9748,206.006,3.67016,43,38,251,8.297,43708.7,2.4356,0.2594,2005
ID,578,3.0759,206.436,3.77864,54,46,386,8.254,43832.6,2.4607,0.2594,2005
ID,579,3.1012,206.867,3.94999,50,9,153,8.561,42979.0,2.4813,0.2594,2005
ID,580,3.197,207.299,4.0652,53,67,135,8.222,42379.6,2.3664,0.2594,2005
ID,581,3.8535,207.732,4.07485,58,46,373,7.778,43490.1,2.457,0.2594,2005
ID,582,3.8323,208.166,3.96046,61,25,370,7.96,44335.0,2.6003,0.2594,2005
ID,583,3.1379,208.601,4.08629,56,19,141,7.629,44216.0,2.6194,0.2594,2005
ID,584,3.116,209.037,4.06226,60,16,498,7.6,43788.6,2.5796,0.2594,2005
ID,585,3.1072,209.474,3.88765,66,46,413,7.593,43549.9,2.5717,0.2594,2005
ID,586,2.0862,209.911,3.83565,71,28,139,7.042,43266.8,2.5643,0.2594,2005
ID,587,1.6169,210.35,4.06526,68,11,87,7.401,44680.6,2.5797,0.2594,2005
ID,588,2.0829,210.789,3.97052,66,10,279,7.762,43985.4,2.4964,0.2594,2005
ID,589,2.1229,211.229,3.83903,66,22,118,7.827,45065.0,2.5499,0.2594,2005
ID,590,2.161,211.67,4.03739,68,15,56,8.13,44727.4,2.4288,0.2594,2005
ID,591,2.2079,212.113,4.18342,75,31,89,8.129,44785.4,2.4063,0.2594,2005
ID,592,2.2913,212.556,4.44521,52,34,452,7.925,45080.4,2.4064,0.2594,2005
ID,593,2.2924,213.0,4.53304,63,11,265,7.821,43637.0,2.5212,0.2594,2005
ID,594,2.3294,213.444,4.45636,67,48,148,8.23,43696.0,2.5655,0.2594,2005
ID,595,2.3736,213.89,4.51722,57,48,246,8.09,44322.7,2.6406,0.2594,2005
ID,596,2.3213,214.337,4.39877,76,19,794,7.542,45077.0,2.545,0.2594,2005
ID,597,2.1838,214.785,4.21283,82,22,356,7.671,44267.7,2.6852,0.2594,2005
ID,598,2.1585,215.233,4.24432,74,19,241,7.488,45120.6,2.6888,0.2594,2005
ID,599,2.0798,215.683,4.11119,65,69,348,6.846,45287.3,2.6836,0.2594,2005
ID,600,2.5505,216.133,3.90098,60,50,306,8.108,43810.0,2.3957,0.2594,2005
ID,601,2.5894,216.585,4.00559,41,46,115,8.058,45147.4,2.4665,0.2594,2005
ID,602,2.7127,217.037,4.05551,56,79,187,7.384,45366.7,2.3707,0.2594,2005
ID,603,2.7539,217.491,4.18422,48,25,468,8.057,45934.4,2.3482,0.2594,2005
ID,604,2.7706,217.945,4.1893,48,49,469,8.621,44771.3,2.2992,0.2594,2005
ID,605,2.8368,218.4,4.4494,72,49,275,8.109,45207.9,2.3978,0.2594,2005
ID,606,2.9109,218.856,4.31151,83,41,409,7.882,45141.1,2.4282,0.2594,2005
ID,607,2.9075,219.313,4.33988,57,86,291,8.445,45149.0,2.5578,0.2594,2005
ID,608,2.7399,219.772,4.37184,84,44,127,6.827,45405.9,2.71,0.2594,2005
ID,609,2.7025,220.231,4.08349,62,52,399,7.273,46825.1,2.7393,0.2594,2005
ID,610,2.6122,220.691,3.90449,82,47,264,7.349,45729.2,2.6291,0.2594,2005
ID,611,2.5736,221.152,3.89529,56,79,141,7.671,45923.5,2.6163,0.2594,2005
ID,612,3.2687,221.614,4.10526,63,19,124,4.788,48003.8,2.4025,0.2594,2005
ID,613,3.2424,222.076,4.03395,68,63,707,5.353,46285.1,2.3719,0.2594,2005
ID,614,3.3095,222.54,4.16299,48,52,409,4.303,46510.3,2.2971,0.2594,2005
ID,615,3.4768,223.005,4.26479,56,47,110,5.771,47795.6,2.2081,0.2594,2005
ID,616,3.4902,223.471,4.2886,55,27,316,4.916,47788.3,2.1816,0.2594,2005
ID,617,3.4966,223.938,4.47123,56,32,386,4.618,49056.0,2.3475,0.2594,2005
ID,618,3.5286,224.405,4.62515,57,48,188,4.646,47246.4,2.342,0.2594,2005
ID,619,3.4708,224.874,4.55802,62,18,726,4.312,48503.2,2.1744,0.2594,2005
ID,620,3.5101,225.344,4.34759,76,50,256,4.756,47781.9,2.3727,0.2594,2005
ID,621,3.4715,225.815,4.12878,66,40,365,4.639,47809.5,2.4995,0.2594,2005
ID,622,3.3727,226.286,4.13161,66,21,478,4.701,48212.3,2.3631,0.2594,2005
ID,623,3.2841,226.759,4.02468,75,29,341,4.913,49223.1,2.335,0.2594,2005
ID,624,3.4069,227.233,4.02532,53,28,198,5.507,48040.6,2.4304,0.2594,2005
ID,625,3.4314,227.707,3.90469,56,19,168,5.441,48105.4,2.2473,0.2594,2005
ID,626,3.458,228.183,3.99747,61,55,149,5.717,48066.4,2.3818,0.2594,2005
ID,627,3.473,228.659,4.26941,42,50,152,4.136,48862.2,2.2217,0.2594,2005
ID,628,3.5951,229.137,4.35037,47,60,199,5.804,48386.7,2.0546,0.2594,2005
ID,629,3.6145,229.616,4.57316,34,21,248,4.948,48165.8,2.2688,0.2594,2005
ID,630,3.5802,230.095,4.42045,56,36,660,4.897,49613.8,2.3409,0.2594,2005
ID,631,3.5599,230.576,4.67872,76,16,286,5.393,48860.4,2.368,0.2594,2005
ID,632,3.5268,231.057,4.40982,69,52,362,5.226,48881.2,2.5221,0.2594,2005
ID,633,3.441,231.54,4.32267,74,27,263,4.443,48923.7,2.3832,0.2594,2005
ID,634,3.3578,232.024,4.18992,83,36,502,4.075,48454.4,2.4547,0.2594,2005
ID,635,3.374,232.508,4.12882,77,20,314,5.142,49821.0,2.398,0.2594,2005
ID,636,3.2308,232.994,3.91442,56,27,374,5.113,49339.2,2.3081,0.2594,2005
ID,637,3.3097,233.481,3.99552,62,42,299,5.937,49188.3,2.1635,0.2594,2005
ID,638,3.302,233.968,4.16647,44,35,112,5.814,48744.8,2.207,0.2594,2005
ID,639,3.4116,234.457,4.23732,50,25,221,5.163,49566.6,2.1678,0.2594,2005
ID,640,3.3903,234.947,4.35786,46,57,41,5.88,50534.7,2.0798,0.2594,2005
ID,641,3.5205,235.438,4.65319,65,13,432,5.02,49396.9,2.1892,0.2594,2005
ID,642,3.5903,235.929,4.80979,59,42,431,5.225,49288.4,2.247,0.2594,2005
ID,643,3.4911,236.422,4.64704,53,24,87,4.216,50098.9,2.3349,0.2594,2005
ID,644,3.4979,236.916,4.53201,69,54,166,4.597,50049.6,2.5109,0.2594,2005
ID,645,3.456,237.411,4.31273,52,104,397,4.388,50193.9,2.5337,0.2594,2005
ID,646,3.3632,237.907,4.33746,58,90,126,4.825,49113.4,2.2046,0.2594,2005
ID,647,3.2596,238.404,4.20622,78,24,381,4.527,50173.5,2.2827,0.2594,2005
ID,648,3.1014,238.902,4.20827,67,25,175,4.115,50667.7,2.3937,0.2594,2005
ID,649,3.0342,239.401,4.17313,60,22,366,4.555,49686.1,2.2698,0.2594,2005
ID,650,3.0349,239.901,4.37847,72,52,114,5.326,50136.5,2.2362,0.2594,2005
ID,651,3.1364,240.402,4.63027,56,74,244,5.953,50334.0,2.1533,0.2594,2005
ID,652,3.2059,240.904,4.7135,58,29,146,5.996,50749.1,2.0312,0.2594,2005
ID,653,3.426,241.407,4.72891,58,69,195,5.646,51272.6,2.2854,0.2594,2005
ID,654,3.1939,241.911,4.74092,55,31,88,5.421,51464.7,2.372,0.2594,2005
ID,655,3.3101,242.417,4.94546,66,43,378,4.721,52103.0,2.423,0.2594,2005
ID,656,3.3357,242.923,4.38401,59,79,433,5.211,49658.5,2.462,0.2594,2005
ID,657,3.2985,243.43,4.47039,71,49,170,4.735,51058.3,2.5123,0.2594,2005
ID,658,3.1918,243.939,4.36584,72,69,372,4.927,51238.5,2.4769,0.2594,2005
ID,659,3.1853,244.448,4.21928,68,78,719,5.717,52108.7,2.3116,0.2594,2005
ID,660,2.0612,244.959,4.16821,63,65,53,4.416,51098.9,2.4003,0.2594,2005
ID,661,2.2613,245.471,4.51992,61,38,250,5.037,51552.9,2.3019,0.2594,2005
ID,662,2.296,245.983,4.75872,62,37,206,5.373,51218.9,2.2551,0.2594,2005
ID,663,2.3415,246.497,4.82621,54,48,611,6.123,51103.3,2.0911,0.2594,2005
ID,664,2.4399,247.012,5.10844,54,57,92,5.367,51397.4,2.0334,0.2594,2005
ID,665,2.4675,247.528,5.3015,66,36,95,4.737,52477.2,2.3378,0.2594,2005
ID,666,2.4978,248.045,5.20084,71,38,203,5.727,51663.8,2.3438,0.2594,2005
ID,667,2.5281,248.563,5.17314,78,37,105,5.648,51408.8,2.4768,0.2594,2005
ID,668,2.4255,249.082,5.11318,79,39,286,4.818,51749.2,2.5216,0.2594,2005
ID,669,2.3503,249.603,5.03035,81,31,196,4.88,53350.1,2.3284,0.2594,2005
ID,670,2.2997,250.124,4.73024,77,48,385,4.657,50999.9,2.3506,0.2594,2005
ID,671,2.3162,250.646,4.70164,77,45,188,4.925,52662.3,2.3279,0.2594,2005
ID,672,1.9641,251.17,4.60672,66,33,171,4.91,52562.8,2.4489,0.2594,2005
ID,673,1.9794,251.694,4.694,63,62,383,5.316,52252.0,2.1899,0.2594,2005
ID,674,2.0312,252.22,4.89702,49,11,32,5.181,51812.6,2.253,0.2594,2005
ID,675,2.09,252.747,5.36219,49,49,496,5.722,52577.7,2.0607,0.2594,2005
ID,676,2.1572,253.275,5.0151,58,53,184,5.655,53288.0,2.0936,0.2594,2005
ID,677,2.1219,253.804,5.38641,70,37,308,5.52,52365.8,2.1938,0.2594,2005
ID,678,2.1583,254.334,5.2768,59,41,639,4.922,52936.9,2.2092,0.2594,2005
ID,679,2.132,254.865,5.40001,70,182,477,4.939,53215.3,2.3529,0.2594,2005
ID,680,2.1072,255.398,5.26769,67,60,293,5.379,52977.2,2.3864,0.2594,2005
ID,681,2.0249,255.931,5.12918,52,22,140,5.138,53297.7,2.3102,0.2594,2005
ID,682,1.9713,256.466,5.00799,69,32,437,4.793,53657.9,2.4757,0.2594,2005
ID,683,1.9504,257.001,4.84616,62,55,309,4.714,54053.5,2.438,0.2594,2005
ID,684,2.1801,257.538,4.86148,65,63,237,5.547,52715.0,2.2846,0.2594,2005
ID,685,2.1868,258.076,4.99184,66,16,355,5.169,53538.5,2.2433,0.2594,2005
ID,686,2.2383,258.615,5.031,69,34,108,5.045,54110.4,2.2673,0.2594,2005
ID,687,2.325,259.155,5.07521,53,51,166,5.831,53183.1,2.019,0.2594,2005
ID,688,2.3502,259.697,5.29847,65,45,527,4.935,54008.7,2.1076,0.2594,2005
ID,689,2.4387,260.239,5.4677,75,23,138,4.802,53193.1,2.211,0.2594,2005
ID,690,2.4372,260.783,5.64388,74,27,174,4.583,54468.2,2.2206,0.2594,2005
ID,691,2.41,261.327,5.47175,65,31,980,4.194,54397.4,2.4444,0.2594,2005
ID,692,2.4012,261.873,5.33882,69,35,286,4.64,52767.1,2.4595,0.2594,2005
ID,693,2.338,262.42,5.19562,53,31,491,5.373,54718.9,2.5654,0.2594,2005
ID,694,2.3054,262.968,5.01891,67,34,454,5.141,54569.1,2.4867,0.2594,2005
ID,695,2.1628,263.518,4.75618,70,13,417,5.435,54047.2,2.2168,0.2594,2005
ID,696,2.4975,264.068,4.80068,63,25,141,5.226,53733.2,2.3963,0.2594,2005
ID,697,2.4914,264.62,4.90489,65,59,656,5.541,54132.2,2.1063,0.2594,2005
ID,698,2.5788,265.172,4.94361,75,44,221,5.909,54078.4,2.0866,0.2594,2005
ID,699,2.6127,265.726,4.95725,68,56,67,5.814,55801.7,2.2071,0.2594,2005
ID,700,2.6942,266.281,5.178,55,34,632,4.872,54792.4,2.1316,0.2594,2005
ID,701,2.7153,266.838,5.27837,69,38,161,4.771,53716.6,2.203,0.2594,2005
ID,702,2.7511,267.395,5.41339,78,65,394,5.112,55463.4,2.3583,0.2594,2005
ID,703,2.718,267.953,5.31275,67,54,678,4.208,53667.2,2.5086,0.2594,2005
ID,704,2.6524,268.513,5.23305,79,39,342,4.784,55161.7,2.4063,0.2594,2005
ID,705,2.5998,269.074,5.26427,73,68,663,5.077,54681.2,2.6256,0.2594,2005
ID,706,2.5096,269.636,4.75132,64,52,343,5.337,55955.4,2.4999,0.2594,2005
ID,707,2.4744,270.199,4.87345,72,37,527,4.873,56271.8,2.4147,0.2594,2005
ID,708,2.3544,270.764,4.7885,54,27,480,5.065,55732.4,2.3087,0.2594,2005
ID,709,2.3694,271.329,5.03036,63,16,163,4.616,56458.3,2.1158,0.2594,2005
ID,710,2.4097,271.896,5.0127,63,27,259,5.537,55443.4,2.2035,0.2594,2005
ID,711,2.4721,272.464,5.28332,59,28,113,5.091,54633.8,2.059,0.2594,2005
ID,712,2.5651,273.033,5.41123,62,91,144,4.83,54374.5,2.2085,0.2594,2005
ID,713,2.6411,273.603,5.62528,57,29,210,4.68,56280.8,2.1664,0.2594,2005
ID,714,2.6374,274.175,5.38533,57,45,229,5.648,56834.8,2.39,0.2594,2005
ID,715,2.6005,274.747,5.36586,74,36,564,4.855,55717.3,2.4233,0.2594,2005
ID,716,2.5752,275.321,5.49401,70,24,127,4.846,56550.6,2.35,0.2594,2005
ID,717,2.477,275.896,5.08017,69,29,570,4.902,56679.4,2.4311,0.2594,2005
ID,718,2.4181,276.473,5.05272,68,47,425,4.504,55913.5,2.4036,0.2594,2005
ID,719,2.3967,277.05,4.93289,63,51,408,4.819,57342.5,2.2864,0.2594,2005
ID,720,1.9448,277.629,4.74852,68,6,343,9.326,55184.3,2.3591,0.2594,2005
ID,721,2.0155,278.209,4.86344,54,6,108,8.916,56203.2,2.2041,0.2594,2005
ID,722,2.0049,278.79,4.27996,67,51,155,9.736,57086.0,2.2304,0.2594,2005
ID,723,1.7691,279.372,3.41665,59,21,175,10.656,55526.9,2.1289,0.2594,2005
ID,724,1.7938,279.956,4.08552,56,18,218,9.2,56328.0,2.2742,0.2594,2005
ID,725,2.1886,280.54,4.96136,55,51,287,9.859,56139.7,2.2267,0.2594,2005
ID,726,2.216,281.126,5.28833,80,31,70,9.352,57508.6,2.3318,0.2594,2005
ID,727,2.1538,281.714,5.65045,67,28,756,9.327,58023.9,2.2908,0.2594,2005
ID,728,2.0768,282.302,5.2792,74,90,178,9.529,57285.8,2.5237,0.2594,2005
ID,729,2.0867,282.892,5.26199,73,96,487,8.687,57807.7,2.6139,0.2594,2005
ID,730,2.0762,283.483,4.94484,73,31,735,9.36,57715.6,2.311,0.2594,2005
ID,731,2.0136,284.075,4.97723,61,14,493,9.102,58044.1,2.4546,0.2594,2005
ID,732,2.7569,284.668,4.95719,56,16,343,5.079,57872.9,2.1979,0.2594,2005
ID,733,2.8135,285.263,5.20209,71,65,37,5.535,59263.9,2.224,0.2594,2005
ID,734,2.7461,285.859,5.24515,58,43,53,4.396,57735.3,2.2252,0.2594,2005
ID,735,2.7958,286.456,5.23854,51,39,197,6.175,58710.1,2.3438,0.2594,2005
ID,736,2.9453,287.054,5.36987,55,74,590,4.98,58395.8,2.1582,0.2594,2005
ID,737,2.9026,287.654,5.38729,65,13,418,6.073,58565.7,2.3084,0.2594,2005
ID,738,2.9075,288.254,5.49417,61,27,108,4.914,59051.4,2.2976,0.2594,2005
ID,739,2.8676,288.856,5.63776,68,63,304,4.879,58820.8,2.4007,0.2594,2005
ID,740,2.8319,289.46,5.44096,91,31,370,4.569,58835.5,2.3648,0.2594,2005
ID,741,2.8988,290.064,5.16109,72,33,695,5.053,59376.5,2.4106,0.2594,2005
ID,742,2.8587,290.67,5.22119,68,41,185,3.858,58635.6,2.4331,0.2594,2005
ID,743,2.7704,291.277,5.13278,63,49,547,4.595,60295.3,2.3949,0.2594,2005
ID,744,3.5018,291.886,4.87457,68,62,173,5.05,58727.7,2.2796,0.2594,2005
ID,745,3.6023,292.496,4.80086,55,63,430,4.982,58609.6,2.3875,0.2594,2005
ID,746,3.7563,293.106,4.93977,41,21,495,5.519,59038.5,2.1635,0.2594,2005
ID,747,3.7944,293.719,5.10777,68,25,491,4.998,59679.8,2.0557,0.2594,2005
ID,748,4.384,294.332,5.06945,46,36,176,5.537,59942.0,2.081,0.2594,2005
ID,749,4.879,294.947,5.25103,55,30,361,4.818,59371.5,2.3392,0.2594,2005
ID,750,3.9369,295.563,5.38445,68,64,97,5.065,59535.1,2.333,0.2594,2005
ID,751,3.9083,296.18,5.26287,68,71,137,5.006,59056.4,2.4518,0.2594,2005
ID,752,3.8816,296.799,5.11753,65,18,127,5.404,59290.3,2.4106,0.2594,2005
ID,753,3.8584,297.419,5.09575,71,38,391,4.761,59858.3,2.4108,0.2594,2005
ID,754,3.7736,298.04,4.86664,88,28,106,4.413,59896.0,2.3581,0.2594,2005
ID,755,3.6824,298.663,4.97821,65,16,114,5.158,59717.1,2.3089,0.2594,2005
ID,756,3.2074,299.287,4.94308,66,28,162,4.34,58420.7,2.2476,0.2594,2005
ID,757,3.2498,299.912,4.94991,52,14,324,5.285,59932.0,2.1647,0.2594,2005
ID,758,3.2793,300.538,5.0517,54,29,90,4.709,60406.4,2.1611,0.2594,2005
ID,759,3.3871,301.166,5.1493,61,15,93,5.048,60782.5,2.1531,0.2594,2005
ID,760,3.5004,301.795,5.39566,50,40,412,5.47,62159.8,2.2577,0.2594,2005
ID,761,3.4589,302.425,5.68006,65,33,138,5.494,60994.1,2.1633,0.2594,2005
ID,762,3.5153,303.057,5.61115,49,21,365,4.589,62306.4,2.1822,0.2594,2005
ID,763,3.5064,303.69,5.4429,56,85,312,5.544,60255.8,2.3796,0.2594,2005
ID,764,3.4413,304.324,5.35161,62,60,106,4.629,60755.6,2.3029,0.2594,2005
ID,765,3.3556,304.96,5.36358,59,68,598,5.081,60723.0,2.4306,0.2594,2005
ID,766,3.3253,305.597,5.12073,73,39,270,5.384,62240.8,2.4081,0.2594,2005
ID,767,3.3194,306.235,4.95431,66,84,661,4.889,60646.6,2.2749,0.2594,2005
ID,768,3.0823,306.875,5.07413,65,49,303,5.053,60856.0,2.2157,0.2594,2005
ID,769,3.0748,307.516,5.05299,68,35,200,5.203,60782.9,2.1727,0.2594,2005
ID,770,3.0964,308.158,5.37007,46,48,44,5.774,61786.0,2.1857,0.2594,2005
ID,771,3.1154,308.802,5.3469,44,23,607,5.971,62825.2,2.0558,0.2594,2005
ID,772,3.2534,309.447,5.66947,71,54,146,5.206,61744.8,2.1744,0.2594,2005
ID,773,3.2838,310.093,5.72391,44,35,429,5.088,61347.3,2.273,0.2594,2005
ID,774,3.3682,310.741,5.8725,50,92,698,4.18,61625.8,2.2159,0.2594,2005
ID,775,3.3674,311.39,5.95702,60,75,434,4.777,62163.0,2.2668,0.2594,2005
ID,776,3.2051,312.041,5.58756,63,38,246,5.351,62148.3,2.2819,0.2594,2005
ID,777,3.1088,312.692,5.33611,73,71,294,5.22,61762.8,2.4736,0.2594,2005
ID,778,3.1585,313.345,5.38366,66,75,110,4.905,62317.0,2.4605,0.2594,2005
ID,779,3.0461,314.0,5.08868,61,45,322,4.89,62775.7,2.366,0.2594,2005
IL,540,2.4205,190.7,1.76827,23,27,115,4.429,42870.0,2.2872,0.0708,2004
IL,541,2.4367,191.098,1.7434,26,8,12,5.406,41510.6,2.2443,0.0708,2004
IL,542,2.4629,191.497,1.70646,28,32,92,4.556,41919.5,2.2292,0.0708,2004
IL,543,2.6035,191.897,1.778,25,13,75,5.441,42184.3,2.1156,0.0708,2004
IL,544,2.704,192.298,1.83689,20,11,75,5.123,43018.2,2.239,0.0708,2004
IL,545,2.6761,192.7,1.94202,33,12,105,4.269,42290.0,2.1791,0.0708,2004
IL,546,2.6648,193.102,1.89978,20,11,87,3.991,43158.8,2.4723,0.0708,2004
IL,547,2.6289,193.506,1.95661,29,24,58,4.607,42788.7,2.4006,0.0708,2004
IL,548,2.6141,193.91,1.9168,29,10,123,4.567,43429.2,2.3547,0.0708,2004
IL,549,2.5743,194.315,1.74314,28,14,76,4.118,42753.2,2.4,0.0708,2004
IL,550,2.4835,194.721,1.7899,33,13,144,4.866,42902.0,2.5423,0.0708,2004
IL,551,2.4122,195.128,1.75892,31,14,110,4.719,42666.1,2.4247,0.0708,2004
IL,552,2.6993,195.535,1.69345,22,6,61,4.87,43224.7,2.3163,0.0708,2004
IL,553,2.7436,195.944,1.75597,15,3,60,4.861,42762.5,2.1331,0.0708,2004
IL,554,2.8001,196.353,1.85298,27,8,33,4.901,44354.5,2.06,0.0708,2004
IL,555,2.9249,196.763,1.79296,29,4,84,5.215,43227.3,2.1327,0.0708,2004
IL,556,2.9886,197.174,1.87417,17,12,95,5.171,43337.2,2.1518,0.0708,2004
IL,557,3.0384,197.586,1.89475,24,5,126,4.999,43246.4,2.1432,0.0708,2004
IL,558,3.0045,197.999,1.87485,24,10,72,5.038,43319.5,2.1483,0.0708,2004
IL,559,3.0161,198.412,1.79655,35,16,157,4.932,42512.4,2.2754,0.0708,2004
IL,560,3.006,198.827,1.90341,26,18,73,4.453,43614.6,2.5781,0.0708,2004
IL,561,2.9462,199.242,1.88355,41,13,45,4.2,44646.3,2.3714,0.0708,2004
IL,562,2.8812,199.658,1.7217,41,20,72,4.777,43401.9,2.2968,0.0708,2004
IL,563,2.8116,200.075,1.69976,35,16,67,4.421,43044.5,2.5037,0.0708,2004
IL,564,3.1031,200.493,1.66908,24,15,179,5.444,42610.1,2.25,0.0708,2004
IL,565,3.1427,200.912,1.70714,20,16,93,5.137,43615.1,2.1728,0.0708,2004
IL,566,3.1528,201.331,1.83537,24,7,155,4.932,43485.0,2.2279,0.0708,2004
IL,567,3.0653,201.752,1.8244,29,15,65,5.545,44310.3,2.2767,0.0708,2004
IL,568,3.1368,202.173,1.80201,39,19,136,4.943,43653.1,2.2041,0.0708,2004
IL,569,3.2496,202.596,1.96679,33,20,149,4.764,43494.2,2.15,0.0708,2004
IL,570,3.2543,203.019,2.01327,24,14,160,3.861,44983.8,2.2543,0.0708,2004
IL,571,3.2179,203.443,1.93887,34,12,171,5.277,43353.8,2.3533,0.0708,2004
IL,572,3.1848,203.868,1.9011,34,7,185,4.694,43706.4,2.4186,0.0708,2004
IL,573,3.0562,204.294,1.86845,33,8,96,4.459,44248.3,2.4688,0.0708,2004
IL,574,3.052,204.72,1.69062,32,10,228,5.177,44481.7,2.4019,0.0708,2004
IL,575,2.9312,205.148,1.77094,37,9,211,4.752,44626.5,2.3728,0.0708,2004
IL,576,3.4924,205.576,1.63896,29,13,85,7.773,42750.3,2.4886,0.0708,2004
IL,577,3.4342,206.006,1.67687,33,11,133,7.761,42659.4,2.5813,0.0708,2004
IL,578,3.4771,206.436,1.65981,30,17,58,7.684,43286.3,2.1851,0.0708,2004
IL,579,3.5179,206.867,1.74485,22,14,47,7.755,43666.2,2.2874,0.0708,2004
IL,580,3.6764,207.299,1.79032,27,13,170,7.683,43030.7,2.3724,0.0708,2004
IL,581,4.5925,207.732,1.84,22,12,89,7.715,43529.9,2.3733,0.0708,2004
IL,582,4.6418,208.166,1.77147,23,4,16,7.451,44131.4,2.3684,0.0708,2004
IL,583,3.8366,208.601,1.80179,21,25,206,8.05,44024.1,2.5475,0.0708,2004
IL,584,3.7365,209.037,1.76298,28,23,284,6.947,42671.9,2.7975,0.0708,2004
IL,585,3.6722,209.474,1.68209,28,17,122,7.155,44788.1,2.5842,0.0708,2004
IL,586,2.4385,209.911,1.81028,26,5,222,7.214,44297.2,2.6024,0.0708,2004
IL,587,1.8751,210.35,1.66167,30,16,137,7.523,43954.7,2.4194,0.0708,2004
IL,588,2.4679,210.789,1.80506,28,27,60,7.618,43777.3,2.5239,0.0708,2004
IL,589,2.433,211.229,1.81782,15,24,60,8.051,43807.8,2.3654,0.0708,2004
IL,590,2.4404,211.67,1.81546,28,29,56,7.47,44746.7,2.2705,0.0708,2004
IL,591,2.5515,212.113,1.90481,16,9,50,7.715,44665.9,2.2995,0.0708,2004
IL,592,2.581,212.556,1.98468,35,15,95,8.249,44062.3,2.4085,0.0708,2004
IL,593,2.687,213.0,1.98916,24,9,91,8.636,44296.2,2.3605,0.0708,2004
IL,594,2.7485,213.444,2.05179,28,14,44,7.89,44221.5,2.4711,0.0708,2004
IL,595,2.7382,213.89,1.98003,34,11,231,8.2,44079.0,2.5916,0.0708,2004
IL,596,2.6316,214.337,1.94733,36,3,275,6.943,44699.2,2.6432,0.0708,2004
IL,597,2.612,214.785,1.92877,33,15,130,7.811,45014.9,2.646,0.0708,2004
IL,598,2.5642,215.233,1.85115,40,5,248,7.098,44601.1,2.5871,0.0708,2004
IL,599,2.5077,215.683,1.74085,31,4,209,7.754,44095.6,2.8289,0.0708,2004
IL,600,2.9162,216.133,1.76355,30,15,26,7.765,44874.8,2.5856,0.0708,2004
IL,601,2.9131,216.585,1.69162,27,11,32,8.529,45366.0,2.4474,0.0708,2004
IL,602,3.0225,217.037,1.79156,21,12,157,8.347,44749.5,2.3219,0.0708,2004
IL,603,3.1459,217.491,1.89563,20,18,47,8.592,44681.5,2.3205,0.0708,2004
IL,604,3.1984,217.945,1.86724,31,23,198,7.57,45773.1,2.3291,0.0708,2004
IL,605,3.2568,218.4,1.98968,35,15,119,7.499,45740.3,2.4297,0.0708,2004
IL,606,3.2479,218.856,1.95316,31,13,95,7.885,44580.3,2.4433,0.0708,2004
IL,607,3.2198,219.313,1.95128,31,2,100,7.601,45632.5,2.5722,0.0708,2004
IL,608,3.1957,219.772,1.92117,24,9,26,7.55,45762.5,2.5705,0.0708,2004
IL,609,3.1771,220.231,1.84954,36,35,251,7.597,45010.7,2.5108,0.0708,2004
IL,610,3.1144,220.691,1.75974,31,31,69,7.263,45607.8,2.4684,0.0708,2004
IL,611,2.9958,221.152,1.77224,31,47,50,7.523,45862.3,2.6161,0.0708,2004
IL,612,3.7958,221.614,1.78546,29,11,63,4.94,47502.2,2.4,0.0708,2004
IL,613,3.7682,222.076,1.7862,21,1,92,4.563,47507.3,2.409,0.0708,2004
IL,614,3.8713,222.54,1.78535,31,22,80,5.579,47604.4,2.2509,0.0708,2004
IL,615,3.9232,223.005,1.95727,23,7,55,5.497,48286.3,2.1409,0.0708,2004
IL,616,3.9102,223.471,1.81779,21,11,75,4.776,47526.4,2.1608,0.0708,2004
IL,617,4.0025,223.938,2.03382,25,23,78,5.233,48676.7,2.2579,0.0708,2004
IL,618,4.1254,224.405,1.90631,25,16,79,5.464,47968.0,2.2829,0.0708,2004
IL,619,4.0776,224.874,2.00108,30,19,115,5.111,47183.8,2.4838,0.0708,2004
IL,620,4.0315,225.344,1.93806,43,19,122,4.353,47011.8,2.3279,0.0708,2004
IL,621,3.8769,225.815,1.82655,28,45,21,4.625,47693.2,2.3502,0.0708,2004
IL,622,3.8655,226.286,1.78316,33,40,140,4.705,48312.2,2.4517,0.0708,2004
IL,623,3.7759,226.759,1.78153,32,8,159,5.711,48191.2,2.394,0.0708,2004
IL,624,3.8764,227.233,1.79611,28,16,81,4.734,48937.1,2.1768,0.0708,2004
IL,625,3.8388,227.707,1.8221,24,9,81,4.834,48682.5,2.2362,0.0708,2004
IL,626,3.9316,228.183,1.77145,25,24,136,6.055,47454.1,2.2085,0.0708,2004
IL,627,4.0936,228.659,1.80981,27,49,42,4.651,48094.3,2.0666,0.0708,2004
IL,628,4.1494,229.137,1.96774,28,11,17,4.994,48320.1,2.2066,0.0708,2004
IL,629,4.1189,229.616,1.976,30,16,118,5.146,49433.2,2.1541,0.0708,2004
IL,630,3.9657,230.095,2.08178,22,19,60,4.993,49087.5,2.2371,0.0708,2004
IL,631,4.0072,230.576,2.03051,38,21,125,4.899,48910.0,2.3421,0.0708,2004
IL,632,4.0988,231.057,2.04588,32,9,60,4.391,49282.2,2.4074,0.0708,2004
IL,633,3.99,231.54,2.00809,34,21,109,4.054,48977.8,2.4619,0.0708,2004
IL,634,3.8973,232.024,1.91188,36,32,111,4.687,50205.1,2.3833,0.0708,2004
IL,635,3.8926,232.508,1.82513,24,24,119,4.433,49300.9,2.3724,0.0708,2004
IL,636,3.7569,232.994,1.79752,31,25,252,5.527,49251.3,2.1911,0.0708,2004
IL,637,3.8168,233.481,1.87337,24,6,164,5.481,48373.3,2.1566,0.0708,2004
IL,638,3.8778,233.968,1.85981,22,10,79,5.139,49691.5,2.1627,0.0708,2004
IL,639,3.8973,234.457,1.95225,25,22,273,5.128,49742.4,2.1265,0.0708,2004
IL,640,4.0067,234.947,2.08849,30,5,77,5.406,50131.7,2.2486,0.0708,2004
IL,641,4.0468,235.438,2.13641,23,16,101,5.245,49340.3,2.2751,0.0708,2004
IL,642,4.1202,235.929,2.08965,14,25,32,5.081,49819.6,2.377,0.0708,2004
IL,643,4.0495,236.422,2.0849,37,22,243,4.892,49123.5,2.5044,0.0708,2004
IL,644,3.9135,236.916,2.02102,23,38,77,5.138,50105.0,2.5189,0.0708,2004
IL,645,3.954,237.411,1.879,26,15,139,5.427,50290.3,2.2766,0.0708,2004
IL,646,3.9508,237.907,1.87282,27,11,48,5.107,50400.4,2.509,0.0708,2004
IL,647,3.8278,238.404,1.85151,32,12,50,3.835,49772.4,2.2438,0.0708,2004
IL,648,3.6738,238.902,1.82185,34,12,88,4.606,50152.9,2.2571,0.0708,2004
IL,649,3.6313,239.401,1.86798,36,10,62,4.624,50330.5,2.1507,0.0708,2004
IL,650,3.5852,239.901,1.94241,25,3,100,5.022,51515.2,2.0651,0.0708,2004
IL,651,3.5878,240.402,1.98608,35,22,96,5.025,50198.2,2.0738,0.0708,2004
IL,652,3.6879,240.904,2.05962,27,33,149,5.627,50380.2,2.1003,0.0708,2004
IL,653,4.0412,241.407,2.1153,30,16,146,4.536,50498.4,2.3071,0.0708,2004
IL,654,3.8605,241.911,2.10098,18,23,75,4.628,50811.1,2.2802,0.0708,2004
IL,655,4.0187,242.417,2.08263,22,29,115,4.562,50596.7,2.3264,0.0708,2004
IL,656,3.9405,242.923,2.07515,19,11,78,4.744,51150.4,2.473,0.0708,2004
IL,657,3.8217,243.43,2.01686,36,26,244,4.156,51275.3,2.3749,0.0708,2004
IL,658,3.6951,243.939,2.0069,32,23,223,5.315,51533.9,2.4736,0.0708,2004
IL,659,3.7429,244.448,1.92477,27,7,124,4.628,52333.8,2.2695,0.0708,2004
IL,660,2.4149,244.959,1.86223,26,10,96,4.952,51055.4,2.2648,0.0708,2004
IL,661,2.643,245.471,1.99535,19,12,51,5.558,51961.6,2.2701,0.0708,2004
IL,662,2.6438,245.983,1.99279,31,16,40,5.558,51576.6,2.0976,0.0708,2004
IL,663,2.7642,246.497,2.13425,23,10,292,5.166,51520.2,2.1289,0.0708,2004
IL,664,2.7261,247.012,2.18976,22,19,61,4.588,51563.9,2.2632,0.0708,2004
IL,665,2.7369,247.528,2.24096,44,10,59,5.424,51266.1,2.215,0.0708,2004
IL,666,2.7914,248.045,2.35196,27,19,184,5.039,51568.7,2.3505,0.0708,2004
IL,667,2.7897,248.563,2.33416,29,9,60,5.425,51940.3,2.3692,0.0708,2004
IL,668,2.7693,249.082,2.24783,32,6,38,4.382,51453.4,2.5224,0.0708,2004
IL,669,2.8589,249.603,2.14155,42,6,108,4.379,52195.1,2.4231,0.0708,2004
IL,670,2.6924,250.124,2.0353,25,17,97,4.486,52254.2,2.3566,0.0708,2004
IL,671,2.6758,250.646,2.09468,35,10,357,4.538,52648.3,2.4451,0.0708,2004
IL,672,2.3008,251.17,2.03199,21,26,31,4.955,52000.7,2.4198,0.0708,2004
IL,673,2.3175,251.694,2.10175,23,13,110,5.197,51701.7,2.2745,0.0708,2004
IL,674,2.3295,252.22,2.13646,25,18,152,4.998,52354.9,2.1835,0.0708,2004
IL,675,2.4382,252.747,2.23067,33,7,43,4.794,52319.0,2.1218,0.0708,2004
IL,676,2.4833,253.275,2.39249,23,13,68,5.535,51773.8,2.2071,0.0708,2004
IL,677,2.4841,253.804,2.41976,28,26,37,5.59,51977.3,2.1835,0.0708,2004
IL,678,2.4918,254.334,2.389,34,14,176,5.097,51637.6,2.3381,0.0708,2004
IL,679,2.5186,254.865,2.48955,26,13,118,4.84,52964.5,2.2468,0.0708,2004
IL,680,2.5123,255.398,2.27031,25,53,244,5.073,53474.5,2.4658,0.0708,2004
IL,681,2.4522,255.931,2.18457,33,18,230,4.93,53194.3,2.478,0.0708,2004
IL,682,2.347,256.466,2.23693,31,3,220,4.634,53453.3,2.4062,0.0708,2004
IL,683,2.2897,257.001,2.07561,33,18,104,4.983,52716.8,2.2458,0.0708,2004
IL,684,2.529,257.538,2.11,30,8,157,5.103,53176.1,2.3764,0.0708,2004
IL,685,2.5517,258.076,2.21647,23,15,88,4.4,53092.7,2.2495,0.0708,2004
IL,686,2.5541,258.615,2.25399,35,8,44,5.228,53016.4,2.1314,0.0708,2004
IL,687,2.6425,259.155,2.30319,22,15,53,5.055,54661.3,2.0009,0.0708,2004
IL,688,2.7577,259.697,2.29278,24,10,95,5.333,54357.8,2.2404,0.0708,2004
IL,689,2.8006,260.239,2.51259,22,19,180,4.552,54300.1,2.2572,0.0708,2004
IL,690,2.8222,260.783,2.39242,25,31,79,5.411,53187.5,2.282,0.0708,2004
IL,691,2.8098,261.327,2.36648,31,17,134,5.627,53414.3,2.3719,0.0708,2004
IL,692,2.7215,261.873,2.38791,30,16,91,4.297,54024.2,2.473,0.0708,2004
IL,693,2.6162,262.42,2.20436,27,18,335,5.316,54374.0,2.5003,0.0708,2004
IL,694,2.5614,262.968,2.21454,28,30,88,4.462,54256.9,2.3284,0.0708,2004
IL,695,2.5223,263.518,2.30825,27,30,28,3.502,54901.0,2.2255,0.0708,2004
IL,696,2.8092,264.068,2.17451,27,23,33,5.066,55202.3,2.345,0.0708,2004
IL,697,2.8939,264.62,2.18429,20,26,132,4.867,53993.7,2.1777,0.0708,2004
IL,698,2.8925,265.172,2.19278,21,10,70,5.175,53608.5,2.2569,0.0708,2004
IL,699,2.9505,265.726,2.30911,19,8,183,4.874,54582.2,2.0995,0.0708,2004
IL,700,3.01,266.281,2.35544,23,26,188,5.132,54986.1,2.1972,0.0708,2004
IL,701,3.1096,266.838,2.47491,21,19,96,5.357,54745.1,2.231,0.0708,2004
IL,702,3.1268,267.395,2.36879,27,14,91,5.341,54347.5,2.4703,0.0708,2004
IL,703,3.1758,267.953,2.33035,25,16,223,4.65,54557.6,2.4071,0.0708,2004
IL,704,3.0328,268.513,2.29103,30,30,355,5.657,54994.6,2.3813,0.0708,2004
IL,705,3.0463,269.074,2.19405,33,22,109,5.091,55914.7,2.4546,0.0708,2004
IL,706,2.9399,269.636,2.1999,37,20,252,4.597,55265.5,2.3285,0.0708,2004
IL,707,2.8541,270.199,2.17387,31,20,102,4.505,55255.0,2.4308,0.0708,2004
IL,708,2.702,270.764,2.08448,35,13,170,5.263,55273.9,2.3815,0.0708,2004
IL,709,2.8014,271.329,2.13244,23,38,179,4.914,55226.2,2.18,0.0708,2004
IL,710,2.8644,271.896,2.20979,32,13,151,5.231,55344.6,2.2259,0.0708,2004
IL,711,2.947,272.464,2.37885,27,23,169,5.221,55970.7,2.077,0.0708,2004
IL,712,2.9306,273.033,2.41386,24,36,137,5.647,56394.8,2.1264,0.0708,2004
IL,713,2.9774,273.603,2.57389,28,11,71,5.22,56687.8,2.1585,0.0708,2004
IL,714,2.9969,274.175,2.46429,23,20,103,5.472,56344.1,2.5306,0.0708,2004
IL,715,2.999,274.747,2.44857,28,6,132,4.797,56699.4,2.3236,0.0708,2004
IL,716,2.9163,275.321,2.48372,30,10,297,4.509,56968.1,2.3589,0.0708,2004
IL,717,2.9065,275.896,2.43586,37,49,73,4.25,56087.5,2.4759,0.0708,2004
IL,718,2.7515,276.473,2.2571,32,10,124,4.628,56263.4,2.4064,0.0708,2004
IL,719,2.723,277.05,2.22396,26,45,69,5.391,57223.0,2.3381,0.0708,2004
IL,720,2.2463,277.629,2.16379,34,7,117,9.597,58027.9,2.1753,0.0708,2004
IL,721,2.2495,278.209,2.17169,20,12,45,9.854,56771.8,2.228,0.0708,2004
IL,722,2.3098,278.79,1.80938,23,17,232,9.907,56929.3,2.1767,0.0708,2004
IL,723,2.0624,279.372,1.5402,29,19,83,9.844,56686.2,2.2659,0.0708,2004
IL,724,2.0753,279.956,1.83298,31,10,38,9.366,57931.0,2.1576,0.0708,2004
IL,725,2.5011,280.54,2.26157,25,18,332,9.81,57177.0,2.1361,0.0708,2004
IL,726,2.4924,281.126,2.30193,25,19,81,10.041,55637.7,2.4513,0.0708,2004
IL,727,2.5175,281.714,2.5776,34,27,128,9.245,56797.2,2.3479,0.0708,2004
IL,728,2.4437,282.302,2.44768,38,28,219,8.871,57692.8,2.4067,0.0708,2004
IL,729,2.3919,282.892,2.33073,31,18,372,9.601,58577.1,2.4765,0.0708,2004
IL,730,2.3429,283.483,2.16183,35,46,398,9.712,56639.5,2.3909,0.0708,2004
IL,731,2.2159,284.075,2.26829,35,19,440,9.257,57382.3,2.4698,0.0708,2004
IL,732,3.1095,284.668,2.2289,41,20,103,5.01,57088.4,2.3183,0.0708,2004
IL,733,3.1393,285.263,2.40498,30,23,126,5.632,58628.0,2.1985,0.0708,2004
IL,734,3.2116,285.859,2.31446,28,17,94,5.78,59957.0,1.968,0.0708,2004
IL,735,3.3244,286.456,2.44658,22,7,105,5.177,57664.8,2.258,0.0708,2004
IL,736,3.3157,287.054,2.47033,25,29,38,4.892,56549.6,2.1628,0.0708,2004
IL,737,3.3727,287.654,2.51061,25,8,102,5.658,59006.9,2.2585,0.0708,2004
IL,738,3.4224,288.254,2.51466,30,29,92,4.673,58076.3,2.4409,0.0708,2004
IL,739,3.3995,288.856,2.44245,25,22,37,4.525,57878.9,2.401,0.0708,2004
IL,740,3.4948,289.46,2.45526,26,54,357,4.181,58624.1,2.3924,0.0708,2004
IL,741,3.3882,290.064,2.33469,37,29,212,4.63,57960.0,2.4573,0.0708,2004
IL,742,3.2537,290.67,2.28332,32,32,56,5.067,59097.2,2.4796,0.0708,2004
IL,743,3.1806,291.277,2.18823,33,11,168,4.671,58763.2,2.41,0.0708,2004
IL,744,4.2768,291.886,2.12855,34,5,339,4.514,58089.9,2.2507,0.0708,2004
IL,745,4.3112,292.496,2.12308,16,9,154,4.7,59214.4,2.0602,0.0708,2004
IL,746,4.292,293.106,2.17185,27,22,108,5.061,60112.2,2.2553,0.0708,2004
IL,747,4.3047,293.719,2.26961,26,23,32,4.536,60157.8,2.1911,0.0708,2004
IL,748,5.0135,294.332,2.27735,24,7,66,5.528,58413.8,2.3137,0.0708,2004
IL,749,5.5951,294.947,2.4755,27,24,196,5.04,59277.3,2.2411,0.0708,2004
IL,750,4.605,295.563,2.39897,26,16,102,4.831,59078.9,2.1653,0.0708,2004
IL,751,4.6418,296.18,2.30636,21,10,306,4.54,59367.5,2.25,0.0708,2004
IL,752,4.5278,296.799,2.32788,27,9,100,4.576,59504.1,2.4355,0.0708,2004
IL,753,4.3784,297.419,2.25215,27,14,111,5.258,60892.7,2.3971,0.0708,2004
IL,754,4.3126,298.04,2.19491,31,15,73,5.113,59122.0,2.4078,0.0708,2004
IL,755,4.4188,298.663,2.13118,22,8,264,4.879,59910.2,2.3757,0.0708,2004
IL,756,3.7088,299.287,2.13156,34,36,104,4.766,60156.6,2.2181,0.0708,2004
IL,757,3.7402,299.912,2.15478,29,13,167,5.447,60035.7,2.2832,0.0708,2004
IL,758,3.7674,300.538,2.26005,18,16,89,4.974,60930.3,2.1713,0.0708,2004
IL,759,3.8493,301.166,2.2202,20,33,134,5.403,61348.1,2.2106,0.0708,2004
IL,760,3.99,301.795,2.3474,19,8,179,5.508,61338.5,2.2165,0.0708,2004
IL,761,4.0733,302.425,2.57811,34,7,230,5.499,62464.2,2.245,0.0708,2004
IL,762,4.0726,303.057,2.55601,23,39,166,4.464,60752.7,2.2847,0.0708,2004
IL,763,3.8891,303.69,2.47272,28,11,436,4.41,60560.7,2.4358,0.0708,2004
IL,764,3.9345,304.324,2.52614,33,29,323,5.176,60987.4,2.5192,0.0708,2004
IL,765,3.7835,304.96,2.36289,39,11,98,4.844,60428.4,2.4259,0.0708,2004
IL,766,3.7369,305.597,2.28441,27,17,136,4.308,61648.8,2.3435,0.0708,2004
IL,767,3.745,306.235,2.15585,31,22,18,5.157,60209.1,2.394,0.0708,2004
IL,768,3.5579,306.875,2.21785,20,37,80,4.795,61696.1,2.429,0.0708,2004
IL,769,3.6031,307.516,2.24867,18,24,48,5.234,61125.9,2.2095,0.0708,2004
IL,770,3.6591,308.158,2.34569,23,14,199,5.277,62121.8,2.1126,0.0708,2004
IL,771,3.7366,308.802,2.38888,16,4,33,4.699,61241.8,2.1627,0.0708,2004
IL,772,3.6694,309.447,2.51045,28,15,109,4.604,62321.9,2.0225,0.0708,2004
IL,773,3.8372,310.093,2.52967,27,6,132,4.591,62248.4,2.1358,0.0708,2004
IL,774,3.7167,310.741,2.58107,32,25,133,5.619,62483.6,2.2127,0.0708,2004
IL,775,3.751,311.39,2.56222,31,12,222,4.935,61500.0,2.4574,0.0708,2004
IL,776,3.7563,312.041,2.53497,28,15,158,4.256,62519.3,2.4581,0.0708,2004
IL,777,3.689,312.692,2.3634,25,19,205,4.979,62514.5,2.5216,0.0708,2004
IL,778,3.6576,313.345,2.26807,31,9,276,5.578,63125.3,2.3027,0.0708,2004
IL,779,3.6335,314.0,2.26875,21,7,60,4.147,62805.2,2.301,0.0708,2004
IN,540,2.1421,190.7,5.74891,113,43,241,4.492,42879.2,2.2454,0.0774,2011
IN,541,2.1636,191.098,5.72662,101,51,510,5.506,42533.4,2.2126,0.0774,2011
IN,542,2.2069,191.497,5.86698,78,51,347,5.363,42153.2,2.1723,0.0774,2011
IN,543,2.3016,191.897,6.09484,89,48,91,5.625,41775.5,2.0094,0.0774,2011
IN,544,2.3069,192.298,5.99116,94,33,84,5.467,42814.5,2.0682,0.0774,2011
IN,545,2.3286,192.7,6.29617,82,42,245,4.727,41770.7,2.2972,0.0774,2011
IN,546,2.3602,193.102,6.56663,99,65,68,5.61,42837.8,2.1817,0.0774,2011
IN,547,2.353,193.506,6.62884,85,100,216,4.947,42684.4,2.4587,0.0774,2011
IN,548,2.3126,193.91,6.45768,104,75,396,5.336,42829.3,2.3697,0.0774,2011
IN,549,2.2567,194.315,6.03693,115,46,121,4.834,42184.7,2.4203,0.0774,2011
IN,550,2.1551,194.721,5.96551,93,84,1065,4.736,42739.0,2.3703,0.0774,2011
IN,551,2.1492,195.128,6.05198,99,59,819,5.057,42875.4,2.4699,0.0774,2011
IN,552,2.4382,195.535,5.64031,97,46,380,5.323,42014.9,2.2132,0.0774,2011
IN,553,2.4464,195.944,5.74747,98,87,278,4.651,42913.8,2.1477,0.0774,2011
IN,554,2.4775,196.353,6.03391,86,32,77,5.084,43054.4,2.1126,0.0774,2011
IN,555,2.5871,196.763,6.07879,96,68,395,5.769,42961.7,2.0411,0.0774,2011
IN,556,2.5781,197.174,6.22846,85,71,188,5.366,42590.9,2.0516,0.0774,2011
IN,557,2.6475,197.586,6.29484,96,48,648,5.265,43406.0,2.1959,0.0774,2011
IN,558,2.733,197.999,6.85723,88,41,588,5.689,44172.8,2.3181,0.0774,2011
IN,559,2.6419,198.412,6.48596,90,47,246,4.765,43436.6,2.3608,0.0774,2011
IN,560,2.6755,198.827,6.38648,91,88,1121,5.014,43492.0,2.5117,0.0774,2011
IN,561,2.5721,199.242,5.97083,108,79,466,5.094,43315.3,2.5632,0.0774,2011
IN,562,2.5244,199.658,5.92516,98,30,355,5.455,42993.0,2.3261,0.0774,2011
IN,563,2.4029,200.075,5.78121,114,32,359,4.521,43503.9,2.3329,0.0774,2011
IN,564,2.6397,200.493,5.66175,82,42,453,5.263,43217.0,2.2385,0.0774,2011
IN,565,2.6906,200.912,5.74764,99,32,220,5.159,44017.8,2.2033,0.0774,2011
IN,566,2.7009,201.331,5.7136,93,53,388,5.722,43152.4,2.1859,0.0774,2011
IN,567,2.7468,201.752,6.17418,83,57,113,5.904,44542.8,2.2097,0.0774,2011
IN,568,2.9099,202.173,6.41955,85,29,210,5.463,45135.5,2.3165,0.0774,2011
IN,569,2.9007,202.596,6.28379,82,36,438,5.38,45070.0,2.2626,0.0774,2011
IN,570,2.8252,203.019,6.45818,84,59,193,5.09,44572.1,2.2234,0.0774,2011
IN,571,2.8083,203.443,6.44587,103,52,257,4.871,43377.1,2.3866,0.0774,2011
IN,572,2.8372,203.868,6.1432,100,31,1082,4.161,44034.0,2.4003,0.0774,2011
IN,573,2.7463,204.294,6.2657,129,104,346,4.358,45109.9,2.4907,0.0774,2011
IN,574,2.6695,204.72,5.93322,104,12,295,4.327,45011.9,2.488,0.0774,2011
IN,575,2.6741,205.148,5.78882,96,34,413,4.402,44064.5,2.2958,0.0774,2011
IN,576,3.1563,205.576,5.36604,104,30,639,7.996,43561.5,2.5617,0.0774,2011
IN,577,3.1518,206.006,5.68403,82,68,141,7.764,43589.0,2.2731,0.0774,2011
IN,578,3.1433,206.436,5.5675,82,29,162,7.9,43065.6,2.418,0.0774,2011
IN,579,3.2054,206.867,5.83951,83,48,260,8.331,43896.7,2.297,0.0774,2011
IN,580,3.3051,207.299,5.91159,89,20,387,8.366,43179.1,2.3904,0.0774,2011
IN,581,3.9871,207.732,6.06034,100,68,225,7.33,43520.0,2.44,0.0774,2011
IN,582,4.0686,208.166,6.10771,116,22,471,7.818,43181.9,2.4608,0.0774,2011
IN,583,3.3398,208.601,6.08059,84,39,390,7.757,43719.7,2.6866,0.0774,2011
IN,584,3.2836,209.037,5.81117,96,98,542,7.334,43349.1,2.6214,0.0774,2011
IN,585,3.2116,209.474,5.71409,97,28,136,7.174,44669.4,2.4794,0.0774,2011
IN,586,2.0998,209.911,5.76344,114,38,501,6.807,44016.3,2.6128,0.0774,2011
IN,587,1.6612,210.35,5.78004,88,35,550,8.068,44034.3,2.6843,0.0774,2011
IN,588,2.2061,210.789,5.73316,89,28,348,8.153,43605.0,2.3721,0.0774,2011
IN,589,2.178,211.229,5.8353,98,34,185,7.716,44163.9,2.3013,0.0774,2011
IN,590,2.2272,211.67,6.24768,93,13,289,8.192,45066.9,2.3496,0.0774,2011
IN,591,2.3484,212.113,6.31846,84,66,435,7.813,44445.8,2.3612,0.0774,2011
IN,592,2.3733,212.556,6.53865,76,21,97,8.294,44638.6,2.3358,0.0774,2011
IN,593,2.3939,213.0,6.72566,118,120,149,7.255,44411.4,2.3797,0.0774,2011
IN,594,2.4023,213.444,6.55495,89,84,406,7.674,45014.3,2.6025,0.0774,2011
IN,595,2.341,213.89,6.69572,112,47,247,7.333,45764.2,2.6745,0.0774,2011
IN,596,2.3589,214.337,6.5557,104,72,306,8.062,45637.9,2.6046,0.0774,2011
IN,597,2.3166,214.785,6.26328,102,60,629,7.421,44017.5,2.5912,0.0774,2011
IN,598,2.223,215.233,6.19526,99,55,178,7.49,44619.9,2.5494,0.0774,2011
IN,599,2.1958,215.683,6.16085,97,71,1177,7.922,44867.7,2.3832,0.0774,2011
IN,600,2.6087,216.133,5.81207,89,66,292,7.28,45281.8,2.6074,0.0774,2011
IN,601,2.6424,216.585,5.8172,94,17,848,7.977,44751.8,2.5088,0.0774,2011
IN,602,2.7525,217.037,6.07827,83,63,145,8.515,45218.2,2.419,0.0774,2011
IN,603,2.7751,217.491,6.20184,84,49,328,8.165,45190.1,2.2766,0.0774,2011
IN,604,2.8283,217.945,6.29706,102,40,225,8.16,45089.2,2.3773,0.0774,2011
IN,605,2.8904,218.4,6.71022,107,60,281,8.307,45599.3,2.4939,0.0774,2011
IN,606,2.841,218.856,6.66674,80,61,173,7.381,46045.9,2.595,0.0774,2011
IN,607,2.8625,219.313,6.49986,108,72,640,7.903,45569.1,2.5066,0.0774,2011
IN,608,2.8152,219.772,6.33218,112,27,906,7.902,45696.9,2.548,0.0774,2011
IN,609,2.7685,220.231,6.1253,94,47,348,7.333,44289.3,2.8481,0.0774,2011
IN,610,2.7088,220.691,6.13009,109,78,209,8.254,47023.3,2.8,0.0774,2011
IN,611,2.7147,221.152,5.97719,98,28,722,7.86,45905.9,2.6358,0.0774,2011
IN,612,3.3645,221.614,5.78991,97,20,406,4.783,46798.4,2.2892,0.0774,2011
IN,613,3.3521,222.076,6.00479,85,50,57,5.172,47878.0,2.3376,0.0774,2011
IN,614,3.3219,222.54,6.11962,90,18,246,5.822,47466.1,2.2417,0.0774,2011
IN,615,3.4767,223.005,6.35061,81,26,231,5.591,48328.7,2.1853,0.0774,2011
IN,616,3.5511,223.471,6.13203,95,43,225,6.001,47201.0,2.0173,0.0774,2011
IN,617,3.5921,223.938,6.57585,86,29,412,4.445,46139.7,2.2196,0.0774,2011
IN,618,3.5651,224.405,6.62646,94,100,212,4.83,48460.7,2.3679,0.0774,2011
IN,619,3.5097,224.874,6.50912,80,52,423,5.4,47264.3,2.4325,0.0774,2011
IN,620,3.4612,225.344,6.71601,110,53,1004,4.522,47674.2,2.339,0.0774,2011
IN,621,3.4938,225.815,6.29628,92,37,380,4.743,48906.8,2.5092,0.0774,2011
IN,622,3.4531,226.286,6.21607,91,63,338,4.389,47728.9,2.4552,0.0774,2011
IN,623,3.3644,226.759,5.96663,81,13,356,4.843,48375.7,2.4655,0.0774,2011
IN,624,3.4503,227.233,5.83511,83,33,331,4.288,48280.2,2.3475,0.0774,2011
IN,625,3.4701,227.707,6.10772,101,50,501,5.269,49754.6,2.0307,0.0774,2011
IN,626,3.5446,228.183,6.18934,74,19,297,4.934,47637.5,2.2037,0.0774,2011
IN,627,3.4778,228.659,6.22547,76,24,347,4.801,48794.5,2.0971,0.0774,2011
IN,628,3.5148,229.137,6.4819,87,31,478,5.353,47809.9,2.0652,0.0774,2011
IN,629,3.7275,229.616,6.76638,77,50,663,5.951,49058.6,2.3046,0.0774,2011
IN,630,3.7386,230.095,6.68156,95,52,308,5.773,48606.2,2.2717,0.0774,2011
IN,631,3.7104,230.576,6.36854,82,133,777,5.019,49248.1,2.5864,0.0774,2011
IN,632,3.7141,231.057,6.51695,109,59,313,5.049,48615.9,2.3558,0.0774,2011
IN,633,3.6442,231.54,6.6575,97,91,314,4.163,48529.9,2.5509,0.0774,2011
IN,634,3.5505,232.024,6.14131,77,64,492,4.986,48898.2,2.5856,0.0774,2011
IN,635,3.4612,232.508,5.94615,95,19,256,5.185,48294.3,2.2388,0.0774,2011
IN,636,3.3768,232.994,5.91661,80,64,593,5.1,48288.7,2.1446,0.0774,2011
IN,637,3.3362,233.481,6.00098,80,59,618,4.827,48677.0,2.2025,0.0774,2011
IN,638,3.3794,233.968,5.87225,80,38,425,5.248,48851.9,2.0436,0.0774,2011
IN,639,3.4409,234.457,6.55459,71,35,194,4.697,49189.6,2.2543,0.0774,2011
IN,640,3.5741,234.947,6.89036,75,22,109,6.144,49522.1,2.2896,0.0774,2011
IN,641,3.5604,235.438,7.0422,74,62,156,5.069,49571.7,2.1632,0.0774,2011
IN,642,3.5906,235.929,7.04433,102,84,455,5.029,50252.4,2.4531,0.0774,2011
IN,643,3.5629,236.422,7.0533,106,47,737,5.171,50097.5,2.5195,0.0774,2011
IN,644,3.5718,236.916,6.62566,98,57,258,4.325,50006.9,2.3556,0.0774,2011
IN,645,3.545,237.411,6.64642,89,86,183,4.691,49982.4,2.205,0.0774,2011
IN,646,3.4345,237.907,6.37926,114,65,215,4.772,51047.7,2.3897,0.0774,2011
IN,647,3.3873,238.404,6.25588,94,26,111,5.212,50706.8,2.3404,0.0774,2011
IN,648,3.246,238.902,5.94766,80,80,426,4.976,50192.9,2.4449,0.0774,2011
IN,649,3.1109,239.401,6.51457,95,36,334,4.968,50894.7,2.2514,0.0774,2011
IN,650,3.2003,239.901,6.65607,98,40,419,5.561,51065.7,2.0565,0.0774,2011
IN,651,3.2964,240.402,6.66836,78,40,477,4.934,50110.5,2.169,0.0774,2011
IN,652,3.3497,240.904,7.08945,81,57,203,5.304,52077.7,2.2034,0.0774,2011
IN,653,3.5467,241.407,6.82436,61,42,149,4.979,50969.2,2.2376,0.0774,2011
IN,654,3.3971,241.911,7.35354,77,15,345,5.343,51076.8,2.3647,0.0774,2011
IN,655,3.4026,242.417,7.20436,102,39,210,4.902,51078.7,2.4791,0.0774,2011
IN,656,3.4145,242.923,6.94768,93,81,1075,4.634,52082.4,2.5009,0.0774,2011
IN,657,3.3282,243.43,6.93447,89,64,285,4.818,50887.2,2.4569,0.0774,2011
IN,658,3.3621,243.939,6.41757,90,28,423,5.144,51304.8,2.4671,0.0774,2011
IN,659,3.318,244.448,6.18153,91,64,366,5.424,51317.9,2.3674,0.0774,2011
IN,660,2.1033,244.959,6.36146,109,20,395,5.223,50835.5,2.3109,0.0774,2011
IN,661,2.3829,245.471,6.44446,80,54,692,5.34,51111.5,2.2653,0.0774,2011
IN,662,2.3555,245.983,6.55311,80,47,256,5.914,50248.0,2.0672,0.0774,2011
IN,663,2.3781,246.497,7.02003,75,67,256,5.745,51147.7,2.2408,0.0774,2011
IN,664,2.4078,247.012,7.82937,79,56,284,4.604,51870.8,2.2192,0.0774,2011
IN,665,2.4638,247.528,8.01309,97,21,148,5.114,52173.6,2.2028,0.0774,2011
IN,666,2.4537,248.045,7.80749,88,84,486,5.912,52805.2,2.2075,0.0774,2011
IN,667,2.4809,248.563,7.5093,91,20,111,5.34,51395.2,2.5372,0.0774,2011
IN,668,2.4279,249.082,7.28619,102,68,522,4.824,51473.9,2.4215,0.0774,2011
IN,669,2.408,249.603,7.48247,119,61,696,5.032,52061.0,2.4807,0.0774,2011
IN,670,2.3586,250.124,7.14428,101,46,234,5.6,53501.5,2.4378,0.0774,2011
IN,671,2.2557,250.646,7.04138,107,59,419,4.973,52781.1,2.4035,0.0774,2011
IN,672,1.9451,251.17,6.9364,86,97,476,5.403,53428.6,2.1383,0.0774,2011
IN,673,1.9757,251.694,7.1775,85,76,627,5.073,52616.1,2.1163,0.0774,2011
IN,674,2.0389,252.22,7.13237,94,51,541,5.087,52577.5,2.0993,0.0774,2011
IN,675,2.1895,252.747,7.63,82,107,336,5.358,53461.5,2.1642,0.0774,2011
IN,676,2.2018,253.275,7.82269,92,23,239,4.763,52452.4,2.0892,0.0774,2011
IN,677,2.2524,253.804,7.94169,91,78,418,5.364,53364.6,2.1517,0.0774,2011
IN,678,2.2568,254.334,8.45781,88,17,787,4.692,53027.5,2.2832,0.0774,2011
IN,679,2.2341,254.865,8.10728,101,108,1396,4.102,53292.4,2.4351,0.0774,2011
IN,680,2.1545,255.398,7.70866,97,48,1411,4.791,52809.8,2.4649,0.0774,2011
IN,681,2.135,255.931,7.53201,121,48,1344,4.707,53068.8,2.5721,0.0774,2011
IN,682,2.0236,256.466,7.30548,98,80,466,4.119,53003.3,2.4797,0.0774,2011
IN,683,1.9371,257.001,7.14896,105,66,810,4.87,53021.6,2.4889,0.0774,2011
IN,684,2.1561,257.538,7.20086,87,18,1156,4.356,54020.9,2.3689,0.0774,2011
IN,685,2.2135,258.076,6.85202,99,20,1102,6.165,52513.5,2.1812,0.0774,2011
IN,686,2.2529,258.615,7.51504,105,75,297,5.673,53444.4,2.1103,0.0774,2011
IN,687,2.3339,259.155,7.53259,99,44,328,5.825,53207.7,2.1599,0.0774,2011
IN,688,2.4456,259.697,7.87782,85,85,185,4.876,53451.9,2.1147,0.0774,2011
IN,689,2.5151,260.239,8.10585,79,61,547,5.709,54197.6,2.1901,0.0774,2011
IN,690,2.4827,260.783,8.35666,92,92,271,4.938,54215.5,2.3689,0.0774,2011
IN,691,2.4967,261.327,8.13716,107,167,1539,4.379,53979.0,2.2232,0.0774,2011
IN,692,2.4228,261.873,8.04146,124,95,727,4.184,53904.8,2.4204,0.0774,2011
IN,693,2.4089,262.42,7.6577,101,36,657,4.257,53550.5,2.4252,0.0774,2011
IN,694,2.3466,262.968,7.3751,96,38,270,4.972,54850.5,2.4132,0.0774,2011
IN,695,2.2806,263.518,7.09984,80,29,362,4.832,54507.2,2.312,0.0774,2011
IN,696,2.5034,264.068,7.04665,105,12,242,4.612,55002.1,2.2577,0.0774,2011
IN,697,2.6015,264.62,7.08678,91,78,383,5.56,54377.5,2.1437,0.0774,2011
IN,698,2.6158,265.172,7.60417,83,16,876,4.972,54519.9,2.2994,0.0774,2011
IN,699,2.6389,265.726,7.72662,78,127,374,5.947,54775.5,2.2222,0.0774,2011
IN,700,2.7035,266.281,7.73274,95,73,334,5.269,53842.6,2.1838,0.0774,2011
IN,701,2.8516,266.838,8.05209,100,66,489,6.01,55822.9,2.3678,0.0774,2011
IN,702,2.8861,267.395,7.86973,92,83,341,4.965,53877.4,2.443,0.0774,2011
IN,703,2.8577,267.953,7.8452,93,59,282,5.605,55125.7,2.5741,0.0774,2011
IN,704,2.7166,268.513,7.95591,100,22,249,4.801,55258.7,2.4854,0.0774,2011
IN,705,2.6669,269.074,7.80788,116,106,171,4.881,55817.9,2.5018,0.0774,2011
IN,706,2.6696,269.636,7.25521,84,45,451,4.798,54792.9,2.4548,0.0774,2011
IN,707,2.5979,270.199,7.25213,91,32,362,4.818,55111.4,2.3434,0.0774,2011
IN,708,2.4754,270.764,7.08305,98,33,479,5.155,56865.8,2.3162,0.0774,2011
IN,709,2.4859,271.329,7.19272,88,33,184,5.375,55507.3,2.1869,0.0774,2011
IN,710,2.5293,271.896,7.49949,97,110,394,4.991,55212.0,2.1596,0.0774,2011
IN,711,2.5784,272.464,8.01484,63,35,776,4.99,55974.3,2.304,0.0774,2011
IN,712,2.5906,273.033,7.83906,88,86,289,5.392,54921.2,2.215,0.0774,2011
IN,713,2.6088,273.603,8.3353,104,48,53,4.816,55988.6,2.3993,0.0774,2011
IN,714,2.6458,274.175,8.40759,92,78,127,4.893,57131.5,2.3435,0.0774,2011
IN,715,2.6615,274.747,8.36246,114,100,326,4.255,55707.5,2.2565,0.0774,2011
IN,716,2.665,275.321,8.39643,113,95,316,4.236,56676.4,2.3497,0.0774,2011
IN,717,2.6137,275.896,7.83438,111,101,424,5.017,56389.1,2.4724,0.0774,2011
IN,718,2.5671,276.473,7.611,98,111,1701,5.144,56378.7,2.3377,0.0774,2011
IN,719,2.5015,277.05,7.50595,95,53,1020,4.764,57131.4,2.4194,0.0774,2011
IN,720,2.0503,277.629,6.91472,117,132,139,9.469,55446.1,2.4633,0.0774,2011
IN,721,2.0393,278.209,7.17243,110,33,287,9.432,56855.9,2.1883,0.0774,2011
IN,722,2.0841,278.79,6.26859,113,35,255,10.648,57432.7,2.0889,0.0774,2011
IN,723,1.7919,279.372,5.29804,91,27,103,10.049,57863.4,2.1595,0.0774,2011
IN,724,1.858,279.956,6.10132,104,20,158,9.926,56562.0,2.0435,0.0774,2011
IN,725,2.1743,280.54,6.8977,92,31,890,9.297,57426.2,2.2533,0.0774,2011
IN,726,2.2145,281.126,7.70904,108,81,124,8.558,57678.7,2.435,0.0774,2011
IN,727,2.2459,281.714,8.31864,108,73,2160,9.195,56090.6,2.381,0.0774,2011
IN,728,2.2209,282.302,8.1991,119,109,708,9.795,58848.6,2.4436,0.0774,2011
IN,729,2.1709,282.892,7.99455,133,79,291,9.628,56997.5,2.3367,0.0774,2011
IN,730,2.073,283.483,7.75619,106,23,1195,8.454,57499.0,2.4288,0.0774,2011
IN,731,2.0206,284.075,7.46213,102,37,691,9.885,57121.2,2.436,0.0774,2011
IN,732,2.8567,284.668,7.57431,87,40,575,5.086,57319.2,2.4052,0.0774,2011
IN,733,2.8567,285.263,7.52039,87,44,511,4.888,58811.5,2.229,0.0774,2011
IN,734,2.9418,285.859,7.63316,90,57,112,5.687,57540.8,2.2401,0.0774,2011
IN,735,3.0073,286.456,7.94534,75,53,180,4.738,57886.7,2.3225,0.0774,2011
IN,736,3.0957,287.054,8.03884,101,24,283,5.857,57135.8,2.1533,0.0774,2011
IN,737,3.0908,287.654,8.19558,81,82,655,5.273,57685.9,2.1735,0.0774,2011
IN,738,3.0916,288.254,8.08229,90,63,200,5.033,58136.9,2.3549,0.0774,2011
IN,739,3.0803,288.856,8.16266,84,40,184,4.922,58562.0,2.4451,0.0774,2011
IN,740,3.058,289.46,8.28208,88,139,523,4.718,58933.9,2.4284,0.0774,2011
IN,741,3.0051,290.064,7.78037,103,116,803,4.912,57888.7,2.3655,0.0774,2011
IN,742,2.9381,290.67,7.38259,112,94,289,4.42,58180.8,2.4469,0.0774,2011
IN,743,2.8384,291.277,7.28292,106,37,325,4.472,58684.0,2.3622,0.0774,2011
IN,744,3.7678,291.886,7.10677,85,66,590,5.036,57083.6,2.2497,0.0774,2011
IN,745,3.8215,292.496,7.41249,73,67,432,5.693,59145.6,2.2967,0.0774,2011
IN,746,3.8759,293.106,7.43973,91,58,396,4.925,58790.1,2.1431,0.0774,2011
IN,747,3.891,293.719,7.33767,95,28,232,5.067,59513.8,2.1526,0.0774,2011
IN,748,4.6078,294.332,7.80722,66,31,261,4.776,59112.5,2.1574,0.0774,2011
IN,749,5.0327,294.947,7.68312,62,54,546,5.088,59362.6,2.22,0.0774,2011
IN,750,4.1699,295.563,8.07859,69,43,177,4.909,59181.8,2.1319,0.0774,2011
IN,751,4.1301,296.18,7.82468,84,160,250,4.708,59139.8,2.4243,0.0774,2011
IN,752,3.9831,296.799,8.07651,107,57,799,4.732,60591.9,2.3906,0.0774,2011
IN,753,3.9762,297.419,7.41246,101,63,1179,4.937,58816.3,2.4162,0.0774,2011
IN,754,3.8232,298.04,7.30978,86,22,552,4.637,58206.8,2.5334,0.0774,2011
IN,755,3.8307,298.663,7.24016,92,150,119,5.224,60952.8,2.2752,0.0774,2011
IN,756,3.3251,299.287,7.28561,86,54,518,5.5,61406.5,2.2955,0.0774,2011
IN,757,3.4079,299.912,7.30345,80,50,245,5.626,60520.1,2.2307,0.0774,2011
IN,758,3.4002,300.538,7.62297,71,29,427,4.958,59538.2,2.3689,0.0774,2011
IN,759,3.3954,301.166,7.84145,112,113,177,5.656,59812.4,2.1327,0.0774,2011
IN,760,3.3976,301.795,8.30464,92,39,354,5.406,60904.8,2.14,0.0774,2011
IN,761,3.5262,302.425,8.26132,88,93,238,5.643,60920.4,2.2312,0.0774,2011
IN,762,3.5436,303.057,8.40099,103,8,174,6.001,60153.6,2.4796,0.0774,2011
IN,763,3.5324,303.69,8.25394,87,25,201,5.004,61510.0,2.2096,0.0774,2011
IN,764,3.5585,304.324,8.22059,89,93,868,4.312,61565.5,2.3776,0.0774,2011
IN,765,3.5415,304.96,7.87157,97,33,793,5.218,60756.9,2.3757,0.0774,2011
IN,766,3.4319,305.597,7.54001,82,48,522,4.794,60039.7,2.3442,0.0774,2011
IN,767,3.2829,306.235,7.63361,108,96,735,4.624,61187.6,2.2599,0.0774,2011
IN,768,3.064,306.875,7.49985,91,45,196,5.562,61663.3,2.3927,0.0774,2011
IN,769,3.0911,307.516,7.68468,94,54,409,5.842,61545.8,2.3354,0.0774,2011
IN,770,3.1791,308.158,7.89675,94,115,565,5.088,61824.3,2.1843,0.0774,2011
IN,771,3.2782,308.802,8.38145,85,54,503,5.137,62415.8,2.1493,0.0774,2011
IN,772,3.2465,309.447,8.18182,102,101,346,5.447,61812.8,2.1621,0.0774,2011
IN,773,3.1982,310.093,8.48917,91,41,566,4.866,61792.7,2.2154,0.0774,2011
IN,774,3.1414,310.741,8.76061,89,90,372,5.104,61481.3,2.2632,0.0774,2011
IN,775,3.204,311.39,8.83605,97,44,213,4.214,61484.3,2.4062,0.0774,2011
IN,776,3.2531,312.041,8.32873,98,145,369,4.474,62378.9,2.3688,0.0774,2011
IN,777,3.196,312.692,8.04976,93,121,579,4.623,62248.4,2.4941,0.0774,2011
IN,778,3.1516,313.345,8.11591,99,35,340,5.114,63731.7,2.6004,0.0774,2011
IN,779,3.1489,314.0,7.69977,82,109,622,5.079,62391.1,2.322,0.0774,2011
IA,540,2.2649,190.7,3.88212,57,27,269,5.65,41934.8,2.2489,0.7443,2011
IA,541,2.2321,191.098,3.9513,63,8,169,5.486,41608.7,2.3682,0.7443,2011
IA,542,2.3496,191.497,4.10249,59,19,48,4.858,42817.8,2.1625,0.7443,2011
IA,543,2.3737,191.897,4.1339,57,22,305,5.194,42908.0,2.1565,0.7443,2011
IA,544,2.4363,192.298,4.50871,62,28,303,4.997,42073.4,2.1564,0.7443,2011
IA,545,2.4751,192.7,4.49693,54,48,157,4.593,42547.6,2.2381,0.7443,2011
IA,546,2.4519,193.102,4.50766,67,28,115,5.82,41959.4,2.1572,0.7443,2011
IA,547,2.4477,193.506,4.58794,60,68,316,4.421,42960.5,2.3769,0.7443,2011
IA,548,2.5137,193.91,4.48654,81,50,273,4.501,42570.1,2.462,0.7443,2011
IA,549,2.4686,194.315,4.20107,70,15,262,4.26,42068.2,2.3965,0.7443,2011
IA,550,2.3508,194.721,4.05566,73,66,194,4.46,42530.2,2.4402,0.7443,2011
IA,551,2.246,195.128,4.14064,83,37,426,4.932,42112.8,2.4862,0.7443,2011
IA,552,2.5444,195.535,4.09519,61,37,266,5.033,43085.0,2.2025,0.7443,2011
IA,553,2.5718,195.944,4.06539,58,11,486,5.55,42145.2,2.2921,0.7443,2011
IA,554,2.6334,196.353,4.32406,59,52,73,5.234,42466.4,2.1886,0.7443,2011
IA,555,2.7809,196.763,4.22031,40,27,158,5.827,42621.7,2.0801,0.7443,2011
IA,556,2.861,197.174,4.42411,74,12,210,5.564,43295.6,2.2596,0.7443,2011
IA,557,2.8165,197.586,4.57826,58,49,20,4.629,43190.5,2.1411,0.7443,2011
IA,558,2.8432,197.999,4.592,50,61,542,5.06,43555.6,2.3155,0.7443,2011
IA,559,2.8634,198.412,4.44451,48,51,81,5.213,42629.4,2.291,0.7443,2011
IA,560,2.7928,198.827,4.31365,72,48,268,4.853,43119.1,2.4527,0.7443,2011
IA,561,2.6805,199.242,4.29579,70,70,52,4.905,42491.3,2.4222,0.7443,2011
IA,562,2.6705,199.658,4.21411,68,59,108,4.74,43532.1,2.4213,0.7443,2011
IA,563,2.6188,200.075,3.97186,87,13,273,4.966,43334.0,2.2878,0.7443,2011
IA,564,2.7967,200.493,4.03237,56,14,86,4.542,44315.0,2.2266,0.7443,2011
IA,565,2.7729,200.912,3.99631,62,18,152,5.239,43364.5,2.1208,0.7443,2011
IA,566,2.7977,201.331,4.03271,59,57,314,5.137,43960.6,2.0848,0.7443,2011
IA,567,2.9173,201.752,4.26706,65,75,360,5.346,44351.1,2.1911,0.7443,2011
IA,568,2.9923,202.173,4.44412,55,8,73,4.414,43843.2,2.1213,0.7443,2011
IA,569,2.9621,202.596,4.56573,60,18,535,5.293,44039.0,2.1789,0.7443,2011
IA,570,3.0683,203.019,4.46364,55,35,376,5.105,44766.6,2.3466,0.7443,2011
IA,571,3.0472,203.443,4.4946,79,60,845,5.217,43597.8,2.4645,0.7443,2011
IA,572,3.0057,203.868,4.40241,66,15,230,4.627,45162.4,2.5323,0.7443,2011
IA,573,2.9421,204.294,4.35674,81,41,139,4.757,45144.0,2.4276,0.7443,2011
IA,574,2.8069,204.72,4.30782,66,34,139,4.082,44480.5,2.5296,0.7443,2011
IA,575,2.7549,205.148,4.08433,68,22,422,5.478,44013.1,2.5158,0.7443,2011
IA,576,3.2268,205.576,3.78117,55,26,136,8.093,43631.1,2.3941,0.7443,2011
IA,577,3.2688,206.006,3.95454,73,9,175,8.189,43268.0,2.4416,0.7443,2011
IA,578,3.4187,206.436,3.88717,69,18,185,8.031,43455.1,2.3501,0.7443,2011
IA,579,3.5406,206.867,3.9437,47,13,235,8.319,43855.7,2.2964,0.7443,2011
IA,580,3.5411,207.299,4.20604,58,69,260,8.318,43745.0,2.5127,0.7443,2011
IA,581,4.2284,207.732,4.24952,56,36,238,8.185,43789.0,2.4102,0.7443,2011
IA,582,4.308,208.166,4.14017,66,16,366,7.726,44317.6,2.5588,0.7443,2011
IA,583,3.5048,208.601,4.28536,73,41,610,7.348,43613.6,2.5821,0.7443,2011
IA,584,3.4705,209.037,4.11393,65,54,304,7.593,44171.3,2.5375,0.7443,2011
IA,585,3.4008,209.474,4.16462,81,70,640,7.219,44006.3,2.689,0.7443,2011
IA,586,2.2673,209.911,4.03079,73,85,71,7.591,43978.4,2.6483,0.7443,2011
IA,587,1.77,210.35,4.22121,72,35,487,7.621,44738.4,2.6776,0.7443,2011
IA,588,2.3796,210.789,3.99403,68,48,327,8.335,44145.6,2.4889,0.7443,2011
IA,589,2.3614,211.229,4.16278,65,35,201,8.328,45623.7,2.5196,0.7443,2011
IA,590,2.411,211.67,4.35913,53,57,194,7.78,45094.7,2.3918,0.7443,2011
IA,591,2.4265,212.113,4.21706,65,32,285,8.16,43970.2,2.4194,0.7443,2011
IA,592,2.5187,212.556,4.46337,68,62,249,7.67,45253.2,2.3737,0.7443,2011
IA,593,2.6158,213.0,4.67398,62,35,304,8.01,43832.8,2.3367,0.7443,2011
IA,594,2.6208,213.444,4.86146,68,32,295,7.416,45114.0,2.5129,0.7443,2011
IA,595,2.6401,213.89,4.60319,76,22,217,7.373,44536.2,2.5675,0.7443,2011
IA,596,2.5624,214.337,4.57724,82,56,182,7.814,45133.0,2.6089,0.7443,2011
IA,597,2.4587,214.785,4.49008,83,71,56,7.107,44879.5,2.5893,0.7443,2011
IA,598,2.2731,215.233,4.4225,87,18,264,7.607,45205.0,2.6083,0.7443,2011
IA,599,2.3109,215.683,4.2848,72,39,497,7.695,45106.3,2.5088,0.7443,2011
IA,600,2.6693,216.133,4.1608,73,11,147,7.539,45349.0,2.4119,0.7443,2011
IA,601,2.8042,216.585,4.18406,54,18,341,8.03,45340.8,2.3644,0.7443,2011
IA,602,2.8157,217.037,4.3871,49,40,201,8.108,45933.3,2.2729,0.7443,2011
IA,603,2.8027,217.491,4.33364,67,41,165,8.013,44686.2,2.3843,0.7443,2011
IA,604,2.9027,217.945,4.46046,63,25,255,8.072,45524.3,2.4062,0.7443,2011
IA,605,2.9233,218.4,4.65582,52,37,208,7.788,45438.7,2.2964,0.7443,2011
IA,606,3.0113,218.856,4.58593,72,39,186,7.66,45794.4,2.4512,0.7443,2011
IA,607,2.9256,219.313,4.66619,68,44,209,7.221,45135.3,2.4797,0.7443,2011
IA,608,2.9354,219.772,4.3375,72,15,675,7.433,45611.5,2.7364,0.7443,2011
IA,609,2.9059,220.231,4.36209,70,44,283,7.531,45688.8,2.5672,0.7443,2011
IA,610,2.784,220.691,4.24295,68,53,234,7.991,45828.9,2.6603,0.7443,2011
IA,611,2.7322,221.152,4.2316,57,22,267,7.104,46306.8,2.4835,0.7443,2011
IA,612,3.5522,221.614,4.3285,64,30,298,4.676,48375.5,2.3991,0.7443,2011
IA,613,3.5164,222.076,4.17243,67,40,287,4.943,47337.9,2.1987,0.7443,2011
IA,614,3.6001,222.54,4.32565,52,20,87,5.209,47188.1,2.2193,0.7443,2011
IA,615,3.7474,223.005,4.43749,50,32,171,4.932,47489.9,2.0472,0.7443,2011
IA,616,3.709,223.471,4.64508,46,38,260,4.304,47923.3,2.0869,0.7443,2011
IA,617,3.8278,223.938,4.45438,60,30,209,5.036,47892.9,2.2656,0.7443,2011
IA,618,3.8878,224.405,4.74505,61,38,260,5.125,47290.0,2.3872,0.7443,2011
IA,619,3.8669,224.874,4.69485,65,15,166,4.565,48752.7,2.449,0.7443,2011
IA,620,3.8364,225.344,4.50995,76,34,136,4.711,47697.8,2.2529,0.7443,2011
IA,621,3.7324,225.815,4.35617,76,110,449,4.192,48073.4,2.4423,0.7443,2011
IA,622,3.5981,226.286,4.13016,69,28,207,5.069,48093.7,2.3363,0.7443,2011
IA,623,3.507,226.759,4.04448,69,43,131,4.444,48052.4,2.3673,0.7443,2011
IA,624,3.6843,227.233,4.1546,77,19,262,4.643,48443.6,2.3293,0.7443,2011
IA,625,3.6265,227.707,4.24349,59,11,100,4.383,48318.0,2.1353,0.7443,2011
IA,626,3.7374,228.183,4.21768,55,7,83,5.243,48437.4,2.2811,0.7443,2011
IA,627,3.8463,228.659,4.4553,53,18,368,5.125,48047.8,2.113,0.7443,2011
IA,628,3.7217,229.137,4.66168,59,18,221,5.149,48729.9,2.1111,0.7443,2011
IA,629,3.7265,229.616,4.55839,56,7,96,5.432,49010.6,2.3371,0.7443,2011
IA,630,3.8548,230.095,4.62514,52,52,202,5.297,48242.2,2.313,0.7443,2011
IA,631,3.8237,230.576,4.62403,65,23,331,5.045,48766.5,2.3709,0.7443,2011
IA,632,3.8212,231.057,4.57299,58,59,306,4.015,50188.1,2.523,0.7443,2011
IA,633,3.8346,231.54,4.41875,71,19,614,4.737,48168.1,2.532,0.7443,2011
IA,634,3.7315,232.024,4.33739,72,72,56,5.149,48956.8,2.4668,0.7443,2011
IA,635,3.6412,232.508,4.21816,75,18,159,4.803,49161.1,2.2484,0.7443,2011
IA,636,3.4824,232.994,4.12877,79,13,346,5.208,48103.7,2.2163,0.7443,2011
IA,637,3.554,233.481,4.31132,70,19,151,5.385,50387.3,2.2388,0.7443,2011
IA,638,3.7035,233.968,4.47527,70,46,10,5.007,50351.6,2.3192,0.7443,2011
IA,639,3.8061,234.457,4.50702,65,42,319,5.84,49428.6,2.1077,0.7443,2011
IA,640,3.7943,234.947,4.73591,64,38,164,5.67,50161.8,2.1011,0.7443,2011
IA,641,3.7835,235.438,5.00298,60,44,362,5.331,49811.9,2.2438,0.7443,2011
IA,642,3.7801,235.929,4.85352,61,19,245,4.771,48796.0,2.2508,0.7443,2011
IA,643,3.6535,236.422,4.74068,65,61,251,4.754,48944.2,2.3968,0.7443,2011
IA,644,3.8103,236.916,4.72016,66,53,578,4.638,50682.8,2.4818,0.7443,2011
IA,645,3.7144,237.411,4.64268,68,34,288,4.168,49730.6,2.6105,0.7443,2011
IA,646,3.5824,237.907,4.58214,67,15,631,4.713,50765.4,2.4106,0.7443,2011
IA,647,3.5322,238.404,4.31706,80,70,314,4.679,49297.2,2.5153,0.7443,2011
IA,648,3.3474,238.902,4.29113,60,31,129,5.453,49654.3,2.3245,0.7443,2011
IA,649,3.4657,239.401,4.40939,63,30,216,5.093,50082.8,2.0938,0.7443,2011
IA,650,3.4782,239.901,4.4759,49,21,159,4.999,49403.6,2.1875,0.7443,2011
IA,651,3.4997,240.402,4.63738,42,53,202,5.898,51001.8,2.1008,0.7443,2011
IA,652,3.5337,240.904,4.93094,60,21,156,4.903,51468.7,2.1176,0.7443,2011
IA,653,3.8284,241.407,4.98735,58,27,435,5.18,51390.2,2.2005,0.7443,2011
IA,654,3.6323,241.911,4.90296,61,65,131,4.235,50529.3,2.2583,0.7443,2011
IA,655,3.6454,242.417,4.9598,85,59,173,4.247,51951.6,2.3362,0.7443,2011
IA,656,3.5695,242.923,4.92006,72,20,308,4.619,51324.8,2.4591,0.7443,2011
IA,657,3.5283,243.43,4.86365,72,64,156,4.841,51177.5,2.4459,0.7443,2011
IA,658,3.3938,243.939,4.67657,72,47,594,4.506,51811.1,2.3704,0.7443,2011
IA,659,3.3752,244.448,4.39111,67,62,146,5.023,51016.0,2.4271,0.7443,2011
IA,660,2.1449,244.959,4.5285,58,52,636,6.098,51093.4,2.3955,0.7443,2011
IA,661,2.3653,245.471,4.59986,58,50,412,5.211,51768.4,2.2862,0.7443,2011
IA,662,2.5151,245.983,4.90018,47,42,182,5.617,52502.2,2.3987,0.7443,2011
IA,663,2.596,246.497,4.90579,56,26,140,4.577,51332.1,2.2908,0.7443,2011
IA,664,2.7261,247.012,5.288,59,44,648,5.394,51445.5,2.2261,0.7443,2011
IA,665,2.6941,247.528,5.53405,57,19,370,5.813,51645.6,2.2977,0.7443,2011
IA,666,2.727,248.045,5.50702,57,34,325,4.535,51486.4,2.3294,0.7443,2011
IA,667,2.7635,248.563,5.21639,58,56,364,5.237,52066.3,2.3264,0.7443,2011
IA,668,2.6043,249.082,5.06328,76,63,505,4.952,51965.0,2.3489,0.7443,2011
IA,669,2.6084,249.603,4.928,64,61,170,5.045,52547.4,2.4888,0.7443,2011
IA,670,2.4638,250.124,4.98048,67,36,126,4.988,51446.3,2.3311,0.7443,2011
IA,671,2.4328,250.646,4.8619,79,99,585,5.178,52488.4,2.2864,0.7443,2011
IA,672,2.1219,251.17,4.82074,73,45,282,6.05,52197.6,2.2896,0.7443,2011
IA,673,2.1981,251.694,4.88205,49,58,514,5.233,51583.5,2.2081,0.7443,2011
IA,674,2.2102,252.22,5.15787,59,32,208,5.12,52704.0,2.2186,0.7443,2011
IA,675,2.2453,252.747,5.24191,63,16,421,5.007,52333.6,2.0452,0.7443,2011
IA,676,2.3055,253.275,5.41883,60,15,278,5.69,53406.6,2.0553,0.7443,2011
IA,677,2.3643,253.804,5.80037,70,37,181,4.46,53458.1,2.2605,0.7443,2011
IA,678,2.3324,254.334,5.61183,67,16,207,4.579,52673.3,2.2489,0.7443,2011
IA,679,2.3617,254.865,5.75649,95,83,252,4.639,53611.8,2.2571,0.7443,2011
IA,680,2.2657,255.398,5.51273,84,29,189,5.003,52423.4,2.4018,0.7443,2011
IA,681,2.2668,255.931,5.26515,72,34,741,4.587,53834.2,2.5091,0.7443,2011
IA,682,2.2346,256.466,5.18603,90,81,703,4.653,52420.2,2.36,0.7443,2011
IA,683,2.1396,257.001,5.09151,61,58,164,4.973,52739.9,2.3714,0.7443,2011
IA,684,2.4026,257.538,4.76999,60,49,242,4.336,53371.0,2.3405,0.7443,2011
IA,685,2.4528,258.076,5.02192,65,43,161,5.348,53309.4,2.2498,0.7443,2011
IA,686,2.447,258.615,4.94505,55,28,223,5.465,53944.0,2.0793,0.7443,2011
IA,687,2.5199,259.155,5.36927,55,35,329,5.377,51954.4,2.1798,0.7443,2011
IA,688,2.5457,259.697,5.59592,69,26,78,4.577,54462.9,2.0855,0.7443,2011
IA,689,2.6622,260.239,5.49549,71,17,500,5.372,54116.0,2.4228,0.7443,2011
IA,690,2.6675,260.783,5.48019,68,32,785,5.155,53333.8,2.2559,0.7443,2011
IA,691,2.627,261.327,5.58383,80,33,391,4.973,54036.8,2.2199,0.7443,2011
IA,692,2.5718,261.873,5.45045,65,63,419,4.066,53960.1,2.3018,0.7443,2011
IA,693,2.5143,262.42,5.22069,82,104,359,4.358,53845.8,2.4722,0.7443,2011
IA,694,2.3719,262.968,5.30418,68,49,435,4.183,54714.2,2.6244,0.7443,2011
IA,695,2.3437,263.518,5.12844,78,40,304,4.137,54878.5,2.3223,0.7443,2011
IA,696,2.7064,264.068,4.88508,77,31,207,5.335,53539.7,2.2466,0.7443,2011
IA,697,2.753,264.62,5.01282,55,11,153,5.056,55065.0,2.3519,0.7443,2011
IA,698,2.791,265.172,4.94663,70,77,236,5.758,54563.9,2.2439,0.7443,2011
IA,699,2.9078,265.726,5.30513,65,19,108,5.281,54199.5,2.1687,0.7443,2011
IA,700,2.9181,266.281,5.25222,55,36,416,5.303,55112.9,2.2119,0.7443,2011
IA,701,3.0133,266.838,5.39225,54,20,167,5.47,54357.7,2.1413,0.7443,2011
IA,702,2.9764,267.395,5.57674,69,27,297,5.217,54844.1,2.1388,0.7443,2011
IA,703,2.9391,267.953,5.54341,72,53,250,4.061,54733.0,2.3838,0.7443,2011
IA,704,2.8745,268.513,5.43373,69,52,448,5.12,55662.8,2.403,0.7443,2011
IA,705,2.8169,269.074,5.12936,82,32,466,4.694,55418.9,2.5149,0.7443,2011
IA,706,2.7717,269.636,5.13469,64,45,336,4.475,56647.1,2.2947,0.7443,2011
IA,707,2.6798,270.199,5.04613,75,53,346,5.198,57223.7,2.2895,0.7443,2011
IA,708,2.5674,270.764,5.05507,73,44,238,4.934,56443.6,2.3816,0.7443,2011
IA,709,2.5277,271.329,5.10619,72,36,373,5.197,56689.3,2.2208,0.7443,2011
IA,710,2.6053,271.896,5.09073,62,34,575,5.123,56233.4,2.126,0.7443,2011
IA,711,2.7286,272.464,5.28692,58,16,164,5.343,55736.8,2.3347,0.7443,2011
IA,712,2.8135,273.033,5.532,56,19,273,5.092,54815.7,2.0158,0.7443,2011
IA,713,2.8541,273.603,5.68376,56,80,458,5.296,55708.1,2.2589,0.7443,2011
IA,714,2.8293,274.175,5.9099,65,24,410,4.586,56617.6,2.3612,0.7443,2011
IA,715,2.8286,274.747,5.7789,53,21,547,5.117,56794.1,2.3712,0.7443,2011
IA,716,2.7056,275.321,5.55038,71,31,520,4.08,55148.5,2.3886,0.7443,2011
IA,717,2.6724,275.896,5.51778,64,54,881,4.52,57017.6,2.4193,0.7443,2011
IA,718,2.5815,276.473,5.40596,64,76,254,4.89,56348.6,2.3524,0.7443,2011
IA,719,2.5458,277.05,5.10053,78,84,390,4.657,56630.2,2.3037,0.7443,2011
IA,720,2.0466,277.629,4.89751,76,42,239,9.691,57245.5,2.2552,0.7443,2011
IA,721,2.1077,278.209,5.07466,76,28,291,9.981,57022.2,2.1566,0.7443,2011
IA,722,2.1419,278.79,4.58205,76,63,364,10.22,56967.6,2.2485,0.7443,2011
IA,723,1.8997,279.372,3.6126,66,5,150,10.423,57234.3,2.1526,0.7443,2011
IA,724,1.9213,279.956,4.39396,65,54,243,9.988,57089.4,2.0994,0.7443,2011
IA,725,2.3566,280.54,5.18079,67,25,245,9.325,55871.4,2.2594,0.7443,2011
IA,726,2.3443,281.126,5.3071,68,70,919,9.435,57094.7,2.3699,0.7443,2011
IA,727,2.3645,281.714,5.60839,90,54,249,8.76,56894.7,2.4566,0.7443,2011
IA,728,2.418,282.302,5.48817,83,37,342,9.107,56812.8,2.4255,0.7443,2011
IA,729,2.3402,282.892,5.31333,85,60,346,9.452,57709.8,2.428,0.7443,2011
IA,730,2.2515,283.483,5.25853,80,50,679,10.106,59038.1,2.589,0.7443,2011
IA,731,2.2104,284.075,5.24416,95,25,330,8.749,57885.6,2.3982,0.7443,2011
IA,732,3.0194,284.668,5.31033,70,69,295,5.123,58858.2,2.224,0.7443,2011
IA,733,3.0286,285.263,5.08406,59,45,207,5.449,58085.2,2.2639,0.7443,2011
IA,734,3.0622,285.859,5.45716,60,48,132,5.461,58960.8,2.155,0.7443,2011
IA,735,3.0572,286.456,5.55579,65,62,387,5.51,57368.5,2.2508,0.7443,2011
IA,736,3.1867,287.054,5.86376,68,14,382,4.604,59281.9,2.189,0.7443,2011
IA,737,3.2851,287.654,5.85365,59,21,187,5.463,59197.4,2.1821,0.7443,2011
IA,738,3.3145,288.254,5.69404,72,51,344,5.302,57275.9,2.207,0.7443,2011
IA,739,3.1946,288.856,5.9479,59,68,705,4.799,58390.1,2.2808,0.7443,2011
IA,740,3.2251,289.46,5.45439,71,40,460,4.714,58475.5,2.3624,0.7443,2011
IA,741,3.1499,290.064,5.44951,68,93,224,5.288,59062.2,2.393,0.7443,2011
IA,742,3.0833,290.67,5.34401,71,72,281,4.81,58199.8,2.4024,0.7443,2011
IA,743,3.0411,291.277,5.13549,72,43,352,4.844,58883.2,2.266,0.7443,2011
IA,744,4.0627,291.886,5.27053,66,32,367,5.216,59372.7,2.2869,0.7443,2011
IA,745,4.0734,292.496,4.84047,56,74,113,4.778,59097.9,2.2349,0.7443,2011
IA,746,4.0605,293.106,5.15131,74,48,369,5.912,59511.3,2.1443,0.7443,2011
IA,747,4.1606,293.719,5.16232,50,47,131,5.273,59509.8,2.1577,0.7443,2011
IA,748,4.6967,294.332,5.3059,36,34,234,4.884,60025.3,2.2154,0.7443,2011
IA,749,5.2414,294.947,5.61171,48,79,422,4.711,61054.2,2.3024,0.7443,2011
IA,750,4.3284,295.563,5.58846,59,66,214,5.117,59611.3,2.3763,0.7443,2011
IA,751,4.2627,296.18,5.61607,56,62,185,4.398,60666.5,2.4991,0.7443,2011
IA,752,4.2076,296.799,5.44203,77,33,90,4.251,60397.6,2.3845,0.7443,2011
IA,753,4.1182,297.419,5.19574,74,18,289,5.102,59490.9,2.5199,0.7443,2011
IA,754,4.0598,298.04,5.1775,72,12,181,4.648,60303.4,2.2885,0.7443,2011
IA,755,3.9825,298.663,4.91314,76,28,141,4.956,59259.5,2.2949,0.7443,2011
IA,756,3.4865,299.287,5.09083,71,95,128,4.952,58932.5,2.2568,0.7443,2011
IA,757,3.5129,299.912,4.97751,63,45,623,5.635,60735.2,2.2299,0.7443,2011
IA,758,3.6365,300.538,5.2096,48,11,545,4.601,60188.0,2.2932,0.7443,2011
IA,759,3.7394,301.166,5.71935,62,31,96,5.59,59843.8,2.0909,0.7443,2011
IA,760,3.7574,301.795,5.77262,61,50,310,5.856,60768.5,2.267,0.7443,2011
IA,761,3.7154,302.425,5.69925,76,45,192,5.375,60461.5,2.3188,0.7443,2011
IA,762,3.6561,303.057,6.00336,68,46,182,5.007,61582.4,2.3456,0.7443,2011
IA,763,3.6947,303.69,5.97886,59,22,502,4.593,60675.6,2.2246,0.7443,2011
IA,764,3.8056,304.324,5.5711,59,25,445,4.695,60351.1,2.4575,0.7443,2011
IA,765,3.7978,304.96,5.46648,87,50,709,4.111,60636.0,2.3488,0.7443,2011
IA,766,3.6979,305.597,5.41562,71,64,124,4.747,61763.6,2.452,0.7443,2011
IA,767,3.6649,306.235,5.16531,56,81,182,5.126,61957.4,2.4062,0.7443,2011
IA,768,3.3459,306.875,5.0831,80,13,681,5.621,61739.7,2.3606,0.7443,2011
IA,769,3.3796,307.516,5.5217,67,40,53,5.123,62078.0,2.2303,0.7443,2011
IA,770,3.3497,308.158,5.33024,56,18,116,5.689,61011.2,2.1498,0.7443,2011
IA,771,3.3968,308.802,5.8677,60,52,442,5.027,61296.7,2.2292,0.7443,2011
IA,772,3.4973,309.447,5.91205,56,78,137,5.787,61986.8,2.1349,0.7443,2011
IA,773,3.475,310.093,6.02265,72,20,206,5.124,61767.2,2.144,0.7443,2011
IA,774,3.5732,310.741,6.1594,64,32,296,4.575,61753.7,2.2001,0.7443,2011
IA,775,3.4916,311.39,6.15471,85,27,396,4.221,62716.9,2.3163,0.7443,2011
IA,776,3.5097,312.041,5.93847,52,106,125,4.517,62216.0,2.5499,0.7443,2011
IA,777,3.444,312.692,5.72843,74,62,319,4.06,63142.9,2.5615,0.7443,2011
IA,778,3.3514,313.345,5.36913,65,35,140,4.766,61371.3,2.3025,0.7443,2011
IA,779,3.2837,314.0,5.38216,69,70,145,4.662,63385.2,2.4345,0.7443,2011
KS,540,2.2225,190.7,2.67484,43,18,16,4.492,41882.5,2.4446,0.2488,2007
KS,541,2.261,191.098,2.60834,39,19,130,4.894,41901.7,2.1098,0.2488,2007
KS,542,2.341,191.497,2.72883,42,30,130,5.141,41576.3,2.2352,0.2488,2007
KS,543,2.3307,191.897,2.78315,49,6,129,5.441,42666.9,2.1189,0.2488,2007
KS,544,2.3801,192.298,2.81602,38,34,86,5.941,42123.5,2.3042,0.2488,2007
KS,545,2.4136,192.7,3.06362,42,31,292,4.38,42281.0,2.1258,0.2488,2007
KS,546,2.4957,193.102,3.06277,46,27,248,4.464,41970.8,2.3241,0.2488,2007
KS,547,2.5071,193.506,2.87447,34,30,115,4.789,42450.8,2.437,0.2488,2007
KS,548,2.4505,193.91,2.87437,50,18,229,4.72,42187.4,2.3906,0.2488,2007
KS,549,2.3139,194.315,2.849,50,5,45,4.444,42430.0,2.4042,0.2488,2007
KS,550,2.2332,194.721,2.80938,42,25,208,4.722,43047.3,2.5119,0.2488,2007
KS,551,2.2117,195.128,2.61948,46,18,124,5.097,42961.2,2.2267,0.2488,2007
KS,552,2.5391,195.535,2.67485,46,31,298,4.933,43114.9,2.2399,0.2488,2007
KS,553,2.6236,195.944,2.69741,39,18,286,5.199,42975.7,2.1855,0.2488,2007
KS,554,2.6272,196.353,2.70767,47,15,116,5.141,42368.4,2.1893,0.2488,2007
KS,555,2.6272,196.763,2.80462,51,16,44,5.669,42304.2,2.0701,0.2488,2007
KS,556,2.7206,197.174,2.90236,40,21,238,5.543,42128.5,2.1078,0.2488,2007
KS,557,2.7518,197.586,2.98103,44,16,43,4.985,43745.2,2.1845,0.2488,2007
KS,558,2.7465,197.999,2.98382,44,12,256,5.14,43249.3,2.3072,0.2488,2007
KS,559,2.8277,198.412,2.99904,61,49,203,5.264,43450.1,2.4512,0.2488,2007
KS,560,2.733,198.827,2.92783,45,17,232,4.439,42887.6,2.6637,0.2488,2007
KS,561,2.685,199.242,2.74953,45,50,258,4.929,42918.3,2.5615,0.2488,2007
KS,562,2.5657,199.658,2.63194,58,35,222,5.749,42348.0,2.5424,0.2488,2007
KS,563,2.554,200.075,2.70909,47,22,245,5.424,43348.2,2.3217,0.2488,2007
KS,564,2.7541,200.493,2.67364,37,5,136,5.105,43455.3,2.2655,0.2488,2007
KS,565,2.8065,200.912,2.69193,31,9,213,6.307,43615.2,2.2389,0.2488,2007
KS,566,2.875,201.331,2.74541,37,51,149,5.594,43900.8,2.3501,0.2488,2007
KS,567,2.8901,201.752,2.87055,40,32,109,4.886,44032.0,2.1977,0.2488,2007
KS,568,3.016,202.173,2.96075,46,43,124,4.565,44787.9,2.2047,0.2488,2007
KS,569,3.0751,202.596,2.98961,44,39,224,5.287,43623.0,2.1599,0.2488,2007
KS,570,3.0467,203.019,3.04684,35,21,93,5.043,44225.0,2.3378,0.2488,2007
KS,571,3.0198,203.443,2.90013,47,23,221,4.939,43564.3,2.3965,0.2488,2007
KS,572,2.9479,203.868,2.93331,41,35,265,4.594,44421.7,2.4893,0.2488,2007
KS,573,2.851,204.294,2.81791,47,24,96,5.073,44166.5,2.3617,0.2488,2007
KS,574,2.8142,204.72,2.81848,54,7,95,4.319,45348.4,2.4496,0.2488,2007
KS,575,2.737,205.148,2.60242,44,9,68,4.749,44516.2,2.3757,0.2488,2007
KS,576,3.2571,205.576,2.46616,50,26,215,8.04,43020.6,2.3983,0.2488,2007
KS,577,3.2139,206.006,2.46544,35,33,115,7.792,42868.5,2.3747,0.2488,2007
KS,578,3.3062,206.436,2.51764,34,14,209,8.995,43477.6,2.373,0.2488,2007
KS,579,3.327,206.867,2.65508,36,12,78,7.907,42782.8,2.3854,0.2488,2007
KS,580,3.4565,207.299,2.87086,36,5,278,8.28,42757.0,2.2765,0.2488,2007
KS,581,4.1726,207.732,2.75298,44,34,258,7.541,43391.8,2.3875,0.2488,2007
KS,582,4.2511,208.166,2.80398,45,10,228,7.679,43866.3,2.3453,0.2488,2007
KS,583,3.4794,208.601,2.84995,47,16,152,7.205,42865.3,2.5095,0.2488,2007
KS,584,3.4402,209.037,2.7816,59,15,347,7.962,44247.6,2.685,0.2488,2007
KS,585,3.4445,209.474,2.73817,42,16,413,7.816,44140.2,2.5283,0.2488,2007
KS,586,2.2286,209.911,2.70423,42,22,399,6.711,43984.5,2.6058,0.2488,2007
KS,587,1.7414,210.35,2.69794,44,20,258,7.382,43164.8,2.6269,0.2488,2007
KS,588,2.2955,210.789,2.62271,45,13,85,7.729,43840.8,2.4525,0.2488,2007
KS,589,2.3427,211.229,2.68835,41,29,128,7.875,44096.3,2.3669,0.2488,2007
KS,590,2.3908,211.67,2.80261,47,11,136,7.75,44059.6,2.3949,0.2488,2007
KS,591,2.4357,212.113,2.95997,36,45,268,8.203,44974.8,2.3924,0.2488,2007
KS,592,2.4601,212.556,2.98208,40,19,319,7.945,44187.9,2.3379,0.2488,2007
KS,593,2.4628,213.0,3.13307,41,15,118,8.049,44740.5,2.3697,0.2488,2007
KS,594,2.459,213.444,3.023,57,20,103,7.976,44194.9,2.509,0.2488,2007
KS,595,2.4491,213.89,3.08864,47,24,160,8.152,44349.3,2.6543,0.2488,2007
KS,596,2.4214,214.337,2.98076,63,28,100,7.467,44792.7,2.6887,0.2488,2007
KS,597,2.354,214.785,3.01127,53,32,192,6.564,44794.0,2.7328,0.2488,2007
KS,598,2.3245,215.233,2.86418,61,2,310,8.253,44827.5,2.6177,0.2488,2007
KS,599,2.2843,215.683,2.84535,57,6,134,7.702,45720.8,2.5035,0.2488,2007
KS,600,2.7065,216.133,2.77916,42,43,206,7.279,44828.3,2.5662,0.2488,2007
KS,601,2.7016,216.585,2.77283,39,25,104,7.482,44162.6,2.5768,0.2488,2007
KS,602,2.7344,217.037,2.85554,31,49,119,8.274,45419.2,2.3405,0.2488,2007
KS,603,2.8245,217.491,2.90606,29,24,36,7.899,44917.0,2.2918,0.2488,2007
KS,604,2.9075,217.945,3.05486,51,46,69,8.033,46288.0,2.3646,0.2488,2007
KS,605,2.8342,218.4,3.04165,48,29,81,8.785,45883.2,2.5599,0.2488,2007
KS,606,2.9448,218.856,3.025,44,14,89,7.48,45439.6,2.3868,0.2488,2007
KS,607,2.9207,219.313,3.10796,37,14,63,7.303,45745.3,2.6684,0.2488,2007
KS,608,2.8003,219.772,2.96962,64,58,165,8.329,45686.6,2.607,0.2488,2007
KS,609,2.8361,220.231,2.91128,49,22,256,7.517,45590.2,2.7791,0.2488,2007
KS,610,2.8297,220.691,2.73823,57,65,193,7.567,45860.5,2.5923,0.2488,2007
KS,611,2.7687,221.152,2.74347,49,17,89,8.42,45932.9,2.5164,0.2488,2007
KS,612,3.5141,221.614,2.82873,34,23,212,4.73,46901.3,2.2494,0.2488,2007
KS,613,3.4291,222.076,2.83748,38,24,264,4.774,48317.5,2.2514,0.2488,2007
KS,614,3.4477,222.54,2.89266,42,12,69,4.577,48102.4,2.1459,0.2488,2007
KS,615,3.6261,223.005,3.0236,28,61,69,4.997,48200.9,2.2269,0.2488,2007
KS,616,3.687,223.471,3.0306,34,44,201,4.982,49611.3,2.2165,0.2488,2007
KS,617,3.7427,223.938,3.14601,39,19,188,5.49,47563.6,2.1541,0.2488,2007
KS,618,3.6954,224.405,3.17202,35,23,60,5.141,47413.2,2.4145,0.2488,2007
KS,619,3.733,224.874,3.0198,40,5,103,5.902,48357.1,2.3553,0.2488,2007
KS,620,3.6386,225.344,3.00898,56,8,35,4.325,47986.3,2.4798,0.2488,2007
KS,621,3.6075,225.815,3.0209,57,21,191,4.611,48482.1,2.4351,0.2488,2007
KS,622,3.5749,226.286,2.83908,38,27,195,4.528,47030.3,2.522,0.2488,2007
KS,623,3.4621,226.759,2.74979,30,14,49,5.134,48070.4,2.2897,0.2488,2007
KS,624,3.5391,227.233,2.68056,47,22,284,4.948,47876.0,2.3011,0.2488,2007
KS,625,3.5734,227.707,2.83234,40,13,116,5.421,48629.6,2.174,0.2488,2007
KS,626,3.5395,228.183,2.79889,49,41,207,4.895,48449.2,2.1881,0.2488,2007
KS,627,3.6451,228.659,2.9513,40,20,258,5.58,48432.0,2.1989,0.2488,2007
KS,628,3.6999,229.137,2.94093,39,33,279,4.824,48343.8,2.2222,0.2488,2007
KS,629,3.8912,229.616,3.05101,29,35,188,5.81,48750.6,2.34,0.2488,2007
KS,630,3.9681,230.095,3.10999,46,19,139,5.04,49070.3,2.1716,0.2488,2007
KS,631,3.8563,230.576,3.17056,41,43,115,4.119,48895.2,2.3491,0.2488,2007
KS,632,3.7064,231.057,3.04155,36,48,27,4.576,49016.8,2.4464,0.2488,2007
KS,633,3.6686,231.54,3.02488,48,22,365,4.009,49448.5,2.4768,0.2488,2007
KS,634,3.6597,232.024,2.8904,37,12,182,4.488,48891.9,2.3705,0.2488,2007
KS,635,3.5537,232.508,2.78895,46,29,241,4.213,48764.5,2.4067,0.2488,2007
KS,636,3.4704,232.994,2.79835,40,32,197,3.732,49245.2,2.2639,0.2488,2007
KS,637,3.4728,233.481,2.78955,37,12,89,4.948,49057.2,2.2732,0.2488,2007
KS,638,3.6009,233.968,2.86941,43,20,43,5.355,48596.4,1.9833,0.2488,2007
KS,639,3.5361,234.457,2.98174,29,10,73,5.599,50955.8,2.114,0.2488,2007
KS,640,3.5164,234.947,2.97491,32,33,202,4.896,49001.2,2.2376,0.2488,2007
KS,641,3.6432,235.438,3.35411,43,26,155,4.708,50290.0,2.2314,0.2488,2007
KS,642,3.7241,235.929,3.22127,45,28,397,4.809,50010.3,2.3116,0.2488,2007
KS,643,3.6028,236.422,3.25992,40,31,252,5.107,49569.0,2.5068,0.2488,2007
KS,644,3.5771,236.916,3.08891,45,36,465,4.867,49735.3,2.5037,0.2488,2007
KS,645,3.5566,237.411,3.07879,46,69,106,4.685,50891.3,2.4539,0.2488,2007
KS,646,3.4901,237.907,2.90009,36,8,148,5.191,49018.8,2.3739,0.2488,2007
KS,647,3.5159,238.404,2.88865,40,51,321,4.808,50398.2,2.511,0.2488,2007
KS,648,3.3649,238.902,2.91167,41,24,19,5.574,50392.0,2.3866,0.2488,2007
KS,649,3.44,239.401,2.88771,37,12,151,5.032,51454.4,2.4066,0.2488,2007
KS,650,3.4178,239.901,2.94952,45,57,90,4.837,50496.7,2.2414,0.2488,2007
KS,651,3.5072,240.402,3.13964,38,15,107,5.135,50639.6,2.0813,0.2488,2007
KS,652,3.5111,240.904,3.11026,38,13,35,5.512,49263.9,2.2457,0.2488,2007
KS,653,3.8214,241.407,3.16438,39,8,117,5.251,50053.9,2.1455,0.2488,2007
KS,654,3.6986,241.911,3.40752,41,42,64,4.995,50453.7,2.3471,0.2488,2007
KS,655,3.5654,242.417,3.2949,45,33,155,5.021,51475.5,2.3265,0.2488,2007
KS,656,3.5503,242.923,3.2558,42,27,274,4.979,51142.3,2.3858,0.2488,2007
KS,657,3.5167,243.43,3.09818,51,7,376,4.844,50663.8,2.5277,0.2488,2007
KS,658,3.3422,243.939,2.9528,34,35,354,4.588,50216.7,2.3782,0.2488,2007
KS,659,3.3323,244.448,2.86052,57,26,64,4.617,51830.3,2.3708,0.2488,2007
KS,660,2.194,244.959,2.95308,55,18,17,4.931,52146.6,2.1985,0.2488,2007
KS,661,2.4537,245.471,3.10687,41,16,230,5.007,52870.7,2.121,0.2488,2007
KS,662,2.4844,245.983,3.19688,34,7,107,5.071,51575.7,2.1404,0.2488,2007
KS,663,2.5837,246.497,3.32184,39,35,332,5.517,51587.2,2.1322,0.2488,2007
KS,664,2.5314,247.012,3.39431,40,15,349,5.518,51267.0,2.323,0.2488,2007
KS,665,2.5717,247.528,3.35788,42,22,103,5.363,52267.7,2.2255,0.2488,2007
KS,666,2.6533,248.045,3.5722,46,30,512,4.507,51085.5,2.3131,0.2488,2007
KS,667,2.6353,248.563,3.58869,38,38,190,5.65,51602.1,2.3014,0.2488,2007
KS,668,2.5575,249.082,3.44055,49,34,307,4.4,52502.6,2.4605,0.2488,2007
KS,669,2.5235,249.603,3.40699,50,47,215,5.008,51507.3,2.5275,0.2488,2007
KS,670,2.4673,250.124,3.22698,49,30,373,5.335,52729.0,2.3969,0.2488,2007
KS,671,2.3984,250.646,3.24723,29,6,176,5.07,52822.2,2.4903,0.2488,2007
KS,672,2.0954,251.17,3.19947,48,31,201,4.964,52064.7,2.517,0.2488,2007
KS,673,2.065,251.694,3.30249,42,20,79,5.658,53421.9,2.1526,0.2488,2007
KS,674,2.1185,252.22,3.47681,45,9,61,4.488,52468.4,2.1127,0.2488,2007
KS,675,2.193,252.747,3.41996,43,13,179,6.053,52843.3,2.0695,0.2488,2007
KS,676,2.2687,253.275,3.56197,33,59,226,5.583,51977.8,2.1411,0.2488,2007
KS,677,2.3436,253.804,3.72187,44,19,95,4.561,51956.5,2.1698,0.2488,2007
KS,678,2.2853,254.334,3.76372,49,18,312,4.928,52771.8,2.3648,0.2488,2007
KS,679,2.2846,254.865,3.81845,49,51,303,4.888,52899.9,2.4004,0.2488,2007
KS,680,2.2156,255.398,3.695,58,56,280,4.837,53118.9,2.3585,0.2488,2007
KS,681,2.1342,255.931,3.4388,57,9,53,4.72,52537.4,2.5317,0.2488,2007
KS,682,2.1161,256.466,3.38069,54,26,111,4.895,52833.5,2.3961,0.2488,2007
KS,683,2.0811,257.001,3.31657,50,23,224,5.781,52753.2,2.3307,0.2488,2007
KS,684,2.4184,257.538,3.18563,45,18,183,4.994,53267.3,2.3794,0.2488,2007
KS,685,2.3255,258.076,3.39432,47,29,147,5.336,53571.1,2.3753,0.2488,2007
KS,686,2.3865,258.615,3.39598,42,26,196,5.743,53683.9,2.2827,0.2488,2007
KS,687,2.4437,259.155,3.53582,28,28,200,5.258,54270.8,2.0728,0.2488,2007
KS,688,2.4658,259.697,3.67621,41,27,260,5.2,55892.1,2.1862,0.2488,2007
KS,689,2.6157,260.239,3.74571,37,59,76,5.528,53084.5,2.1872,0.2488,2007
KS,690,2.651,260.783,3.66053,41,37,185,4.995,53381.0,2.2065,0.2488,2007
KS,691,2.5655,261.327,3.78211,57,33,148,4.288,53682.0,2.2692,0.2488,2007
KS,692,2.4965,261.873,3.66174,46,22,235,4.624,54096.1,2.5057,0.2488,2007
KS,693,2.4663,262.42,3.52015,51,16,94,5.282,54858.5,2.4015,0.2488,2007
KS,694,2.4227,262.968,3.45526,46,13,125,4.615,55922.1,2.3708,0.2488,2007
KS,695,2.3601,263.518,3.32767,45,23,198,5.228,55899.9,2.3481,0.2488,2007
KS,696,2.6873,264.068,3.28444,33,14,211,5.463,53291.9,2.2836,0.2488,2007
KS,697,2.6194,264.62,3.2917,49,32,163,5.148,54624.7,2.182,0.2488,2007
KS,698,2.6614,265.172,3.45557,44,6,350,5.252,55277.5,2.1873,0.2488,2007
KS,699,2.7779,265.726,3.53495,40,40,191,6.04,56048.9,2.0716,0.2488,2007
KS,700,2.7476,266.281,3.77307,37,33,165,5.497,55443.2,2.1342,0.2488,2007
KS,701,2.8963,266.838,3.67178,33,26,83,5.328,55046.2,2.322,0.2488,2007
KS,702,2.9109,267.395,3.81857,47,29,54,5.25,54743.3,2.2892,0.2488,2007
KS,703,2.9254,267.953,3.68281,39,23,298,4.633,55475.5,2.4658,0.2488,2007
KS,704,2.8102,268.513,3.66964,47,30,160,4.903,53983.9,2.3293,0.2488,2007
KS,705,2.812,269.074,3.45228,45,38,49,4.847,55728.6,2.497,0.2488,2007
KS,706,2.7358,269.636,3.33122,56,21,235,4.914,55516.4,2.3326,0.2488,2007
KS,707,2.625,270.199,3.47881,51,57,96,4.836,56209.9,2.3765,0.2488,2007
KS,708,2.4896,270.764,3.35596,30,16,28,4.943,56529.9,2.2517,0.2488,2007
KS,709,2.5082,271.329,3.49797,47,21,95,4.798,55581.4,2.1725,0.2488,2007
KS,710,2.5541,271.896,3.44262,33,24,179,5.642,55800.2,2.1142,0.2488,2007
KS,711,2.6735,272.464,3.71557,41,29,396,5.25,55521.1,2.1178,0.2488,2007
KS,712,2.6852,273.033,3.79342,39,23,234,5.175,58210.0,2.3818,0.2488,2007
KS,713,2.7919,273.603,3.96369,47,8,109,4.241,56065.9,2.1446,0.2488,2007
KS,714,2.7643,274.175,3.82709,51,33,447,4.584,56144.9,2.3693,0.2488,2007
KS,715,2.7437,274.747,3.76821,49,7,328,4.96,55649.4,2.3513,0.2488,2007
KS,716,2.7823,275.321,3.6707,31,20,170,4.314,56114.7,2.3377,0.2488,2007
KS,717,2.7484,275.896,3.75355,55,28,109,4.692,56793.8,2.4605,0.2488,2007
KS,718,2.7039,276.473,3.48575,48,32,258,4.676,56213.5,2.4591,0.2488,2007
KS,719,2.6471,277.05,3.50702,52,49,146,4.555,56591.2,2.3005,0.2488,2007
KS,720,2.1389,277.629,3.23484,48,31,100,9.987,56816.9,2.2287,0.2488,2007
KS,721,2.0927,278.209,3.46843,32,32,81,9.643,56837.2,2.2848,0.2488,2007
KS,722,2.1781,278.79,2.89797,52,49,116,9.951,55353.4,2.2614,0.2488,2007
KS,723,1.8556,279.372,2.44354,37,0,168,9.563,58016.1,2.1366,0.2488,2007
KS,724,1.9177,279.956,2.92884,48,20,299,9.269,56344.9,2.1145,0.2488,2007
KS,725,2.3381,280.54,3.2042,38,18,144,10.14,55952.0,2.268,0.2488,2007
KS,726,2.4139,281.126,3.568,49,71,291,9.19,57108.2,2.1097,0.2488,2007
KS,727,2.3203,281.714,3.79556,45,44,281,9.059,57508.6,2.2437,0.2488,2007
KS,728,2.3017,282.302,3.73623,53,45,387,9.491,57204.0,2.3669,0.2488,2007
KS,729,2.2323,282.892,3.54928,67,29,250,9.42,57648.5,2.3896,0.2488,2007
KS,730,2.1881,283.483,3.59136,40,15,138,9.71,58596.0,2.5165,0.2488,2007
KS,731,2.1827,284.075,3.39855,51,29,191,9.096,57191.1,2.4597,0.2488,2007
KS,732,3.0721,284.668,3.53973,55,29,228,5.158,58820.5,2.4121,0.2488,2007
KS,733,3.0073,285.263,3.70989,44,30,94,4.864,57616.2,2.1463,0.2488,2007
KS,734,3.0135,285.859,3.51608,47,4,337,5.745,57803.7,2.2171,0.2488,2007
KS,735,3.0057,286.456,3.5906,27,41,39,5.678,58413.4,2.2347,0.2488,2007
KS,736,3.0397,287.054,3.77135,32,12,347,5.636,59100.8,2.022,0.2488,2007
KS,737,3.1758,287.654,3.86372,44,5,139,4.885,58994.7,2.2588,0.2488,2007
KS,738,3.2407,288.254,3.93042,51,100,389,4.525,57933.5,2.331,0.2488,2007
KS,739,3.1309,288.856,3.8014,54,31,170,4.268,59479.5,2.2894,0.2488,2007
KS,740,3.2275,289.46,3.91987,48,46,425,4.28,60533.5,2.47,0.2488,2007
KS,741,3.1452,290.064,3.60299,55,28,765,4.913,59731.6,2.5392,0.2488,2007
KS,742,3.0526,290.67,3.48197,54,26,348,4.735,58279.9,2.3144,0.2488,2007
KS,743,2.9383,291.277,3.44433,53,6,259,4.242,58131.5,2.3793,0.2488,2007
KS,744,3.8879,291.886,3.32293,43,33,113,5.336,57924.1,2.2499,0.2488,2007
KS,745,3.856,292.496,3.38025,45,63,348,5.042,60223.2,2.1415,0.2488,2007
KS,746,3.8349,293.106,3.4568,33,25,93,5.035,59361.3,2.093,0.2488,2007
KS,747,4.0571,293.719,3.57895,33,47,123,5.548,59134.1,2.1231,0.2488,2007
KS,748,4.5898,294.332,3.63494,39,46,224,5.24,59817.2,2.108,0.2488,2007
KS,749,5.1584,294.947,3.61585,31,34,109,4.826,59757.8,2.2956,0.2488,2007
KS,750,4.0887,295.563,3.68597,48,10,176,4.339,59286.1,2.1528,0.2488,2007
KS,751,4.1704,296.18,3.75282,44,22,183,4.772,59862.6,2.516,0.2488,2007
KS,752,4.092,296.799,3.58292,46,26,190,4.602,59289.8,2.4237,0.2488,2007
KS,753,3.9932,297.419,3.63551,53,14,291,4.633,60406.2,2.5559,0.2488,2007
KS,754,3.8908,298.04,3.4633,32,44,403,4.167,60224.1,2.3216,0.2488,2007
KS,755,3.9942,298.663,3.45486,45,42,68,5.351,60977.5,2.4598,0.2488,2007
KS,756,3.5373,299.287,3.29571,40,22,288,5.982,59206.8,2.0326,0.2488,2007
KS,757,3.5024,299.912,3.34489,45,22,277,5.119,60545.5,2.2773,0.2488,2007
KS,758,3.5196,300.538,3.46122,42,22,242,5.102,59940.5,2.0435,0.2488,2007
KS,759,3.5824,301.166,3.61367,48,34,190,4.758,60943.5,2.1355,0.2488,2007
KS,760,3.7464,301.795,3.57748,41,11,261,5.672,59896.8,2.3072,0.2488,2007
KS,761,3.759,302.425,3.78269,44,20,88,5.642,59836.2,2.1513,0.2488,2007
KS,762,3.7111,303.057,4.04493,39,17,251,5.115,60746.5,2.2379,0.2488,2007
KS,763,3.7369,303.69,3.87159,51,27,135,5.69,60206.9,2.3948,0.2488,2007
KS,764,3.5902,304.324,3.75634,39,36,343,4.618,61560.6,2.5216,0.2488,2007
KS,765,3.5494,304.96,3.50484,70,18,277,5.453,60303.5,2.4448,0.2488,2007
KS,766,3.4795,305.597,3.55467,43,25,81,4.132,61026.5,2.362,0.2488,2007
KS,767,3.4755,306.235,3.48354,46,42,269,4.42,60619.6,2.2617,0.2488,2007
KS,768,3.2908,306.875,3.41947,32,56,73,4.602,60239.1,2.377,0.2488,2007
KS,769,3.2622,307.516,3.59723,37,33,80,5.095,62818.1,2.0222,0.2488,2007
KS,770,3.3204,308.158,3.51694,43,36,159,4.677,59528.5,2.2603,0.2488,2007
KS,771,3.3548,308.802,3.72834,40,31,136,5.419,61649.6,2.0497,0.2488,2007
KS,772,3.4541,309.447,3.91671,36,53,106,4.578,61337.0,2.1952,0.2488,2007
KS,773,3.3934,310.093,4.00788,34,13,327,5.558,61513.3,2.1553,0.2488,2007
KS,774,3.4971,310.741,4.0327,38,38,234,5.679,61328.8,2.3757,0.2488,2007
KS,775,3.5527,311.39,3.94868,41,9,568,4.362,63046.0,2.3654,0.2488,2007
KS,776,3.4652,312.041,3.78621,51,13,197,4.614,61996.7,2.3958,0.2488,2007
KS,777,3.3434,312.692,3.79605,53,25,92,4.567,62287.5,2.414,0.2488,2007
KS,778,3.2309,313.345,3.62604,43,45,115,4.283,62488.5,2.5298,0.2488,2007
KS,779,3.2362,314.0,3.72336,40,22,293,4.834,62866.0,2.435,0.2488,2007
KY,540,2.2154,190.7,1.00486,22,6,60,4.505,42449.7,2.256,0.6601,2009
KY,541,2.2491,191.098,1.05496,18,6,32,3.983,41347.4,2.1133,0.6601,2009
KY,542,2.2779,191.497,1.03824,17,12,55,4.815,42509.3,2.2024,0.6601,2009
KY,543,2.2938,191.897,1.10714,9,6,117,5.348,43006.8,2.1581,0.6601,2009
KY,544,2.3786,192.298,1.12987,17,3,49,5.312,43087.9,2.2267,0.6601,2009
KY,545,2.4257,192.7,1.12427,12,8,5,4.915,42073.6,2.2243,0.6601,2009
KY,546,2.3977,193.102,1.15721,17,14,55,4.427,42074.9,2.2853,0.6601,2009
KY,547,2.3842,193.506,1.16706,14,17,73,4.658,42721.3,2.3367,0.6601,2009
KY,548,2.3092,193.91,1.14968,15,20,61,5.148,41853.9,2.5683,0.6601,2009
KY,549,2.2879,194.315,1.11071,19,5,155,4.622,42615.6,2.461,0.6601,2009
KY,550,2.264,194.721,1.07548,17,9,97,5.01,42810.9,2.3787,0.6601,2009
KY,551,2.2393,195.128,1.0754,22,15,5,5.223,43816.9,2.1648,0.6601,2009
KY,552,2.5217,195.535,1.04479,15,8,75,5.009,42695.4,2.3966,0.6601,2009
KY,553,2.5047,195.944,1.04277,17,7,57,5.559,42123.4,2.1891,0.6601,2009
KY,554,2.4981,196.353,1.0766,22,10,74,5.396,42736.8,2.3555,0.6601,2009
KY,555,2.5585,196.763,1.10774,17,5,59,4.717,42836.5,2.2112,0.6601,2009
KY,556,2.6265,197.174,1.10836,13,7,42,5.927,42977.4,2.0744,0.6601,2009
KY,557,2.7049,197.586,1.13248,17,4,62,5.665,43822.8,2.2208,0.6601,2009
KY,558,2.7297,197.999,1.16781,16,7,66,4.465,42384.0,2.2837,0.6601,2009
KY,559,2.7054,198.412,1.19459,16,10,55,4.537,44242.9,2.4524,0.6601,2009
KY,560,2.6802,198.827,1.10493,19,12,72,5.285,42705.8,2.3978,0.6601,2009
KY,561,2.5998,199.242,1.14867,18,10,204,4.564,42741.7,2.4896,0.6601,2009
KY,562,2.5225,199.658,1.05705,35,8,18,4.934,43304.8,2.5056,0.6601,2009
KY,563,2.5584,200.075,1.02828,16,13,123,4.838,42740.8,2.5229,0.6601,2009
KY,564,2.7408,200.493,1.0381,14,6,127,5.456,43972.9,2.2945,0.6601,2009
KY,565,2.7206,200.912,1.0632,20,6,50,5.383,44356.0,2.2292,0.6601,2009
KY,566,2.8029,201.331,1.05253,26,6,74,5.094,43751.6,2.2128,0.6601,2009
KY,567,2.8166,201.752,1.11189,13,8,82,5.264,43559.6,2.1738,0.6601,2009
KY,568,2.857,202.173,1.12166,14,1,5,5.216,43740.3,2.0731,0.6601,2009
KY,569,2.9294,202.596,1.1533,11,10,93,5.149,43402.9,2.2222,0.6601,2009
KY,570,2.9833,203.019,1.19691,11,10,183,4.731,45130.8,2.3006,0.6601,2009
KY,571,2.9093,203.443,1.15572,16,15,93,4.119,43530.4,2.4548,0.6601,2009
KY,572,2.8222,203.868,1.18044,18,18,113,4.516,44202.2,2.3955,0.6601,2009
KY,573,2.8209,204.294,1.12017,19,6,72,4.768,44895.3,2.4099,0.6601,2009
KY,574,2.7264,204.72,1.089,14,6,52,4.16,45002.8,2.3062,0.6601,2009
KY,575,2.788,205.148,1.06726,17,1,95,4.962,44658.7,2.3409,0.6601,2009
KY,576,3.2278,205.576,0.98419,20,5,54,7.857,41873.3,2.5041,0.6601,2009
KY,577,3.3172,206.006,1.00353,14,12,49,7.648,43527.7,2.4122,0.6601,2009
KY,578,3.3326,206.436,1.02135,10,4,17,8.316,43624.4,2.3807,0.6601,2009
KY,579,3.3793,206.867,1.06637,20,2,66,8.389,43234.2,2.3511,0.6601,2009
KY,580,3.3373,207.299,1.07616,14,9,23,7.613,43890.6,2.4805,0.6601,2009
KY,581,4.0481,207.732,1.11088,27,9,82,8.581,44990.7,2.5013,0.6601,2009
KY,582,4.1056,208.166,1.08897,16,10,24,7.659,43594.2,2.3928,0.6601,2009
KY,583,3.4081,208.601,1.12233,13,22,16,8.578,43789.0,2.5418,0.6601,2009
KY,584,3.3938,209.037,1.09346,20,16,101,7.945,44389.3,2.7068,0.6601,2009
KY,585,3.358,209.474,1.06987,18,9,54,7.733,43464.7,2.5763,0.6601,2009
KY,586,2.2029,209.911,1.08068,13,23,92,7.587,44117.2,2.6927,0.6601,2009
KY,587,1.7305,210.35,1.04131,23,13,122,7.663,45155.1,2.6101,0.6601,2009
KY,588,2.2814,210.789,1.03911,12,6,44,7.809,43049.1,2.4557,0.6601,2009
KY,589,2.2634,211.229,1.11764,22,10,38,8.362,44065.4,2.4691,0.6601,2009
KY,590,2.3853,211.67,1.11079,13,12,48,7.495,44643.9,2.3148,0.6601,2009
KY,591,2.4538,212.113,1.1521,11,11,144,8.101,44623.6,2.3296,0.6601,2009
KY,592,2.4241,212.556,1.17082,17,1,40,7.864,44312.1,2.2989,0.6601,2009
KY,593,2.4783,213.0,1.21699,11,5,95,7.755,43881.4,2.3767,0.6601,2009
KY,594,2.515,213.444,1.21886,16,9,58,8.242,44491.7,2.3988,0.6601,2009
KY,595,2.515,213.89,1.19585,29,11,124,7.586,44838.8,2.5337,0.6601,2009
KY,596,2.4455,214.337,1.18558,10,13,80,7.401,45184.2,2.6048,0.6601,2009
KY,597,2.3828,214.785,1.15977,13,4,148,6.998,45441.4,2.6764,0.6601,2009
KY,598,2.3223,215.233,1.07931,11,6,75,7.22,44410.7,2.6083,0.6601,2009
KY,599,2.3624,215.683,1.08939,15,3,42,7.388,44466.9,2.5512,0.6601,2009
KY,600,2.8004,216.133,1.02839,12,7,50,8.406,45361.0,2.4308,0.6601,2009
KY,601,2.7774,216.585,1.08316,14,17,62,7.271,44562.4,2.414,0.6601,2009
KY,602,2.8419,217.037,1.04096,15,6,115,8.674,45197.7,2.3883,0.6601,2009
KY,603,2.8585,217.491,1.13649,17,12,109,8.249,45192.6,2.4259,0.6601,2009
KY,604,2.8883,217.945,1.14641,11,5,109,7.807,45162.0,2.3241,0.6601,2009
KY,605,2.9258,218.4,1.23888,20,3,10,7.828,45618.7,2.4841,0.6601,2009
KY,606,2.9307,218.856,1.18767,18,15,165,8.025,45841.8,2.5958,0.6601,2009
KY,607,2.958,219.313,1.21758,17,24,84,8.086,45124.1,2.5403,0.6601,2009
KY,608,2.9635,219.772,1.21558,18,14,182,7.662,45104.9,2.6379,0.6601,2009
KY,609,2.8858,220.231,1.06953,16,8,60,8.111,45361.3,2.6931,0.6601,2009
KY,610,2.7973,220.691,1.08622,17,5,25,7.619,46121.3,2.5596,0.6601,2009
KY,611,2.7888,221.152,1.05525,20,12,37,7.978,46098.9,2.5617,0.6601,2009
KY,612,3.5287,221.614,1.07635,14,17,79,4.116,46981.0,2.3816,0.6601,2009
KY,613,3.4917,222.076,1.07326,14,11,114,5.502,46497.8,2.2168,0.6601,2009
KY,614,3.4859,222.54,1.09298,13,5,63,5.292,47543.6,2.0505,0.6601,2009
KY,615,3.5884,223.005,1.13249,13,13,33,5.101,47994.3,2.1692,0.6601,2009
KY,616,3.6358,223.471,1.17501,14,4,50,5.702,47085.4,2.2467,0.6601,2009
KY,617,3.6109,223.938,1.20382,16,14,19,5.176,47551.5,2.1323,0.6601,2009
KY,618,3.5801,224.405,1.19425,18,8,40,4.672,48368.3,2.2802,0.6601,2009
KY,619,3.6398,224.874,1.22453,17,2,113,4.599,49000.2,2.3308,0.6601,2009
KY,620,3.6093,225.344,1.13558,25,16,85,4.672,47481.6,2.4897,0.6601,2009
KY,621,3.5611,225.815,1.15567,16,4,57,4.57,48406.0,2.3735,0.6601,2009
KY,622,3.518,226.286,1.07026,18,13,69,4.748,47445.5,2.4473,0.6601,2009
KY,623,3.46,226.759,1.09309,15,3,39,5.031,48398.2,2.283,0.6601,2009
KY,624,3.5437,227.233,1.06038,16,11,91,4.807,49320.5,2.1737,0.6601,2009
KY,625,3.4915,227.707,1.0913,13,7,3,5.568,48331.4,2.1958,0.6601,2009
KY,626,3.5341,228.183,1.10674,18,7,12,5.455,48539.4,2.1777,0.6601,2009
KY,627,3.6418,228.659,1.14096,18,1,80,5.165,48107.6,2.1581,0.6601,2009
KY,628,3.686,229.137,1.20148,10,17,33,5.268,49077.1,2.2033,0.6601,2009
KY,629,3.7671,229.616,1.23908,16,6,43,5.012,49058.9,2.0054,0.6601,2009
KY,630,3.7979,230.095,1.22254,17,10,190,5.041,49284.5,2.2052,0.6601,2009
KY,631,3.7439,230.576,1.22655,20,6,86,4.217,49595.2,2.386,0.6601,2009
KY,632,3.7703,231.057,1.17593,13,2,66,5.099,49621.5,2.4513,0.6601,2009
KY,633,3.7959,231.54,1.15585,19,8,26,5.096,49275.9,2.4794,0.6601,2009
KY,634,3.7289,232.024,1.10343,22,7,69,5.419,48559.8,2.5482,0.6601,2009
KY,635,3.711,232.508,1.10055,15,2,12,4.117,49687.2,2.3148,0.6601,2009
KY,636,3.5989,232.994,1.04993,17,5,54,5.024,49418.8,2.3687,0.6601,2009
KY,637,3.6521,233.481,1.06216,13,2,40,5.651,48293.0,2.1573,0.6601,2009
KY,638,3.6616,233.968,1.13296,13,5,66,6.09,49361.1,2.3845,0.6601,2009
KY,639,3.6432,234.457,1.17508,21,5,46,4.779,50154.1,2.1636,0.6601,2009
KY,640,3.5839,234.947,1.19067,18,8,90,4.822,50079.8,2.2826,0.6601,2009
KY,641,3.6567,235.438,1.28994,17,10,39,5.4,50033.7,2.1417,0.6601,2009
KY,642,3.7983,235.929,1.25647,24,5,76,5.212,50145.9,2.2857,0.6601,2009
KY,643,3.7583,236.422,1.24649,13,13,211,5.012,49213.7,2.4747,0.6601,2009
KY,644,3.7735,236.916,1.21865,16,4,41,4.712,49349.0,2.3273,0.6601,2009
KY,645,3.7158,237.411,1.20457,20,4,68,5.24,50553.9,2.5249,0.6601,2009
KY,646,3.4863,237.907,1.15991,12,4,154,3.651,49694.6,2.6067,0.6601,2009
KY,647,3.5119,238.404,1.14169,12,12,101,4.246,50027.6,2.2395,0.6601,2009
KY,648,3.2894,238.902,1.12432,17,8,90,5.176,49587.2,2.2132,0.6601,2009
KY,649,3.2702,239.401,1.13142,11,7,94,4.677,49958.6,2.2602,0.6601,2009
KY,650,3.2944,239.901,1.16323,11,4,52,5.795,50308.1,2.0915,0.6601,2009
KY,651,3.3937,240.402,1.22531,17,5,89,5.5,49426.9,2.2204,0.6601,2009
KY,652,3.4484,240.904,1.26332,19,4,48,5.816,51498.9,2.0239,0.6601,2009
KY,653,3.6865,241.407,1.29784,19,12,70,5.239,51830.3,2.1823,0.6601,2009
KY,654,3.5086,241.911,1.33839,18,7,64,4.56,52090.0,2.1747,0.6601,2009
KY,655,3.5081,242.417,1.24596,16,6,38,4.954,50298.5,2.4734,0.6601,2009
KY,656,3.4798,242.923,1.27741,14,11,53,4.921,51079.0,2.4056,0.6601,2009
KY,657,3.4892,243.43,1.20257,17,8,13,4.71,51825.8,2.2667,0.6601,2009
KY,658,3.3843,243.939,1.21012,18,19,64,4.99,51539.3,2.4629,0.6601,2009
KY,659,3.3246,244.448,1.15134,13,5,52,4.79,51711.1,2.3372,0.6601,2009
KY,660,2.1476,244.959,1.18605,24,5,108,5.142,52498.3,2.2269,0.6601,2009
KY,661,2.3567,245.471,1.1896,15,7,229,5.238,52165.1,2.2298,0.6601,2009
KY,662,2.4171,245.983,1.2243,11,9,43,5.131,51060.5,2.1632,0.6601,2009
KY,663,2.4961,246.497,1.31888,22,4,75,5.977,50869.3,2.2946,0.6601,2009
KY,664,2.5041,247.012,1.36751,22,1,124,5.062,51579.3,2.086,0.6601,2009
KY,665,2.5948,247.528,1.43488,13,25,96,5.252,51257.6,2.2606,0.6601,2009
KY,666,2.617,248.045,1.4406,15,5,55,4.9,51577.4,2.2532,0.6601,2009
KY,667,2.5686,248.563,1.37951,17,18,41,5.522,51452.5,2.3073,0.6601,2009
KY,668,2.5607,249.082,1.3157,21,15,136,5.269,51649.3,2.3236,0.6601,2009
KY,669,2.4939,249.603,1.34325,24,8,25,4.801,51560.2,2.505,0.6601,2009
KY,670,2.4422,250.124,1.27869,16,16,3,3.713,52552.3,2.5099,0.6601,2009
KY,671,2.3462,250.646,1.34979,20,19,115,4.436,52676.0,2.2774,0.6601,2009
KY,672,2.0228,251.17,1.25505,13,15,28,4.912,52657.7,2.2347,0.6601,2009
KY,673,2.0885,251.694,1.299,16,5,144,5.262,52402.9,2.3077,0.6601,2009
KY,674,2.1543,252.22,1.31309,24,10,57,4.706,52483.5,2.2283,0.6601,2009
KY,675,2.1917,252.747,1.38284,17,4,123,5.321,53670.5,2.1537,0.6601,2009
KY,676,2.2155,253.275,1.40012,12,13,44,4.862,52442.7,2.1751,0.6601,2009
KY,677,2.2979,253.804,1.41408,16,7,97,5.643,51450.9,2.2358,0.6601,2009
KY,678,2.2833,254.334,1.44603,23,11,85,5.803,52670.3,2.416,0.6601,2009
KY,679,2.2693,254.865,1.45267,18,18,66,4.889,53471.5,2.3649,0.6601,2009
KY,680,2.2083,255.398,1.45388,15,6,140,4.817,52788.5,2.4479,0.6601,2009
KY,681,2.2064,255.931,1.42632,27,4,102,4.37,53468.6,2.3818,0.6601,2009
KY,682,2.1673,256.466,1.35995,11,20,31,4.264,53809.5,2.4062,0.6601,2009
KY,683,2.0579,257.001,1.35922,22,12,81,4.924,53393.1,2.4338,0.6601,2009
KY,684,2.2981,257.538,1.23488,12,8,49,5.941,52162.0,2.213,0.6601,2009
KY,685,2.3398,258.076,1.3584,18,4,10,4.911,54921.1,2.1376,0.6601,2009
KY,686,2.3986,258.615,1.29036,11,12,40,5.225,52622.2,2.057,0.6601,2009
KY,687,2.4641,259.155,1.40608,17,7,90,5.477,52734.3,2.1209,0.6601,2009
KY,688,2.5339,259.697,1.38049,17,17,85,4.744,53582.3,2.1407,0.6601,2009
KY,689,2.5507,260.239,1.48839,17,5,27,5.042,53855.4,2.047,0.6601,2009
KY,690,2.608,260.783,1.46196,19,12,88,5.598,53739.2,2.3332,0.6601,2009
KY,691,2.6086,261.327,1.4768,25,19,51,4.821,54575.8,2.4261,0.6601,2009
KY,692,2.5183,261.873,1.46228,22,18,80,5.084,54985.3,2.3853,0.6601,2009
KY,693,2.4541,262.42,1.38242,26,5,43,4.581,53818.5,2.3701,0.6601,2009
KY,694,2.3579,262.968,1.34179,18,16,101,4.624,52644.9,2.4109,0.6601,2009
KY,695,2.2661,263.518,1.33004,17,17,34,4.767,53173.9,2.2002,0.6601,2009
KY,696,2.538,264.068,1.35371,17,8,21,4.585,54576.6,2.3257,0.6601,2009
KY,697,2.5652,264.62,1.28345,11,35,83,5.193,54213.4,2.2069,0.6601,2009
KY,698,2.6432,265.172,1.36406,13,16,46,5.239,55299.8,2.2239,0.6601,2009
KY,699,2.69,265.726,1.37332,13,6,80,5.505,54467.2,2.0497,0.6601,2009
KY,700,2.8425,266.281,1.39735,15,6,178,4.542,54511.0,2.494,0.6601,2009
KY,701,2.9217,266.838,1.40324,23,9,73,5.493,53746.1,2.3314,0.6601,2009
KY,702,2.8629,267.395,1.48841,16,6,98,5.096,54371.1,2.483,0.6601,2009
KY,703,2.801,267.953,1.45719,20,9,70,5.285,55540.0,2.4153,0.6601,2009
KY,704,2.8356,268.513,1.39169,12,32,87,5.904,54577.7,2.4757,0.6601,2009
KY,705,2.7095,269.074,1.39119,20,31,135,5.078,56038.3,2.4753,0.6601,2009
KY,706,2.6756,269.636,1.24471,13,13,84,4.396,54113.4,2.5208,0.6601,2009
KY,707,2.67,270.199,1.2919,21,7,81,4.852,55218.1,2.3175,0.6601,2009
KY,708,2.5019,270.764,1.29031,15,5,56,5.144,54807.0,2.441,0.6601,2009
KY,709,2.5282,271.329,1.38238,18,6,78,4.857,56570.3,2.1331,0.6601,2009
KY,710,2.5755,271.896,1.38455,18,10,166,4.831,54961.5,2.197,0.6601,2009
KY,711,2.6512,272.464,1.39489,10,1,56,5.437,54756.4,2.1972,0.6601,2009
KY,712,2.8431,273.033,1.40236,14,7,59,5.861,55825.5,2.3414,0.6601,2009
KY,713,2.7975,273.603,1.43987,17,11,11,4.818,56827.5,2.3251,0.6601,2009
KY,714,2.7321,274.175,1.44568,18,23,150,5.103,55087.1,2.2258,0.6601,2009
KY,715,2.7643,274.747,1.44533,14,12,51,4.937,56065.8,2.3812,0.6601,2009
KY,716,2.7443,275.321,1.4689,26,29,143,4.118,57016.3,2.4081,0.6601,2009
KY,717,2.6561,275.896,1.41047,21,14,198,5.734,55769.5,2.4915,0.6601,2009
KY,718,2.5681,276.473,1.40139,19,30,148,4.259,56520.5,2.3317,0.6601,2009
KY,719,2.5696,277.05,1.33392,17,9,133,4.771,56777.4,2.4505,0.6601,2009
KY,720,2.1191,277.629,1.31651,18,4,127,9.556,56927.9,2.2626,0.6601,2009
KY,721,2.1016,278.209,1.34832,17,17,290,9.505,57435.2,2.2645,0.6601,2009
KY,722,2.147,278.79,1.17363,15,17,43,9.574,55902.2,2.1634,0.6601,2009
KY,723,1.9194,279.372,0.931,15,7,38,9.51,56706.7,2.0528,0.6601,2009
KY,724,1.9588,279.956,1.1363,14,4,96,9.405,56842.9,2.0959,0.6601,2009
KY,725,2.3596,280.54,1.28365,14,5,51,9.802,58534.3,2.2168,0.6601,2009
KY,726,2.3161,281.126,1.35421,6,12,57,10.008,56867.6,2.4731,0.6601,2009
KY,727,2.4056,281.714,1.49719,19,4,184,9.155,57735.9,2.3675,0.6601,2009
KY,728,2.2535,282.302,1.46116,22,7,184,9.449,58801.8,2.3808,0.6601,2009
KY,729,2.1885,282.892,1.43199,15,4,87,9.303,57369.2,2.3656,0.6601,2009
KY,730,2.1519,283.483,1.40067,15,2,65,8.873,56432.8,2.3282,0.6601,2009
KY,731,2.1071,284.075,1.32985,29,19,234,9.299,58315.7,2.3693,0.6601,2009
KY,732,2.9638,284.668,1.34343,17,13,75,5.765,56211.3,2.2625,0.6601,2009
KY,733,2.99,285.263,1.41178,16,5,110,5.721,58275.9,2.1568,0.6601,2009
KY,734,2.9767,285.859,1.41984,13,10,25,5.124,58368.0,2.2264,0.6601,2009
KY,735,3.1044,286.456,1.41742,17,7,66,5.579,57084.6,2.145,0.6601,2009
KY,736,3.2475,287.054,1.48149,15,21,52,4.516,59094.4,2.0184,0.6601,2009
KY,737,3.191,287.654,1.52411,12,18,180,4.927,58602.9,2.2598,0.6601,2009
KY,738,3.2135,288.254,1.4562,24,11,182,4.822,57576.6,2.3572,0.6601,2009
KY,739,3.1165,288.856,1.48529,23,14,52,4.692,57754.9,2.395,0.6601,2009
KY,740,3.0627,289.46,1.50593,17,10,66,4.132,58429.9,2.437,0.6601,2009
KY,741,3.081,290.064,1.41486,13,23,15,3.885,59060.3,2.4944,0.6601,2009
KY,742,3.0152,290.67,1.35565,23,14,88,5.045,58027.8,2.4441,0.6601,2009
KY,743,3.0241,291.277,1.34256,23,13,29,5.662,59274.3,2.2417,0.6601,2009
KY,744,3.9643,291.886,1.33077,20,18,21,5.09,58464.2,2.2283,0.6601,2009
KY,745,3.9283,292.496,1.30558,7,15,67,4.735,59180.2,2.245,0.6601,2009
KY,746,3.9028,293.106,1.36859,15,7,72,5.425,60030.8,2.0629,0.6601,2009
KY,747,3.9311,293.719,1.3757,10,8,20,5.425,59451.6,2.271,0.6601,2009
KY,748,4.5738,294.332,1.4143,10,12,89,5.547,59077.9,2.0746,0.6601,2009
KY,749,5.169,294.947,1.45812,11,5,52,4.968,59518.7,2.1432,0.6601,2009
KY,750,4.104,295.563,1.45506,12,8,144,4.923,58794.9,2.2033,0.6601,2009
KY,751,4.0928,296.18,1.44549,14,15,105,5.015,60185.3,2.3092,0.6601,2009
KY,752,4.0366,296.799,1.43913,13,4,42,4.785,61242.3,2.4689,0.6601,2009
KY,753,4.0049,297.419,1.42746,19,8,62,4.169,59700.1,2.4292,0.6601,2009
KY,754,3.9149,298.04,1.33007,12,6,134,5.067,58747.2,2.4187,0.6601,2009
KY,755,3.8983,298.663,1.30118,15,11,55,4.555,60507.5,2.4342,0.6601,2009
KY,756,3.3824,299.287,1.32199,16,5,100,5.324,60611.1,2.4227,0.6601,2009
KY,757,3.4247,299.912,1.33285,19,8,33,5.698,60491.7,2.222,0.6601,2009
KY,758,3.4042,300.538,1.42784,12,4,132,4.473,61283.9,2.2099,0.6601,2009
KY,759,3.5059,301.166,1.42138,11,24,131,4.942,60108.9,2.2017,0.6601,2009
KY,760,3.6902,301.795,1.48679,14,20,121,5.458,60423.6,2.1689,0.6601,2009
KY,761,3.6664,302.425,1.56302,18,6,14,4.6,60095.8,2.2122,0.6601,2009
KY,762,3.6204,303.057,1.53868,18,12,46,4.091,60887.7,2.2898,0.6601,2009
KY,763,3.6214,303.69,1.55353,17,15,166,5.18,60847.8,2.4073,0.6601,2009
KY,764,3.5936,304.324,1.48928,18,5,66,4.808,61397.2,2.255,0.6601,2009
KY,765,3.5407,304.96,1.462,12,17,104,4.357,62176.9,2.4465,0.6601,2009
KY,766,3.4572,305.597,1.38188,16,11,39,5.567,60214.4,2.4639,0.6601,2009
KY,767,3.4745,306.235,1.33194,12,13,145,5.586,61410.5,2.3523,0.6601,2009
KY,768,3.2101,306.875,1.37881,7,14,190,4.936,60703.0,2.2622,0.6601,2009
KY,769,3.1603,307.516,1.40546,14,6,73,5.87,62836.2,2.2405,0.6601,2009
KY,770,3.2013,308.158,1.43788,11,6,32,5.484,61258.1,2.1398,0.6601,2009
KY,771,3.2513,308.802,1.47002,11,17,115,5.193,61341.4,2.2179,0.6601,2009
KY,772,3.4497,309.447,1.56315,17,12,138,6.046,62613.0,2.1342,0.6601,2009
KY,773,3.5125,310.093,1.5865,16,5,19,4.626,61594.3,2.3455,0.6601,2009
KY,774,3.5391,310.741,1.53625,14,29,93,4.748,61008.6,2.4319,0.6601,2009
KY,775,3.4933,311.39,1.55066,26,18,85,5.238,62104.1,2.3856,0.6601,2009
KY,776,3.4291,312.041,1.51516,21,15,58,4.943,61324.7,2.4775,0.6601,2009
KY,777,3.334,312.692,1.48181,26,32,163,5.125,60926.6,2.3368,0.6601,2009
KY,778,3.29,313.345,1.41463,24,5,109,4.459,62468.5,2.4439,0.6601,2009
KY,779,3.1865,314.0,1.3692,24,12,103,4.645,62276.3,2.3987,0.6601,2009
LA,540,2.2297,190.7,2.40409,30,42,210,4.914,42080.9,2.4367,0.1277,2011
LA,541,2.2502,191.098,2.40181,37,18,48,4.801,41813.7,2.2143,0.1277,2011
LA,542,2.2933,191.497,2.41911,32,11,144,4.765,42561.0,2.1352,0.1277,2011
LA,543,2.2584,191.897,2.4906,36,9,79,5.018,42768.0,2.0591,0.1277,2011
LA,544,2.3773,192.298,2.57995,28,5,140,5.609,42236.5,2.2749,0.1277,2011
LA,545,2.4859,192.7,2.58094,29,41,99,5.249,41789.5,2.053,0.1277,2011
LA,546,2.4748,193.102,2.743,51,25,65,4.779,42772.3,2.1973,0.1277,2011
LA,547,2.4921,193.506,2.63743,28,43,314,5.082,42564.1,2.528,0.1277,2011
LA,548,2.4182,193.91,2.69191,27,10,283,4.972,41571.8,2.501,0.1277,2011
LA,549,2.3656,194.315,2.59652,47,30,184,4.603,42751.8,2.4757,0.1277,2011
LA,550,2.2381,194.721,2.47626,63,24,359,4.819,41935.3,2.5453,0.1277,2011
LA,551,2.2608,195.128,2.35278,43,12,173,4.904,43494.5,2.2037,0.1277,2011
LA,552,2.4759,195.535,2.3785,48,34,124,5.221,42241.7,2.323,0.1277,2011
LA,553,2.5159,195.944,2.35711,41,10,145,5.621,43593.6,2.2158,0.1277,2011
LA,554,2.5382,196.353,2.50032,39,17,34,5.464,43147.2,2.0157,0.1277,2011
LA,555,2.6419,196.763,2.63321,38,6,189,5.468,42827.6,2.1635,0.1277,2011
LA,556,2.7211,197.174,2.70392,34,17,134,4.817,42933.2,2.0979,0.1277,2011
LA,557,2.6923,197.586,2.68259,47,20,118,4.875,43256.9,2.2368,0.1277,2011
LA,558,2.753,197.999,2.61211,45,8,257,5.058,42391.6,2.2857,0.1277,2011
LA,559,2.7417,198.412,2.71085,42,18,69,4.358,42251.7,2.327,0.1277,2011
LA,560,2.7042,198.827,2.60765,41,32,74,5.437,43392.3,2.5299,0.1277,2011
LA,561,2.6082,199.242,2.49822,53,55,87,4.781,44148.8,2.4606,0.1277,2011
LA,562,2.5309,199.658,2.43344,48,28,300,4.687,43049.6,2.5097,0.1277,2011
LA,563,2.4836,200.075,2.45274,55,10,190,4.784,43204.0,2.353,0.1277,2011
LA,564,2.7668,200.493,2.31146,37,20,32,4.771,43919.2,2.1218,0.1277,2011
LA,565,2.8096,200.912,2.43656,40,38,67,5.492,44077.1,2.1057,0.1277,2011
LA,566,2.9168,201.331,2.44035,34,28,95,5.501,43728.1,2.1738,0.1277,2011
LA,567,2.9111,201.752,2.61254,42,33,60,5.311,43766.0,2.079,0.1277,2011
LA,568,2.9197,202.173,2.64043,33,2,127,5.195,43913.1,2.248,0.1277,2011
LA,569,2.9424,202.596,2.74342,35,23,152,5.897,44079.0,2.3888,0.1277,2011
LA,570,2.9795,203.019,2.70028,35,22,60,5.409,44088.5,2.2713,0.1277,2011
LA,571,3.0302,203.443,2.67436,45,28,147,5.377,43843.6,2.3689,0.1277,2011
LA,572,2.9663,203.868,2.54762,44,12,215,5.076,43933.1,2.3725,0.1277,2011
LA,573,2.8386,204.294,2.54792,46,16,152,4.759,44592.8,2.4776,0.1277,2011
LA,574,2.731,204.72,2.52587,48,18,102,5.294,44359.0,2.3149,0.1277,2011
LA,575,2.7292,205.148,2.50196,38,5,99,5.449,43968.2,2.3799,0.1277,2011
LA,576,3.1445,205.576,2.32394,36,16,224,8.107,43826.6,2.5817,0.1277,2011
LA,577,3.1943,206.006,2.33085,28,29,180,8.113,42552.8,2.6095,0.1277,2011
LA,578,3.2097,206.436,2.30452,32,29,207,8.373,43149.0,2.336,0.1277,2011
LA,579,3.2471,206.867,2.488,36,11,147,7.769,43752.7,2.3075,0.1277,2011
LA,580,3.2599,207.299,2.58416,36,15,92,7.573,43015.0,2.4375,0.1277,2011
LA,581,3.9639,207.732,2.51117,29,31,94,7.692,43389.9,2.3373,0.1277,2011
LA,582,4.0385,208.166,2.50884,35,28,168,7.961,43976.8,2.5679,0.1277,2011
LA,583,3.3337,208.601,2.53102,40,66,123,8.272,43865.6,2.6305,0.1277,2011
LA,584,3.258,209.037,2.55024,36,4,209,7.194,44333.3,2.5303,0.1277,2011
LA,585,3.3128,209.474,2.39863,55,11,393,7.194,42977.4,2.6693,0.1277,2011
LA,586,2.1646,209.911,2.46783,38,8,325,7.304,44215.3,2.5208,0.1277,2011
LA,587,1.6946,210.35,2.40833,52,15,86,7.991,43404.5,2.4813,0.1277,2011
LA,588,2.2458,210.789,2.48654,43,10,319,7.852,44585.6,2.4092,0.1277,2011
LA,589,2.2637,211.229,2.58011,28,26,87,8.679,43948.3,2.3858,0.1277,2011
LA,590,2.3953,211.67,2.59126,52,15,350,7.684,43059.6,2.5258,0.1277,2011
LA,591,2.3494,212.113,2.7178,33,3,72,8.179,43973.3,2.4165,0.1277,2011
LA,592,2.4383,212.556,2.68892,31,10,163,8.216,44288.9,2.4843,0.1277,2011
LA,593,2.58,213.0,2.80912,39,24,169,8.02,44043.7,2.47,0.1277,2011
LA,594,2.539,213.444,2.72165,48,26,83,8.531,44211.9,2.4014,0.1277,2011
LA,595,2.5065,213.89,2.87512,53,9,230,8.003,45104.4,2.5426,0.1277,2011
LA,596,2.4861,214.337,2.76571,31,34,240,7.406,44356.8,2.6052,0.1277,2011
LA,597,2.3599,214.785,2.70758,52,26,363,7.35,44109.9,2.7245,0.1277,2011
LA,598,2.2951,215.233,2.61042,49,37,67,6.785,44509.8,2.5039,0.1277,2011
LA,599,2.3541,215.683,2.46334,51,11,114,7.818,46064.2,2.5986,0.1277,2011
LA,600,2.7545,216.133,2.53631,52,28,212,7.371,45350.9,2.507,0.1277,2011
LA,601,2.8225,216.585,2.46019,43,24,96,7.894,45733.2,2.4339,0.1277,2011
LA,602,2.8447,217.037,2.5914,55,22,207,8.214,45281.9,2.3563,0.1277,2011
LA,603,2.7868,217.491,2.58272,37,7,215,8.244,46017.0,2.5032,0.1277,2011
LA,604,2.9352,217.945,2.73887,30,12,162,7.638,46833.0,2.4588,0.1277,2011
LA,605,3.0033,218.4,2.83606,40,18,61,8.049,45234.9,2.3442,0.1277,2011
LA,606,2.999,218.856,2.88711,34,45,326,7.031,45038.0,2.3859,0.1277,2011
LA,607,2.9741,219.313,2.754,38,12,99,7.122,45362.8,2.5493,0.1277,2011
LA,608,2.9375,219.772,2.64353,39,25,18,7.176,45449.3,2.6334,0.1277,2011
LA,609,2.9043,220.231,2.57078,38,23,57,8.051,45924.0,2.6465,0.1277,2011
LA,610,2.8334,220.691,2.56606,32,42,297,7.434,46602.7,2.8307,0.1277,2011
LA,611,2.7243,221.152,2.43986,36,21,283,7.142,45054.6,2.6516,0.1277,2011
LA,612,3.5147,221.614,2.48539,36,42,79,4.27,46888.6,2.2232,0.1277,2011
LA,613,3.4207,222.076,2.52309,31,40,275,5.502,46317.1,2.2553,0.1277,2011
LA,614,3.4623,222.54,2.51982,30,34,163,5.157,46207.2,2.2287,0.1277,2011
LA,615,3.5764,223.005,2.66283,35,18,130,5.042,46511.4,2.0311,0.1277,2011
LA,616,3.6143,223.471,2.69153,35,29,236,4.919,48041.9,2.0757,0.1277,2011
LA,617,3.7426,223.938,2.75725,48,20,86,4.413,48787.7,2.1133,0.1277,2011
LA,618,3.7982,224.405,2.91349,38,52,152,5.193,48114.0,2.2549,0.1277,2011
LA,619,3.7528,224.874,2.70187,30,30,232,4.895,47967.7,2.341,0.1277,2011
LA,620,3.7577,225.344,2.66642,50,13,182,4.788,47132.6,2.5088,0.1277,2011
LA,621,3.5386,225.815,2.62007,43,24,137,4.166,48154.2,2.6299,0.1277,2011
LA,622,3.5382,226.286,2.568,41,41,320,4.494,47829.4,2.4471,0.1277,2011
LA,623,3.3788,226.759,2.46821,40,10,7,5.151,48293.7,2.4363,0.1277,2011
LA,624,3.5222,227.233,2.4246,33,32,78,5.127,48948.0,2.2244,0.1277,2011
LA,625,3.5196,227.707,2.61216,31,9,150,5.642,49516.7,2.3589,0.1277,2011
LA,626,3.6325,228.183,2.6077,26,11,142,5.144,48216.0,2.1714,0.1277,2011
LA,627,3.8076,228.659,2.63399,33,11,166,4.788,48597.2,2.091,0.1277,2011
LA,628,3.8216,229.137,2.71839,39,18,88,5.646,48101.8,2.2388,0.1277,2011
LA,629,3.7952,229.616,2.77816,29,18,338,4.573,48173.8,2.2094,0.1277,2011
LA,630,3.9617,230.095,2.75907,32,18,249,5.172,48180.2,2.1933,0.1277,2011
LA,631,3.8835,230.576,2.79463,38,22,217,5.463,49201.3,2.3221,0.1277,2011
LA,632,3.8543,231.057,2.80509,44,11,210,4.623,49222.2,2.3575,0.1277,2011
LA,633,3.8278,231.54,2.63133,48,17,357,4.636,48921.6,2.383,0.1277,2011
LA,634,3.7577,232.024,2.56722,35,27,306,4.867,49724.2,2.2946,0.1277,2011
LA,635,3.6427,232.508,2.42972,31,18,182,4.559,48599.6,2.3641,0.1277,2011
LA,636,3.6191,232.994,2.50499,43,17,104,5.129,49099.7,2.3375,0.1277,2011
LA,637,3.6252,233.481,2.55023,39,13,54,4.774,49410.8,2.2002,0.1277,2011
LA,638,3.6498,233.968,2.6394,31,37,87,4.961,49386.8,2.1604,0.1277,2011
LA,639,3.6417,234.457,2.68069,45,17,33,5.425,49640.0,2.092,0.1277,2011
LA,640,3.7001,234.947,2.76807,25,23,44,5.19,49586.1,2.1323,0.1277,2011
LA,641,3.6832,235.438,2.88755,36,9,480,5.077,50177.2,2.1472,0.1277,2011
LA,642,3.6343,235.929,2.91864,26,13,119,5.107,49939.8,2.2965,0.1277,2011
LA,643,3.7012,236.422,2.89335,47,31,28,4.394,50966.2,2.4346,0.1277,2011
LA,644,3.7348,236.916,2.82578,47,22,524,4.898,50622.4,2.4287,0.1277,2011
LA,645,3.6886,237.411,2.81103,35,18,134,4.068,50156.3,2.5585,0.1277,2011
LA,646,3.5234,237.907,2.65227,45,40,118,4.706,49813.0,2.4365,0.1277,2011
LA,647,3.5288,238.404,2.5679,48,10,161,4.968,49644.0,2.5026,0.1277,2011
LA,648,3.3273,238.902,2.5481,26,5,262,5.044,49903.8,2.3221,0.1277,2011
LA,649,3.2964,239.401,2.57533,41,28,130,5.015,50136.9,2.3084,0.1277,2011
LA,650,3.4156,239.901,2.8001,31,9,170,5.195,50765.6,2.1715,0.1277,2011
LA,651,3.4383,240.402,2.73675,48,39,37,5.398,50541.3,2.1266,0.1277,2011
LA,652,3.5209,240.904,2.96017,28,4,152,4.873,50265.0,2.2499,0.1277,2011
LA,653,3.7116,241.407,2.90987,30,34,140,5.72,51486.1,2.2398,0.1277,2011
LA,654,3.5083,241.911,3.06375,41,25,143,4.843,51417.6,2.3658,0.1277,2011
LA,655,3.5847,242.417,3.04676,34,12,40,4.46,51012.2,2.558,0.1277,2011
LA,656,3.5701,242.923,2.83951,42,11,103,4.546,50600.6,2.5131,0.1277,2011
LA,657,3.57,243.43,2.80847,51,19,166,5.081,51252.2,2.3023,0.1277,2011
LA,658,3.3962,243.939,2.6604,52,13,315,5.023,51715.5,2.4521,0.1277,2011
LA,659,3.3214,244.448,2.55528,39,34,113,5.134,51314.5,2.4604,0.1277,2011
LA,660,2.1052,244.959,2.73466,39,24,137,4.419,51144.9,2.2913,0.1277,2011
LA,661,2.4036,245.471,2.77968,34,19,229,5.584,52013.5,2.2196,0.1277,2011
LA,662,2.4315,245.983,2.85451,34,1,165,5.363,51269.9,2.1838,0.1277,2011
LA,663,2.4846,246.497,2.97771,33,48,119,4.892,51289.1,2.1886,0.1277,2011
LA,664,2.5048,247.012,3.08267,27,26,77,5.681,52145.4,2.2587,0.1277,2011
LA,665,2.667,247.528,3.22726,33,18,195,5.593,51007.2,2.2175,0.1277,2011
LA,666,2.63,248.045,3.27417,40,20,203,4.658,52640.1,2.3911,0.1277,2011
LA,667,2.6597,248.563,3.09117,38,31,32,5.042,51811.2,2.5367,0.1277,2011
LA,668,2.6268,249.082,3.14527,23,8,374,4.905,52279.0,2.3179,0.1277,2011
LA,669,2.5567,249.603,3.0954,50,52,207,4.184,52378.6,2.4932,0.1277,2011
LA,670,2.4163,250.124,2.95671,38,75,171,4.843,52361.6,2.2259,0.1277,2011
LA,671,2.3592,250.646,2.85106,41,40,235,4.708,51094.5,2.4468,0.1277,2011
LA,672,2.0348,251.17,2.9682,51,6,175,4.438,52679.4,2.2708,0.1277,2011
LA,673,2.0419,251.694,2.96221,33,14,450,5.262,52457.3,2.2421,0.1277,2011
LA,674,2.1374,252.22,3.04161,35,15,395,5.612,52129.6,2.0191,0.1277,2011
LA,675,2.1697,252.747,3.04291,35,25,170,5.7,52460.3,2.1316,0.1277,2011
LA,676,2.2614,253.275,3.31497,47,35,248,4.853,52334.4,2.0803,0.1277,2011
LA,677,2.3016,253.804,3.42671,52,10,62,5.295,54145.3,2.2075,0.1277,2011
LA,678,2.3471,254.334,3.45096,55,43,43,5.211,52567.2,2.3103,0.1277,2011
LA,679,2.2538,254.865,3.33226,40,39,336,5.157,52282.0,2.3653,0.1277,2011
LA,680,2.2172,255.398,3.39413,38,70,26,4.111,53389.7,2.3573,0.1277,2011
LA,681,2.1776,255.931,3.20913,50,30,73,5.053,53033.8,2.3916,0.1277,2011
LA,682,2.146,256.466,3.17498,46,10,273,4.965,52819.1,2.3239,0.1277,2011
LA,683,2.1242,257.001,2.99655,36,9,194,5.105,52445.9,2.3213,0.1277,2011
LA,684,2.336,257.538,2.95896,44,14,171,4.742,54362.0,2.3247,0.1277,2011
LA,685,2.3221,258.076,2.95783,42,45,153,4.905,53399.7,2.243,0.1277,2011
LA,686,2.4584,258.615,3.01459,32,10,150,5.498,53347.2,2.1285,0.1277,2011
LA,687,2.5632,259.155,3.20487,30,12,181,5.31,53207.4,2.1422,0.1277,2011
LA,688,2.6177,259.697,3.25728,34,7,194,5.268,54844.8,2.1674,0.1277,2011
LA,689,2.6393,260.239,3.27685,43,6,418,5.717,55137.4,2.1403,0.1277,2011
LA,690,2.6554,260.783,3.45268,47,11,210,5.504,54748.9,2.2231,0.1277,2011
LA,691,2.652,261.327,3.50471,41,63,366,4.511,53953.6,2.3136,0.1277,2011
LA,692,2.5154,261.873,3.31222,53,26,369,4.172,54312.2,2.4079,0.1277,2011
LA,693,2.4889,262.42,3.29107,39,52,178,4.631,54978.4,2.3617,0.1277,2011
LA,694,2.3634,262.968,3.22479,45,23,89,4.97,55550.1,2.4957,0.1277,2011
LA,695,2.3714,263.518,3.02881,33,18,116,5.413,55644.0,2.4518,0.1277,2011
LA,696,2.6373,264.068,3.01583,48,33,165,4.135,54169.2,2.3128,0.1277,2011
LA,697,2.7506,264.62,2.96565,32,46,85,5.202,54667.1,2.3765,0.1277,2011
LA,698,2.7472,265.172,3.07155,31,23,242,5.255,54715.7,2.1809,0.1277,2011
LA,699,2.807,265.726,3.22923,24,27,178,5.471,54162.6,2.1839,0.1277,2011
LA,700,2.8764,266.281,3.28189,35,18,148,5.17,54744.6,2.1519,0.1277,2011
LA,701,2.9243,266.838,3.33986,32,12,101,5.47,54778.5,2.1801,0.1277,2011
LA,702,2.8841,267.395,3.32178,27,9,190,5.058,54610.6,2.4342,0.1277,2011
LA,703,2.9424,267.953,3.4632,50,6,282,3.867,54041.7,2.4048,0.1277,2011
LA,704,2.9241,268.513,3.26722,43,39,626,4.66,54722.1,2.5917,0.1277,2011
LA,705,2.7711,269.074,3.09374,39,44,379,4.815,55116.9,2.6351,0.1277,2011
LA,706,2.7734,269.636,3.06564,57,7,75,4.753,55618.8,2.5519,0.1277,2011
LA,707,2.6958,270.199,3.15306,41,20,87,4.634,55315.6,2.398,0.1277,2011
LA,708,2.5977,270.764,3.05826,48,26,221,4.988,55333.5,2.2584,0.1277,2011
LA,709,2.6224,271.329,2.96739,33,18,302,5.409,55860.2,2.3023,0.1277,2011
LA,710,2.6397,271.896,3.04834,42,13,43,4.25,55566.9,2.3135,0.1277,2011
LA,711,2.7196,272.464,3.34854,39,24,38,4.611,56624.9,2.2235,0.1277,2011
LA,712,2.7768,273.033,3.48571,34,10,111,5.537,55365.5,2.2352,0.1277,2011
LA,713,2.8131,273.603,3.41423,24,24,120,4.419,55661.4,2.2675,0.1277,2011
LA,714,2.7467,274.175,3.48764,51,38,324,4.995,55907.4,2.2845,0.1277,2011
LA,715,2.7157,274.747,3.33034,46,23,328,4.73,55903.8,2.2987,0.1277,2011
LA,716,2.7039,275.321,3.32095,46,31,50,4.991,55707.4,2.2983,0.1277,2011
LA,717,2.6844,275.896,3.21745,40,28,39,4.877,56403.2,2.3647,0.1277,2011
LA,718,2.6316,276.473,3.09715,37,12,602,4.716,56672.2,2.3027,0.1277,2011
LA,719,2.5213,277.05,3.21449,37,21,143,5.769,56472.5,2.2958,0.1277,2011
LA,720,2.0368,277.629,3.04608,56,17,148,9.284,57593.5,2.3455,0.1277,2011
LA,721,2.092,278.209,2.97227,51,15,100,8.865,56370.5,2.1457,0.1277,2011
LA,722,2.1376,278.79,2.63692,35,22,32,9.122,56874.4,2.0984,0.1277,2011
LA,723,1.8096,279.372,2.27299,41,14,101,10.098,56338.3,2.1218,0.1277,2011
LA,724,1.9048,279.956,2.69731,48,21,85,10.095,57372.1,2.1277,0.1277,2011
LA,725,2.3533,280.54,2.8841,48,23,211,9.583,56993.4,2.2849,0.1277,2011
LA,726,2.364,281.126,3.11095,57,9,188,9.812,58993.7,2.3408,0.1277,2011
LA,727,2.3381,281.714,3.41495,43,16,169,9.787,58164.4,2.3025,0.1277,2011
LA,728,2.2924,282.302,3.39069,50,74,85,9.324,57279.6,2.562,0.1277,2011
LA,729,2.279,282.892,3.32689,37,30,493,8.238,56803.5,2.4094,0.1277,2011
LA,730,2.206,283.483,3.189,57,33,131,8.636,56969.4,2.455,0.1277,2011
LA,731,2.1437,284.075,3.00649,47,24,424,9.35,56522.2,2.3908,0.1277,2011
LA,732,2.9711,284.668,3.20195,48,6,444,4.463,58061.4,2.3834,0.1277,2011
LA,733,2.9704,285.263,3.27361,35,37,176,5.424,57308.9,2.2904,0.1277,2011
LA,734,3.0054,285.859,3.14311,46,31,300,5.857,58262.7,2.2148,0.1277,2011
LA,735,3.0627,286.456,3.32908,32,26,124,5.108,60113.6,2.1509,0.1277,2011
LA,736,3.0874,287.054,3.39282,30,43,188,4.875,58171.9,2.1826,0.1277,2011
LA,737,3.1215,287.654,3.45042,43,15,181,5.388,57778.1,2.2035,0.1277,2011
LA,738,3.121,288.254,3.50697,39,4,325,4.654,57570.3,2.3289,0.1277,2011
LA,739,3.1568,288.856,3.48969,43,12,744,5.024,58321.9,2.3109,0.1277,2011
LA,740,3.1685,289.46,3.35359,67,27,105,4.7,58503.1,2.5377,0.1277,2011
LA,741,3.0921,290.064,3.41206,48,36,481,4.248,59034.1,2.4745,0.1277,2011
LA,742,3.0596,290.67,3.22908,41,18,188,5.025,59450.1,2.288,0.1277,2011
LA,743,3.0026,291.277,3.03257,47,34,381,4.8,58985.3,2.2978,0.1277,2011
LA,744,3.9175,291.886,2.9452,31,16,243,5.049,58177.9,2.3651,0.1277,2011
LA,745,3.9806,292.496,2.95168,31,32,269,4.844,59631.1,2.1043,0.1277,2011
LA,746,3.9853,293.106,3.02739,38,14,165,5.526,59617.9,1.9845,0.1277,2011
LA,747,4.0291,293.719,3.1554,37,32,114,5.718,60432.5,2.1431,0.1277,2011
LA,748,4.6648,294.332,3.18317,36,14,338,5.297,59812.1,2.2017,0.1277,2011
LA,749,5.0531,294.947,3.22077,29,8,77,5.161,59224.5,2.2095,0.1277,2011
LA,750,4.2062,295.563,3.32878,37,36,108,4.391,58763.1,2.1961,0.1277,2011
LA,751,4.0814,296.18,3.36654,34,38,189,4.726,59960.8,2.3259,0.1277,2011
LA,752,4.0882,296.799,3.1425,48,33,152,4.805,59150.7,2.4212,0.1277,2011
LA,753,3.9691,297.419,3.2444,38,43,194,4.899,60155.3,2.5705,0.1277,2011
LA,754,3.8257,298.04,3.0777,46,22,244,4.524,60258.7,2.3144,0.1277,2011
LA,755,3.8262,298.663,3.09158,38,38,238,4.392,59987.6,2.3154,0.1277,2011
LA,756,3.4044,299.287,2.99967,41,17,36,5.267,60939.6,2.297,0.1277,2011
LA,757,3.4306,299.912,3.0726,44,19,124,4.81,60083.7,2.1153,0.1277,2011
LA,758,3.5742,300.538,3.149,37,29,186,5.014,60478.6,2.3075,0.1277,2011
LA,759,3.5354,301.166,3.31019,33,30,97,4.793,61137.8,2.0622,0.1277,2011
LA,760,3.5921,301.795,3.4421,30,24,154,5.147,61278.8,2.1048,0.1277,2011
LA,761,3.6469,302.425,3.56327,45,10,252,5.063,61367.1,2.2039,0.1277,2011
LA,762,3.6857,303.057,3.6571,49,32,237,5.127,59531.3,2.2199,0.1277,2011
LA,763,3.6408,303.69,3.49886,47,51,259,5.033,61095.7,2.3203,0.1277,2011
LA,764,3.7327,304.324,3.40405,35,62,119,3.984,60356.6,2.4688,0.1277,2011
LA,765,3.6587,304.96,3.25531,46,13,112,4.528,60362.5,2.478,0.1277,2011
LA,766,3.5121,305.597,3.09704,50,27,304,4.173,60519.2,2.6555,0.1277,2011
LA,767,3.3801,306.235,3.062,35,3,136,4.538,60967.5,2.3308,0.1277,2011
LA,768,3.1684,306.875,3.23233,34,34,309,5.662,61179.2,2.3423,0.1277,2011
LA,769,3.1304,307.516,3.11617,49,20,370,4.475,61704.4,2.2024,0.1277,2011
LA,770,3.3105,308.158,3.26179,35,31,470,4.946,61558.3,2.2322,0.1277,2011
LA,771,3.4392,308.802,3.31836,47,20,124,4.958,62221.5,2.2265,0.1277,2011
LA,772,3.5474,309.447,3.60258,27,37,324,4.972,62249.8,2.1357,0.1277,2011
LA,773,3.5862,310.093,3.62695,32,18,236,4.804,62012.7,2.0746,0.1277,2011
LA,774,3.5931,310.741,3.45434,34,16,288,5.436,61451.1,2.2484,0.1277,2011
LA,775,3.5287,311.39,3.59137,25,59,143,4.5,62816.6,2.3546,0.1277,2011
LA,776,3.3849,312.041,3.4819,34,25,414,5.071,61947.9,2.2883,0.1277,2011
LA,777,3.3248,312.692,3.48598,45,29,93,5.0,62980.1,2.5367,0.1277,2011
LA,778,3.2793,313.345,3.37706,52,11,96,5.048,63360.7,2.5305,0.1277,2011
LA,779,3.2369,314.0,3.28823,50,20,570,4.804,62841.6,2.3499,0.1277,2011
ME,540,2.3036,190.7,7.8394,144,66,390,5.108,41704.7,2.1493,0.2568,2006
ME,541,2.3272,191.098,7.70781,118,34,549,5.134,41925.5,2.3085,0.2568,2006
ME,542,2.3708,191.497,7.97314,100,88,840,5.381,41899.4,2.2068,0.2568,2006
ME,543,2.4688,191.897,8.23649,112,66,493,5.497,40885.9,2.1741,0.2568,2006
ME,544,2.499,192.298,8.52542,117,50,180,5.1,42467.9,2.1437,0.2568,2006
ME,545,2.6264,192.7,8.46576,118,100,477,5.13,42186.9,2.3095,0.2568,2006
ME,546,2.5816,193.102,8.84863,138,56,414,5.534,42551.6,2.1796,0.2568,2006
ME,547,2.5331,193.506,8.58683,142,131,1559,5.293,42800.8,2.3417,0.2568,2006
ME,548,2.5344,193.91,8.59411,140,31,271,4.552,42995.8,2.4191,0.2568,2006
ME,549,2.5338,194.315,7.94603,145,85,1154,4.363,42766.3,2.6409,0.2568,2006
ME,550,2.5502,194.721,7.95798,122,32,777,4.766,43248.7,2.4211,0.2568,2006
ME,551,2.437,195.128,7.60992,141,48,314,5.29,43167.5,2.4,0.2568,2006
ME,552,2.7245,195.535,7.6188,125,24,340,4.789,42334.7,2.2926,0.2568,2006
ME,553,2.7401,195.944,7.6308,108,25,450,5.147,42677.1,2.1801,0.2568,2006
ME,554,2.6821,196.353,7.91098,97,46,745,5.39,43075.7,2.2193,0.2568,2006
ME,555,2.7824,196.763,8.22868,102,61,305,6.0,44178.4,2.228,0.2568,2006
ME,556,2.8017,197.174,8.92607,94,88,677,5.519,42826.5,2.3296,0.2568,2006
ME,557,2.8633,197.586,8.62772,116,95,573,4.817,43516.9,2.1803,0.2568,2006
ME,558,2.9652,197.999,8.89548,109,35,1244,5.471,43322.9,2.2653,0.2568,2006
ME,559,2.9435,198.412,8.56101,133,160,1245,5.446,43987.3,2.3941,0.2568,2006
ME,560,2.8218,198.827,8.36338,132,40,746,5.427,42522.7,2.5065,0.2568,2006
ME,561,2.6517,199.242,8.40236,127,83,978,4.643,43581.5,2.3276,0.2568,2006
ME,562,2.674,199.658,8.19171,140,92,701,5.756,42902.1,2.4133,0.2568,2006
ME,563,2.6627,200.075,7.91333,133,54,761,5.235,43615.1,2.2796,0.2568,2006
ME,564,2.7369,200.493,7.88639,156,112,684,4.229,44119.0,2.3856,0.2568,2006
ME,565,2.7287,200.912,7.92415,107,41,662,4.519,43438.5,2.2971,0.2568,2006
ME,566,2.8549,201.331,8.05144,114,38,996,5.228,44775.8,2.0623,0.2568,2006
ME,567,2.8099,201.752,8.11711,109,41,236,5.886,43931.1,2.0694,0.2568,2006
ME,568,2.9656,202.173,8.80116,119,53,188,5.377,44043.0,2.1513,0.2568,2006
ME,569,3.0509,202.596,9.08808,122,97,445,4.727,44011.6,2.1894,0.2568,2006
ME,570,3.0655,203.019,8.95335,126,48,748,4.938,43575.9,2.4179,0.2568,2006
ME,571,2.9829,203.443,8.84339,157,104,384,4.57,43892.7,2.3483,0.2568,2006
ME,572,3.046,203.868,8.50304,133,80,1165,4.747,44604.7,2.4581,0.2568,2006
ME,573,3.0119,204.294,8.6829,147,92,706,4.178,45232.3,2.4205,0.2568,2006
ME,574,2.9265,204.72,7.99703,118,32,373,4.474,44726.1,2.3972,0.2568,2006
ME,575,2.8322,205.148,7.95173,109,84,534,4.9,44821.4,2.3914,0.2568,2006
ME,576,3.2489,205.576,7.37329,148,28,203,7.782,43803.7,2.5374,0.2568,2006
ME,577,3.2711,206.006,7.29589,109,59,962,8.35,42751.4,2.5043,0.2568,2006
ME,578,3.3719,206.436,7.83811,93,99,336,7.413,43993.3,2.3043,0.2568,2006
ME,579,3.395,206.867,7.98955,137,76,459,8.521,43963.4,2.3595,0.2568,2006
ME,580,3.5263,207.299,7.99114,98,18,794,7.946,43816.7,2.3026,0.2568,2006
ME,581,4.2352,207.732,8.04883,102,67,156,7.846,43354.9,2.3638,0.2568,2006
ME,582,4.3291,208.166,8.48142,122,44,728,7.577,43261.5,2.4712,0.2568,2006
ME,583,3.505,208.601,8.28699,108,75,886,7.363,44389.3,2.4218,0.2568,2006
ME,584,3.394,209.037,8.11542,121,58,337,7.563,43809.3,2.6428,0.2568,2006
ME,585,3.3334,209.474,7.6621,153,122,584,7.904,44241.0,2.5677,0.2568,2006
ME,586,2.1877,209.911,7.93413,147,15,60,7.342,44213.1,2.6096,0.2568,2006
ME,587,1.7562,210.35,7.66907,138,56,350,7.726,43420.8,2.5354,0.2568,2006
ME,588,2.3543,210.789,8.05507,128,79,110,7.882,44126.5,2.5472,0.2568,2006
ME,589,2.3995,211.229,8.08742,125,48,680,7.53,43479.8,2.2516,0.2568,2006
ME,590,2.4512,211.67,8.25842,126,68,454,8.661,43878.9,2.2945,0.2568,2006
ME,591,2.5155,212.113,8.65314,115,89,1627,8.356,44525.8,2.384,0.2568,2006
ME,592,2.5345,212.556,9.12921,110,102,461,8.432,44107.3,2.1739,0.2568,2006
ME,593,2.6077,213.0,9.34848,125,93,1479,7.953,44149.0,2.5505,0.2568,2006
ME,594,2.6447,213.444,9.50055,153,159,574,7.004,45870.6,2.5673,0.2568,2006
ME,595,2.5459,213.89,9.05865,134,38,1046,8.328,43485.0,2.4745,0.2568,2006
ME,596,2.5269,214.337,8.84578,121,29,466,7.514,44212.2,2.6486,0.2568,2006
ME,597,2.4421,214.785,8.40915,141,112,136,7.306,44567.3,2.6575,0.2568,2006
ME,598,2.3806,215.233,8.79764,139,129,676,7.541,44194.2,2.6558,0.2568,2006
ME,599,2.3601,215.683,8.3225,143,52,169,7.642,44754.9,2.626,0.2568,2006
ME,600,2.7668,216.133,7.94747,135,18,396,8.187,44839.7,2.4478,0.2568,2006
ME,601,2.8491,216.585,8.13561,105,56,865,7.621,44478.7,2.5848,0.2568,2006
ME,602,2.8892,217.037,8.52098,120,46,304,7.553,46181.2,2.3293,0.2568,2006
ME,603,2.9233,217.491,8.37399,113,109,646,7.992,44574.1,2.3523,0.2568,2006
ME,604,3.0007,217.945,8.61221,134,53,722,8.775,45724.7,2.3248,0.2568,2006
ME,605,3.046,218.4,9.19239,122,51,1075,7.862,46019.2,2.3817,0.2568,2006
ME,606,3.0059,218.856,9.18119,152,74,161,8.088,44819.5,2.535,0.2568,2006
ME,607,2.9966,219.313,9.03297,138,69,174,8.258,45390.8,2.5558,0.2568,2006
ME,608,2.9704,219.772,8.54584,140,72,577,7.701,45778.7,2.6785,0.2568,2006
ME,609,3.0161,220.231,8.77199,147,101,129,7.216,46249.2,2.6075,0.2568,2006
ME,610,2.9227,220.691,8.48249,152,23,337,7.17,45853.1,2.5225,0.2568,2006
ME,611,2.8673,221.152,8.11945,110,54,499,7.774,45639.9,2.6638,0.2568,2006
ME,612,3.6604,221.614,8.26276,136,140,873,5.223,47633.3,2.2489,0.2568,2006
ME,613,3.6988,222.076,8.30233,111,181,550,4.822,47302.2,2.2495,0.2568,2006
ME,614,3.5862,222.54,8.55791,127,81,251,4.903,47571.6,2.2274,0.2568,2006
ME,615,3.7845,223.005,8.50473,124,167,1206,4.951,46516.0,2.2472,0.2568,2006
ME,616,3.8282,223.471,8.9975,92,52,379,4.916,47174.5,2.0441,0.2568,2006
ME,617,3.9269,223.938,8.79497,107,87,688,5.516,47090.0,2.1144,0.2568,2006
ME,618,3.8626,224.405,8.99242,94,47,34,5.351,46987.1,2.2526,0.2568,2006
ME,619,3.8442,224.874,9.21485,150,36,681,4.473,47401.4,2.3249,0.2568,2006
ME,620,3.7592,225.344,8.91774,142,90,141,4.991,47705.0,2.3599,0.2568,2006
ME,621,3.7052,225.815,8.55055,132,116,297,4.002,48957.2,2.3611,0.2568,2006
ME,622,3.6885,226.286,8.26289,117,34,675,5.109,49427.3,2.5,0.2568,2006
ME,623,3.6077,226.759,7.91425,151,72,92,5.527,47931.7,2.3259,0.2568,2006
ME,624,3.7277,227.233,7.75855,138,48,287,5.808,48107.6,2.2259,0.2568,2006
ME,625,3.7349,227.707,8.05358,124,84,699,5.356,48128.2,2.13,0.2568,2006
ME,626,3.8206,228.183,8.33515,103,63,199,5.762,47942.5,2.2706,0.2568,2006
ME,627,3.8528,228.659,8.70079,100,33,637,5.551,49141.3,2.1273,0.2568,2006
ME,628,3.9381,229.137,8.64436,97,65,564,4.45,49089.1,2.2934,0.2568,2006
ME,629,3.9669,229.616,9.24795,121,67,204,4.771,48758.3,2.1464,0.2568,2006
ME,630,3.9511,230.095,8.82964,115,67,669,4.815,47766.5,2.2918,0.2568,2006
ME,631,3.925,230.576,9.55471,108,125,312,4.945,48928.9,2.4426,0.2568,2006
ME,632,4.0113,231.057,9.08856,129,69,735,5.199,48707.2,2.4103,0.2568,2006
ME,633,3.8734,231.54,8.74894,129,61,382,4.493,49333.4,2.4453,0.2568,2006
ME,634,3.8621,232.024,8.71543,120,135,351,5.755,49204.5,2.4648,0.2568,2006
ME,635,3.6362,232.508,8.48042,119,170,933,4.353,49658.9,2.2673,0.2568,2006
ME,636,3.5785,232.994,8.22314,94,48,568,4.865,49846.1,2.3339,0.2568,2006
ME,637,3.5859,233.481,8.49088,124,32,971,5.148,49139.5,2.3317,0.2568,2006
ME,638,3.6101,233.968,8.83437,111,75,189,4.691,49723.8,2.159,0.2568,2006
ME,639,3.6173,234.457,9.00719,102,130,178,5.473,49411.9,2.1245,0.2568,2006
ME,640,3.6823,234.947,9.4455,112,36,197,5.754,48917.1,2.1185,0.2568,2006
ME,641,3.7201,235.438,9.70395,104,119,415,6.029,50099.2,2.23,0.2568,2006
ME,642,3.8364,235.929,9.33525,132,153,791,4.702,50044.8,2.2986,0.2568,2006
ME,643,3.7201,236.422,9.3127,121,143,300,5.15,50182.1,2.2765,0.2568,2006
ME,644,3.7461,236.916,8.92622,137,84,819,5.098,50065.3,2.4851,0.2568,2006
ME,645,3.7152,237.411,8.91291,164,109,433,4.582,50521.2,2.4124,0.2568,2006
ME,646,3.632,237.907,8.5751,123,92,510,5.044,51156.6,2.4088,0.2568,2006
ME,647,3.5598,238.404,8.39023,120,141,259,4.91,50421.1,2.3437,0.2568,2006
ME,648,3.4183,238.902,8.40937,123,73,568,5.346,50586.4,2.2824,0.2568,2006
ME,649,3.4555,239.401,8.81983,88,28,761,5.0,50742.2,2.2368,0.2568,2006
ME,650,3.5148,239.901,8.58325,132,23,303,5.479,50973.7,2.337,0.2568,2006
ME,651,3.5827,240.402,9.37702,123,156,149,4.478,50567.6,2.2525,0.2568,2006
ME,652,3.6344,240.904,9.61152,110,101,363,4.46,50172.2,2.2902,0.2568,2006
ME,653,3.9144,241.407,9.84515,110,50,102,5.654,50429.2,2.2599,0.2568,2006
ME,654,3.6658,241.911,10.07759,104,78,198,5.581,51006.8,2.2596,0.2568,2006
ME,655,3.6366,242.417,9.72297,132,85,718,3.776,50614.2,2.4361,0.2568,2006
ME,656,3.5899,242.923,9.14059,134,79,1590,5.192,50757.9,2.5101,0.2568,2006
ME,657,3.5367,243.43,9.51193,138,110,401,4.49,51205.4,2.442,0.2568,2006
ME,658,3.4786,243.939,9.12465,147,77,439,3.945,51096.0,2.3969,0.2568,2006
ME,659,3.4026,244.448,8.67321,124,53,264,5.043,52066.7,2.3209,0.2568,2006
ME,660,2.1666,244.959,8.78436,151,95,917,4.782,51855.2,2.2509,0.2568,2006
ME,661,2.4931,245.471,9.22471,127,94,443,5.461,51528.5,2.206,0.2568,2006
ME,662,2.5713,245.983,9.21892,116,83,182,5.208,50728.7,2.2469,0.2568,2006
ME,663,2.6911,246.497,9.68376,115,41,385,5.321,51319.1,2.0705,0.2568,2006
ME,664,2.6819,247.012,10.23522,117,89,278,4.9,51969.6,2.1153,0.2568,2006
ME,665,2.6347,247.528,10.43404,128,86,127,5.756,51633.2,2.2285,0.2568,2006
ME,666,2.7002,248.045,10.67045,129,91,922,4.81,51591.0,2.3319,0.2568,2006
ME,667,2.6996,248.563,10.52453,132,150,723,4.834,52369.0,2.4041,0.2568,2006
ME,668,2.6048,249.082,10.49278,138,226,1844,5.095,52900.5,2.4079,0.2568,2006
ME,669,2.5214,249.603,10.09556,134,136,702,4.891,52259.8,2.3619,0.2568,2006
ME,670,2.4463,250.124,9.60082,133,80,140,5.082,52858.2,2.3589,0.2568,2006
ME,671,2.441,250.646,9.50922,136,60,249,4.295,51645.5,2.5492,0.2568,2006
ME,672,2.119,251.17,9.45332,132,105,126,5.137,52926.6,2.0423,0.2568,2006
ME,673,2.1222,251.694,10.10683,120,77,653,5.655,53420.1,2.2866,0.2568,2006
ME,674,2.1505,252.22,9.81547,107,104,138,5.76,52834.3,2.3448,0.2568,2006
ME,675,2.2614,252.747,10.24676,97,37,533,5.857,52565.9,2.237,0.2568,2006
ME,676,2.3155,253.275,11.01521,109,54,405,5.816,53638.3,2.1388,0.2568,2006
ME,677,2.3198,253.804,10.92497,128,94,693,5.05,51893.2,2.2625,0.2568,2006
ME,678,2.4911,254.334,11.12947,142,72,936,5.313,53083.2,2.3502,0.2568,2006
ME,679,2.4587,254.865,11.02553,148,86,907,4.463,53865.1,2.3921,0.2568,2006
ME,680,2.3825,255.398,10.68565,147,36,838,4.838,53975.3,2.4382,0.2568,2006
ME,681,2.3088,255.931,10.29391,140,190,807,5.095,53600.7,2.4501,0.2568,2006
ME,682,2.2698,256.466,10.23795,173,61,518,4.543,53128.0,2.4565,0.2568,2006
ME,683,2.2322,257.001,10.14271,148,157,518,4.937,52948.8,2.447,0.2568,2006
ME,684,2.4477,257.538,9.75615,119,77,356,4.573,54177.4,2.1762,0.2568,2006
ME,685,2.4237,258.076,9.96508,139,78,1011,5.356,52839.2,2.1669,0.2568,2006
ME,686,2.5476,258.615,10.60585,142,139,857,4.623,53605.5,2.1428,0.2568,2006
ME,687,2.5848,259.155,10.78429,127,95,637,4.755,53379.8,2.2148,0.2568,2006
ME,688,2.6211,259.697,10.56178,128,96,773,5.943,53611.8,2.1268,0.2568,2006
ME,689,2.6065,260.239,11.02122,124,295,704,4.518,54523.9,2.065,0.2568,2006
ME,690,2.7082,260.783,11.18653,130,100,749,5.684,54183.1,2.3451,0.2568,2006
ME,691,2.7494,261.327,11.06281,119,26,427,4.751,54868.4,2.3559,0.2568,2006
ME,692,2.6,261.873,10.59886,132,37,647,5.031,53813.8,2.4669,0.2568,2006
ME,693,2.5866,262.42,10.03396,157,71,642,4.639,54266.9,2.385,0.2568,2006
ME,694,2.516,262.968,10.03595,126,54,1010,4.699,53888.8,2.3813,0.2568,2006
ME,695,2.417,263.518,9.64577,138,35,273,5.459,54689.8,2.4272,0.2568,2006
ME,696,2.6574,264.068,9.44036,148,103,2029,5.325,54235.9,2.316,0.2568,2006
ME,697,2.7335,264.62,9.92591,122,73,328,5.982,55482.8,2.2506,0.2568,2006
ME,698,2.7538,265.172,10.48571,137,131,377,4.811,55860.5,2.0695,0.2568,2006
ME,699,2.8084,265.726,10.09567,107,22,993,5.657,53466.4,2.1046,0.2568,2006
ME,700,2.9363,266.281,10.45663,121,126,838,5.571,54903.2,2.2974,0.2568,2006
ME,701,3.0211,266.838,11.16277,131,91,716,4.563,56600.0,2.2755,0.2568,2006
ME,702,3.0218,267.395,11.12728,126,78,228,4.945,54344.1,2.3787,0.2568,2006
ME,703,2.9426,267.953,11.09699,152,109,635,4.596,55177.5,2.4639,0.2568,2006
ME,704,2.8902,268.513,10.87458,136,74,803,4.655,55436.3,2.4885,0.2568,2006
ME,705,2.7973,269.074,10.23445,148,52,831,4.534,55341.8,2.4588,0.2568,2006
ME,706,2.7884,269.636,9.84911,152,118,637,5.132,54493.9,2.4238,0.2568,2006
ME,707,2.7524,270.199,9.83274,131,59,1008,4.932,55984.7,2.4071,0.2568,2006
ME,708,2.5681,270.764,9.86387,134,58,258,5.047,55586.0,2.3827,0.2568,2006
ME,709,2.6146,271.329,9.88832,134,60,470,5.181,55863.0,2.1975,0.2568,2006
ME,710,2.7189,271.896,10.13376,128,82,963,4.945,55965.9,2.0816,0.2568,2006
ME,711,2.704,272.464,10.49703,134,176,429,5.543,56438.3,2.1979,0.2568,2006
ME,712,2.8189,273.033,10.656,123,89,445,5.652,54989.3,2.0222,0.2568,2006
ME,713,2.8991,273.603,11.00278,141,208,176,4.753,55327.9,2.17,0.2568,2006
ME,714,2.8664,274.175,11.29972,139,95,815,5.032,55895.3,2.1678,0.2568,2006
ME,715,2.8699,274.747,11.61224,148,112,201,4.718,56318.3,2.4496,0.2568,2006
ME,716,2.7703,275.321,10.9747,134,59,523,5.178,56295.9,2.3194,0.2568,2006
ME,717,2.6378,275.896,10.41948,155,155,318,4.772,55958.2,2.6102,0.2568,2006
ME,718,2.6593,276.473,10.28546,154,75,1781,4.532,55154.6,2.5003,0.2568,2006
ME,719,2.6581,277.05,10.04717,136,98,560,5.04,56902.3,2.4156,0.2568,2006
ME,720,2.1928,277.629,9.85873,150,67,799,9.864,57097.3,2.2729,0.2568,2006
ME,721,2.2481,278.209,10.12801,165,70,555,9.55,57277.0,2.1366,0.2568,2006
ME,722,2.2396,278.79,8.47432,121,54,635,9.8,56869.9,2.2362,0.2568,2006
ME,723,1.9539,279.372,7.19528,142,72,231,9.54,56987.2,2.0819,0.2568,2006
ME,724,1.9953,279.956,8.66334,134,12,662,9.858,58244.9,2.1098,0.2568,2006
ME,725,2.4075,280.54,9.79493,150,97,277,9.714,57152.0,2.1487,0.2568,2006
ME,726,2.5523,281.126,10.54045,137,127,553,9.532,57171.2,2.2584,0.2568,2006
ME,727,2.4805,281.714,11.62782,151,184,429,8.832,57217.8,2.2628,0.2568,2006
ME,728,2.359,282.302,11.29434,154,82,619,9.386,58502.4,2.4455,0.2568,2006
ME,729,2.2904,282.892,10.98778,148,84,962,9.002,58277.8,2.3675,0.2568,2006
ME,730,2.233,283.483,10.37856,151,145,406,9.316,57811.5,2.2808,0.2568,2006
ME,731,2.0956,284.075,10.46238,146,80,364,8.427,58035.2,2.2971,0.2568,2006
ME,732,3.0369,284.668,10.37641,124,81,1097,4.351,58542.5,2.2819,0.2568,2006
ME,733,3.0632,285.263,10.13208,121,131,650,4.905,58812.0,2.2919,0.2568,2006
ME,734,3.1409,285.859,10.49898,142,185,572,4.566,58662.7,2.1306,0.2568,2006
ME,735,3.1457,286.456,10.97511,108,60,570,5.303,57893.6,2.085,0.2568,2006
ME,736,3.289,287.054,11.1537,117,78,606,4.749,58106.4,2.2317,0.2568,2006
ME,737,3.3139,287.654,11.35436,120,115,157,5.301,57687.3,2.1927,0.2568,2006
ME,738,3.2743,288.254,11.80231,128,68,606,4.89,59278.4,2.2353,0.2568,2006
ME,739,3.2262,288.856,11.36437,142,108,1005,4.224,58458.3,2.359,0.2568,2006
ME,740,3.1996,289.46,11.05584,139,330,684,4.699,58514.9,2.4923,0.2568,2006
ME,741,3.1649,290.064,10.64792,125,88,305,4.842,58707.1,2.3712,0.2568,2006
ME,742,3.1616,290.67,10.43089,158,57,372,4.334,59226.6,2.4176,0.2568,2006
ME,743,3.1565,291.277,10.72636,130,78,930,4.599,58376.5,2.4649,0.2568,2006
ME,744,4.1665,291.886,10.18337,114,65,1996,4.762,59362.1,2.2583,0.2568,2006
ME,745,4.1296,292.496,9.98696,103,54,662,4.82,58899.5,2.1474,0.2568,2006
ME,746,4.202,293.106,10.13149,114,67,1109,5.825,58441.8,2.3084,0.2568,2006
ME,747,4.2167,293.719,10.23235,134,60,620,5.796,60620.7,2.1737,0.2568,2006
ME,748,4.7715,294.332,10.38417,94,79,389,5.54,59087.8,2.2272,0.2568,2006
ME,749,5.3343,294.947,10.78374,107,70,193,5.186,59283.3,2.2242,0.2568,2006
ME,750,4.3134,295.563,10.85942,111,38,394,4.948,59986.9,2.2445,0.2568,2006
ME,751,4.214,296.18,10.75559,135,109,517,5.262,58671.1,2.3354,0.2568,2006
ME,752,4.1461,296.799,10.96625,146,62,508,4.948,60371.6,2.422,0.2568,2006
ME,753,4.1388,297.419,10.35733,121,67,958,4.575,59235.2,2.4734,0.2568,2006
ME,754,4.1146,298.04,10.14135,132,143,1371,4.927,60456.2,2.4536,0.2568,2006
ME,755,4.0462,298.663,10.09836,135,76,520,4.298,60648.8,2.3048,0.2568,2006
ME,756,3.5882,299.287,9.88918,112,117,1184,4.563,60106.5,2.3701,0.2568,2006
ME,757,3.5869,299.912,10.16894,123,144,541,4.951,60412.2,2.0914,0.2568,2006
ME,758,3.6703,300.538,10.46266,141,94,100,4.838,60525.5,2.0767,0.2568,2006
ME,759,3.6858,301.166,10.95509,128,62,112,5.142,61360.2,2.0737,0.2568,2006
ME,760,3.694,301.795,11.61782,109,66,305,5.385,61056.6,2.2231,0.2568,2006
ME,761,3.7794,302.425,11.13141,115,39,478,5.2,60240.2,2.1568,0.2568,2006
ME,762,3.7717,303.057,11.47366,108,50,875,5.02,60255.7,2.1795,0.2568,2006
ME,763,3.7744,303.69,11.16739,136,145,730,5.008,60665.2,2.4137,0.2568,2006
ME,764,3.6714,304.324,11.06637,127,126,744,5.168,59938.9,2.432,0.2568,2006
ME,765,3.6176,304.96,10.99521,137,82,311,4.794,60296.3,2.5308,0.2568,2006
ME,766,3.5035,305.597,10.51757,143,175,555,5.381,62171.4,2.4486,0.2568,2006
ME,767,3.5575,306.235,10.77848,138,50,816,4.658,61362.0,2.2772,0.2568,2006
ME,768,3.3983,306.875,10.48602,135,66,248,4.768,61776.6,2.2314,0.2568,2006
ME,769,3.3626,307.516,10.69088,131,36,226,5.023,62130.2,2.2239,0.2568,2006
ME,770,3.4026,308.158,10.64481,90,29,278,5.035,61472.5,2.1112,0.2568,2006
ME,771,3.4791,308.802,11.14456,90,69,109,5.723,61930.3,2.0906,0.2568,2006
ME,772,3.5696,309.447,11.59972,122,33,844,4.535,62412.9,2.1985,0.2568,2006
ME,773,3.6904,310.093,11.55854,112,175,688,5.691,62015.0,2.2369,0.2568,2006
ME,774,3.6213,310.741,11.94452,149,67,364,5.027,60104.0,2.3777,0.2568,2006
ME,775,3.5672,311.39,11.87051,139,80,711,4.668,62252.0,2.4514,0.2568,2006
ME,776,3.5849,312.041,11.89201,129,80,702,5.248,61884.2,2.4617,0.2568,2006
ME,777,3.4927,312.692,11.25804,117,113,974,4.528,63342.4,2.6008,0.2568,2006
ME,778,3.4404,313.345,10.8436,138,121,201,4.929,62336.9,2.4748,0.2568,2006
ME,779,3.4069,314.0,10.70067,113,72,835,4.797,61121.5,2.365,0.2568,2006
MD,540,1.9033,190.7,4.59594,88,23,524,5.115,41318.8,2.3055,0.1451,2011
MD,541,1.9059,191.098,4.6384,72,56,699,4.515,42436.4,2.0248,0.1451,2011
MD,542,1.9476,191.497,4.62709,58,6,261,5.19,42033.3,2.2528,0.1451,2011
MD,543,2.0054,191.897,4.92133,79,47,261,5.048,43019.1,2.1842,0.1451,2011
MD,544,2.0745,192.298,5.13756,60,32,735,5.229,42790.6,2.1847,0.1451,2011
MD,545,2.0876,192.7,5.25938,76,39,375,5.904,43062.3,2.0542,0.1451,2011
MD,546,2.116,193.102,5.25406,68,99,323,6.069,42390.8,2.3133,0.1451,2011
MD,547,2.0956,193.506,5.3929,71,63,141,4.472,42835.7,2.3926,0.1451,2011
MD,548,2.0589,193.91,5.09063,71,32,101,5.23,42102.3,2.3518,0.1451,2011
MD,549,1.9537,194.315,5.12588,92,37,476,4.961,42809.4,2.5326,0.1451,2011
MD,550,1.905,194.721,5.00788,91,45,48,4.664,42950.5,2.5013,0.1451,2011
MD,551,1.8384,195.128,4.77624,71,29,493,5.272,42288.6,2.3909,0.1451,2011
MD,552,2.0866,195.535,4.58908,83,21,312,4.517,42614.5,2.1451,0.1451,2011
MD,553,2.1514,195.944,4.64584,68,29,43,4.694,42598.8,2.2647,0.1451,2011
MD,554,2.2231,196.353,4.84171,78,19,88,5.286,42281.6,2.2367,0.1451,2011
MD,555,2.2125,196.763,5.04762,64,47,264,5.621,43818.9,2.1188,0.1451,2011
MD,556,2.2739,197.174,5.10777,62,39,157,5.159,42988.9,2.1596,0.1451,2011
MD,557,2.2946,197.586,5.04786,94,79,525,5.391,43187.1,2.2663,0.1451,2011
MD,558,2.4364,197.999,5.14073,84,80,337,4.634,42740.6,2.2352,0.1451,2011
MD,559,2.3421,198.412,5.1908,67,34,75,5.892,44404.7,2.3409,0.1451,2011
MD,560,2.3124,198.827,5.02096,60,36,348,5.364,43565.1,2.5621,0.1451,2011
MD,561,2.2647,199.242,4.79772,83,33,196,5.362,43176.0,2.3582,0.1451,2011
MD,562,2.1631,199.658,4.70972,107,13,745,5.531,43194.0,2.4254,0.1451,2011
MD,563,2.128,200.075,4.78975,87,20,263,4.492,43883.0,2.2921,0.1451,2011
MD,564,2.2712,200.493,4.44809,76,17,571,5.006,42457.0,2.281,0.1451,2011
MD,565,2.3682,200.912,4.59321,64,24,85,4.423,44805.1,2.2102,0.1451,2011
MD,566,2.3998,201.331,4.73351,69,33,671,5.118,43890.3,2.1605,0.1451,2011
MD,567,2.4701,201.752,4.87063,69,25,169,5.456,44294.1,2.3044,0.1451,2011
MD,568,2.495,202.173,5.10986,82,46,197,4.869,42657.1,2.1799,0.1451,2011
MD,569,2.492,202.596,5.26962,80,16,373,5.524,43777.2,2.3271,0.1451,2011
MD,570,2.5556,203.019,5.33337,71,74,447,5.228,43735.8,2.35,0.1451,2011
MD,571,2.5658,203.443,5.03653,66,37,371,5.001,44669.1,2.3358,0.1451,2011
MD,572,2.4412,203.868,5.18658,72,65,766,4.896,44969.7,2.4187,0.1451,2011
MD,573,2.4286,204.294,5.00173,76,42,36,4.46,44142.8,2.3698,0.1451,2011
MD,574,2.3605,204.72,4.90936,74,82,304,4.924,43871.0,2.3991,0.1451,2011
MD,575,2.328,205.148,4.83747,72,62,236,4.824,44724.2,2.3196,0.1451,2011
MD,576,2.7169,205.576,4.5563,61,14,433,7.719,43720.5,2.6107,0.1451,2011
MD,577,2.74,206.006,4.46181,85,17,301,8.945,43312.7,2.1965,0.1451,2011
MD,578,2.8394,206.436,4.48435,61,21,15,7.47,43040.4,2.4591,0.1451,2011
MD,579,2.9204,206.867,4.67367,64,62,315,8.04,43299.5,2.4068,0.1451,2011
MD,580,2.9613,207.299,4.82265,84,14,312,8.616,43900.8,2.4131,0.1451,2011
MD,581,3.6535,207.732,4.93498,58,32,228,7.69,42996.5,2.4316,0.1451,2011
MD,582,3.6452,208.166,5.00147,70,36,494,7.015,43968.5,2.4282,0.1451,2011
MD,583,2.9341,208.601,4.89793,78,68,442,7.99,43178.4,2.5471,0.1451,2011
MD,584,2.8992,209.037,4.72809,96,23,406,7.528,43020.9,2.7231,0.1451,2011
MD,585,2.8125,209.474,4.72506,89,74,625,7.42,43381.9,2.6701,0.1451,2011
MD,586,1.8142,209.911,4.64954,94,22,190,7.773,43653.2,2.6897,0.1451,2011
MD,587,1.4691,210.35,4.75483,82,79,284,7.421,43036.2,2.5956,0.1451,2011
MD,588,1.9575,210.789,4.7073,82,33,307,8.517,43834.7,2.63,0.1451,2011
MD,589,1.9696,211.229,4.76243,86,101,209,8.051,44732.0,2.3706,0.1451,2011
MD,590,2.0129,211.67,4.74623,84,38,502,8.661,44028.0,2.4684,0.1451,2011
MD,591,2.0744,212.113,5.25154,69,19,318,8.716,45252.3,2.3946,0.1451,2011
MD,592,2.0923,212.556,5.10013,63,46,520,8.178,45076.5,2.4074,0.1451,2011
MD,593,2.1429,213.0,5.55183,83,49,137,7.592,44192.0,2.3865,0.1451,2011
MD,594,2.1605,213.444,5.4904,85,46,665,7.386,44887.9,2.5417,0.1451,2011
MD,595,2.0859,213.89,5.34937,63,47,333,7.344,45046.0,2.5047,0.1451,2011
MD,596,2.0743,214.337,5.37573,79,67,254,7.483,45033.3,2.5621,0.1451,2011
MD,597,2.0964,214.785,5.13598,100,72,185,8.061,45609.6,2.7247,0.1451,2011
MD,598,2.0162,215.233,5.08873,83,25,633,6.97,45049.7,2.6598,0.1451,2011
MD,599,1.9624,215.683,4.85299,71,95,316,7.728,45807.9,2.6573,0.1451,2011
MD,600,2.3372,216.133,4.95792,69,27,384,7.394,45618.9,2.5223,0.1451,2011
MD,601,2.3773,216.585,4.73441,75,54,194,7.943,45691.9,2.3828,0.1451,2011
MD,602,2.4909,217.037,5.08165,62,19,469,8.592,45161.9,2.3794,0.1451,2011
MD,603,2.5503,217.491,4.97319,67,20,252,7.251,45324.2,2.4171,0.1451,2011
MD,604,2.5694,217.945,5.09426,86,50,243,7.786,44877.5,2.416,0.1451,2011
MD,605,2.6111,218.4,5.40612,66,24,519,7.225,45576.5,2.3932,0.1451,2011
MD,606,2.5685,218.856,5.49682,82,58,580,8.206,46235.9,2.6188,0.1451,2011
MD,607,2.4696,219.313,5.56482,78,70,815,7.319,45360.1,2.5766,0.1451,2011
MD,608,2.4566,219.772,5.11453,75,60,359,7.577,46376.6,2.6892,0.1451,2011
MD,609,2.4366,220.231,5.06029,78,17,361,7.979,45833.5,2.5963,0.1451,2011
MD,610,2.3553,220.691,4.82785,75,36,740,7.666,44946.1,2.6343,0.1451,2011
MD,611,2.3592,221.152,4.86538,73,42,271,7.672,45400.7,2.6176,0.1451,2011
MD,612,3.0248,221.614,4.87235,72,56,167,5.864,47084.0,2.1397,0.1451,2011
MD,613,3.0251,222.076,4.86928,61,44,242,5.71,47528.8,2.2614,0.1451,2011
MD,614,2.9827,222.54,4.9443,75,43,10,6.002,48907.2,2.2699,0.1451,2011
MD,615,3.0263,223.005,5.22219,76,8,25,5.005,48094.1,2.1422,0.1451,2011
MD,616,3.1063,223.471,5.29528,76,77,229,5.684,47442.4,2.1828,0.1451,2011
MD,617,3.2113,223.938,5.32852,70,40,108,5.406,48713.8,2.196,0.1451,2011
MD,618,3.2662,224.405,5.609,66,34,420,4.603,48036.6,2.3199,0.1451,2011
MD,619,3.1646,224.874,5.59959,75,47,193,4.862,48342.1,2.3304,0.1451,2011
MD,620,3.1488,225.344,5.28634,71,83,766,4.708,47887.7,2.4183,0.1451,2011
MD,621,3.076,225.815,5.25619,81,9,367,4.152,48570.1,2.3535,0.1451,2011
MD,622,2.988,226.286,4.97086,71,40,381,4.895,46994.4,2.338,0.1451,2011
MD,623,2.9088,226.759,4.89363,67,26,575,4.876,48272.6,2.4773,0.1451,2011
MD,624,2.9546,227.233,4.91859,91,41,295,5.32,48700.6,2.3055,0.1451,2011
MD,625,3.046,227.707,4.89998,73,26,400,5.048,48378.4,2.1849,0.1451,2011
MD,626,3.1145,228.183,4.87969,64,31,156,5.553,47734.4,2.1443,0.1451,2011
MD,627,3.133,228.659,5.21398,67,45,341,5.07,48635.8,2.1514,0.1451,2011
MD,628,3.2753,229.137,5.1408,73,37,183,4.964,49019.3,2.0937,0.1451,2011
MD,629,3.3149,229.616,5.4793,60,93,542,4.925,48870.5,2.3005,0.1451,2011
MD,630,3.3532,230.095,5.51682,77,13,84,5.072,48853.9,2.3131,0.1451,2011
MD,631,3.323,230.576,5.53762,82,67,206,5.002,48837.9,2.4849,0.1451,2011
MD,632,3.2918,231.057,5.23999,89,39,183,5.214,48990.6,2.4019,0.1451,2011
MD,633,3.1809,231.54,5.03892,94,48,403,5.113,48876.6,2.5363,0.1451,2011
MD,634,3.1025,232.024,5.10041,77,17,758,4.438,48859.9,2.5832,0.1451,2011
MD,635,3.0558,232.508,4.83419,69,26,416,5.308,48676.1,2.2846,0.1451,2011
MD,636,2.922,232.994,4.74347,78,67,88,4.777,48849.2,2.3482,0.1451,2011
MD,637,2.9978,233.481,4.79569,63,51,432,5.714,49057.5,2.14,0.1451,2011
MD,638,3.0686,233.968,5.0079,47,23,135,5.516,49079.4,2.2853,0.1451,2011
MD,639,3.099,234.457,5.30437,64,45,374,4.343,49988.5,2.206,0.1451,2011
MD,640,3.1878,234.947,5.55817,49,57,302,5.438,49927.5,2.175,0.1451,2011
MD,641,3.2104,235.438,5.69631,77,43,76,4.781,49704.8,2.3536,0.1451,2011
MD,642,3.1891,235.929,5.57064,84,53,320,4.726,49966.8,2.202,0.1451,2011
MD,643,3.2052,236.422,5.76878,65,50,192,4.727,49191.0,2.2755,0.1451,2011
MD,644,3.2143,236.916,5.44608,72,71,592,5.004,49023.4,2.4325,0.1451,2011
MD,645,3.1224,237.411,5.38154,79,108,252,4.097,49706.8,2.4479,0.1451,2011
MD,646,3.0383,237.907,5.16692,74,23,115,4.912,50433.0,2.4934,0.1451,2011
MD,647,2.9932,238.404,5.1583,71,59,347,4.403,49970.4,2.3671,0.1451,2011
MD,648,2.782,238.902,5.03604,73,43,200,5.265,50973.6,2.3194,0.1451,2011
MD,649,2.8382,239.401,5.12325,67,11,94,4.954,50498.5,2.1868,0.1451,2011
MD,650,2.8926,239.901,5.25233,68,22,163,5.453,50688.3,1.9477,0.1451,2011
MD,651,2.9044,240.402,5.43003,65,56,382,5.274,50859.6,2.1271,0.1451,2011
MD,652,2.9688,240.904,5.7056,47,59,82,5.164,50782.4,2.126,0.1451,2011
MD,653,3.2736,241.407,5.69404,76,31,278,4.227,49824.0,2.1689,0.1451,2011
MD,654,3.1187,241.911,5.68073,80,21,641,5.141,51058.4,2.2435,0.1451,2011
MD,655,3.0215,242.417,6.02132,77,10,212,4.972,51597.8,2.473,0.1451,2011
MD,656,2.9428,242.923,5.5126,76,128,525,4.452,51837.2,2.4432,0.1451,2011
MD,657,2.8807,243.43,5.62778,73,75,415,4.155,50897.0,2.5132,0.1451,2011
MD,658,2.8647,243.939,5.26738,80,57,653,4.991,50751.6,2.5587,0.1451,2011
MD,659,2.8955,244.448,4.98821,95,69,347,4.994,50856.1,2.3654,0.1451,2011
MD,660,1.8809,244.959,5.25131,83,20,36,5.679,51284.8,2.2458,0.1451,2011
MD,661,2.092,245.471,5.21428,74,9,216,5.886,51653.9,2.1962,0.1451,2011
MD,662,2.0359,245.983,5.74182,70,58,288,6.253,51715.9,2.0742,0.1451,2011
MD,663,2.1371,246.497,5.70986,81,16,17,4.987,51629.6,2.1379,0.1451,2011
MD,664,2.198,247.012,6.03954,79,78,130,5.014,51513.1,2.1075,0.1451,2011
MD,665,2.2013,247.528,6.1493,72,22,1096,4.873,51665.9,2.2771,0.1451,2011
MD,666,2.2499,248.045,6.11472,76,92,120,5.342,52306.7,2.3959,0.1451,2011
MD,667,2.2496,248.563,6.11306,81,99,90,6.059,52281.8,2.3009,0.1451,2011
MD,668,2.1676,249.082,6.1485,79,75,624,4.687,52165.2,2.3785,0.1451,2011
MD,669,2.1483,249.603,5.77713,77,35,2111,5.001,51936.3,2.4177,0.1451,2011
MD,670,2.0932,250.124,6.01725,80,41,190,4.197,52419.1,2.4969,0.1451,2011
MD,671,2.058,250.646,5.6222,77,32,444,5.314,52236.9,2.3104,0.1451,2011
MD,672,1.8145,251.17,5.69376,65,72,372,4.623,52654.3,2.2788,0.1451,2011
MD,673,1.7719,251.694,5.7784,65,56,307,4.881,52022.6,2.2972,0.1451,2011
MD,674,1.8252,252.22,5.8354,74,38,377,5.39,52950.7,2.1877,0.1451,2011
MD,675,1.8199,252.747,6.13692,82,31,429,6.117,52489.3,2.187,0.1451,2011
MD,676,1.9197,253.275,6.42943,79,66,1287,5.528,52775.0,2.0542,0.1451,2011
MD,677,1.9848,253.804,6.79024,65,82,449,4.984,53317.5,2.3246,0.1451,2011
MD,678,1.9444,254.334,6.57121,70,15,421,4.517,53349.5,2.1985,0.1451,2011
MD,679,1.9611,254.865,6.5725,88,26,420,5.342,52788.5,2.4687,0.1451,2011
MD,680,1.9226,255.398,6.49924,101,53,332,4.491,52425.8,2.4114,0.1451,2011
MD,681,1.8343,255.931,6.29299,76,66,241,4.53,53449.0,2.4646,0.1451,2011
MD,682,1.8247,256.466,6.07334,85,79,655,4.341,52878.3,2.51,0.1451,2011
MD,683,1.7795,257.001,5.93656,84,58,884,4.705,53331.6,2.404,0.1451,2011
MD,684,2.0609,257.538,6.05818,68,60,477,4.871,54712.3,2.3169,0.1451,2011
MD,685,2.1119,258.076,5.78084,82,30,339,4.733,53254.6,2.2777,0.1451,2011
MD,686,2.0935,258.615,5.98351,68,66,160,5.587,52649.3,2.23,0.1451,2011
MD,687,2.1055,259.155,6.0972,85,38,246,5.079,52525.3,2.1569,0.1451,2011
MD,688,2.2025,259.697,6.32093,85,8,301,5.888,53165.8,2.1808,0.1451,2011
MD,689,2.2847,260.239,6.28962,68,69,250,5.245,54172.9,2.2367,0.1451,2011
MD,690,2.1939,260.783,6.6701,91,20,380,5.386,55342.6,2.3353,0.1451,2011
MD,691,2.1934,261.327,6.68149,84,58,430,5.309,54382.8,2.4309,0.1451,2011
MD,692,2.2399,261.873,6.53247,78,91,255,4.024,53273.8,2.2777,0.1451,2011
MD,693,2.0854,262.42,6.19907,100,53,237,4.448,54075.6,2.5127,0.1451,2011
MD,694,2.0075,262.968,6.09156,83,77,136,5.181,53779.3,2.5068,0.1451,2011
MD,695,2.0394,263.518,6.13076,76,78,363,5.289,55522.5,2.1538,0.1451,2011
MD,696,2.2679,264.068,5.84811,80,63,700,5.304,53718.0,2.1808,0.1451,2011
MD,697,2.2412,264.62,5.86359,89,38,198,4.504,53232.0,2.2865,0.1451,2011
MD,698,2.3816,265.172,6.06309,81,39,302,5.208,54412.9,2.2897,0.1451,2011
MD,699,2.3915,265.726,6.27869,75,56,460,5.955,55922.2,2.247,0.1451,2011
MD,700,2.5107,266.281,6.34639,55,47,77,5.915,55877.5,1.8939,0.1451,2011
MD,701,2.5093,266.838,6.63016,67,80,374,5.74,54680.2,2.2426,0.1451,2011
MD,702,2.4873,267.395,6.52622,74,25,108,5.882,54904.3,2.2137,0.1451,2011
MD,703,2.4523,267.953,6.70702,70,55,382,4.888,55541.2,2.4111,0.1451,2011
MD,704,2.3919,268.513,6.45557,77,65,386,4.286,54491.2,2.5769,0.1451,2011
MD,705,2.3742,269.074,5.97459,71,25,427,4.68,55353.9,2.44,0.1451,2011
MD,706,2.2694,269.636,6.0275,58,12,495,5.344,56893.6,2.4381,0.1451,2011
MD,707,2.2366,270.199,5.77934,67,38,87,4.444,55288.6,2.3336,0.1451,2011
MD,708,2.1241,270.764,5.76158,67,63,251,5.31,55131.5,2.325,0.1451,2011
MD,709,2.1811,271.329,5.81802,70,38,306,5.161,55592.6,2.3025,0.1451,2011
MD,710,2.2148,271.896,5.9697,58,32,346,4.794,54814.6,2.1036,0.1451,2011
MD,711,2.2585,272.464,6.42344,72,51,172,5.935,55854.4,2.1085,0.1451,2011
MD,712,2.2568,273.033,6.45535,66,120,79,5.414,55485.8,2.1987,0.1451,2011
MD,713,2.3591,273.603,6.77711,62,54,765,5.379,55925.3,2.1955,0.1451,2011
MD,714,2.4122,274.175,6.50104,75,36,99,5.784,55509.7,2.4489,0.1451,2011
MD,715,2.3451,274.747,6.71775,80,112,395,4.979,56649.2,2.3603,0.1451,2011
MD,716,2.281,275.321,6.7043,82,70,1151,4.121,56661.7,2.4123,0.1451,2011
MD,717,2.2912,275.896,6.39707,76,57,759,5.32,55899.9,2.5263,0.1451,2011
MD,718,2.2189,276.473,6.09222,81,39,284,5.622,56103.2,2.4149,0.1451,2011
MD,719,2.1729,277.05,5.94938,64,14,428,4.755,56257.9,2.3049,0.1451,2011
MD,720,1.7672,277.629,5.72497,89,35,869,9.373,55712.8,2.3136,0.1451,2011
MD,721,1.833,278.209,6.01975,77,47,298,10.18,57523.4,2.2323,0.1451,2011
MD,722,1.8788,278.79,4.94036,71,57,98,10.434,56373.6,2.2223,0.1451,2011
MD,723,1.6187,279.372,4.30888,67,38,83,10.076,57421.0,2.0177,0.1451,2011
MD,724,1.6815,279.956,5.12339,87,36,180,9.431,56369.7,2.224,0.1451,2011
MD,725,2.0014,280.54,6.0019,87,38,133,9.467,56126.3,2.2766,0.1451,2011
MD,726,2.0014,281.126,6.15838,79,90,701,9.566,57103.7,2.1185,0.1451,2011
MD,727,2.0137,281.714,6.77101,90,85,147,9.994,57427.7,2.5441,0.1451,2011
MD,728,1.9402,282.302,6.74027,90,93,306,8.919,57580.3,2.2627,0.1451,2011
MD,729,1.8387,282.892,6.447,92,65,233,9.01,57401.4,2.5178,0.1451,2011
MD,730,1.7695,283.483,6.2962,77,19,56,8.889,58397.1,2.394,0.1451,2011
MD,731,1.7378,284.075,6.15989,91,123,410,9.664,58804.8,2.3313,0.1451,2011
MD,732,2.4482,284.668,6.36156,81,6,307,5.075,57207.9,2.2761,0.1451,2011
MD,733,2.4468,285.263,6.07193,80,66,257,5.053,57670.9,2.1749,0.1451,2011
MD,734,2.5359,285.859,6.21291,72,67,93,4.665,59059.4,2.2516,0.1451,2011
MD,735,2.6055,286.456,6.77609,72,36,96,5.479,59157.1,2.1106,0.1451,2011
MD,736,2.6788,287.054,6.75892,75,48,217,5.185,59429.3,2.1927,0.1451,2011
MD,737,2.7496,287.654,6.72781,91,29,548,5.19,57287.1,2.0987,0.1451,2011
MD,738,2.7601,288.254,6.90314,79,29,405,5.595,59339.1,2.3543,0.1451,2011
MD,739,2.7294,288.856,6.75682,87,43,627,4.898,58525.5,2.2221,0.1451,2011
MD,740,2.7114,289.46,6.56309,54,62,485,4.843,58523.9,2.4463,0.1451,2011
MD,741,2.5684,290.064,6.30392,67,60,313,5.208,58034.3,2.4854,0.1451,2011
MD,742,2.5562,290.67,6.3944,72,81,202,3.861,59428.5,2.2786,0.1451,2011
MD,743,2.5659,291.277,6.06065,67,61,382,4.56,57590.7,2.4152,0.1451,2011
MD,744,3.3722,291.886,6.01574,68,104,349,4.643,59132.8,2.2735,0.1451,2011
MD,745,3.367,292.496,5.72059,78,39,312,5.404,58008.2,2.2628,0.1451,2011
MD,746,3.375,293.106,6.15013,66,70,373,5.153,59606.7,2.1217,0.1451,2011
MD,747,3.459,293.719,6.22424,57,46,160,5.185,58465.3,2.2642,0.1451,2011
MD,748,3.9434,294.332,6.20843,72,37,209,5.19,59393.7,2.2197,0.1451,2011
MD,749,4.4451,294.947,6.38809,59,13,536,4.588,59108.9,2.2146,0.1451,2011
MD,750,3.6308,295.563,6.37289,68,100,222,5.579,57774.4,2.2806,0.1451,2011
MD,751,3.5823,296.18,6.38722,83,60,253,5.393,59065.4,2.2886,0.1451,2011
MD,752,3.6039,296.799,6.26352,80,55,185,3.893,60514.3,2.6269,0.1451,2011
MD,753,3.4552,297.419,6.05553,84,100,593,4.941,60146.1,2.3434,0.1451,2011
MD,754,3.4116,298.04,5.99326,99,18,385,4.815,60498.0,2.3164,0.1451,2011
MD,755,3.3535,298.663,5.68655,75,106,498,4.931,59933.3,2.3546,0.1451,2011
MD,756,2.9749,299.287,5.83254,77,40,512,4.748,60873.7,2.3187,0.1451,2011
MD,757,2.9917,299.912,6.12477,69,107,115,4.594,60602.7,2.1739,0.1451,2011
MD,758,3.0759,300.538,6.28104,67,47,273,5.439,60533.7,2.2552,0.1451,2011
MD,759,3.0982,301.166,6.4114,74,59,153,4.484,59137.2,2.2837,0.1451,2011
MD,760,3.155,301.795,6.74491,65,71,281,5.249,60537.9,2.2103,0.1451,2011
MD,761,3.1624,302.425,6.81769,78,64,455,5.032,60045.8,2.2591,0.1451,2011
MD,762,3.1764,303.057,6.96914,75,91,303,4.341,59712.8,2.4012,0.1451,2011
MD,763,3.1805,303.69,6.56284,65,42,240,4.929,60806.2,2.4314,0.1451,2011
MD,764,3.0843,304.324,6.74594,78,63,883,4.112,59972.8,2.4362,0.1451,2011
MD,765,3.1312,304.96,6.56418,79,47,518,4.519,60524.4,2.4545,0.1451,2011
MD,766,3.0682,305.597,6.39148,75,65,838,5.223,61167.7,2.3871,0.1451,2011
MD,767,2.9628,306.235,6.11733,86,61,478,4.752,62860.5,2.5162,0.1451,2011
MD,768,2.811,306.875,6.09224,70,32,498,4.687,60768.1,2.3087,0.1451,2011
MD,769,2.8623,307.516,6.40399,70,31,699,5.34,62744.8,2.2846,0.1451,2011
MD,770,2.8453,308.158,6.35325,55,33,158,5.461,62285.5,2.1435,0.1451,2011
MD,771,2.9257,308.802,6.52205,65,28,598,5.281,61010.4,2.14,0.1451,2011
MD,772,2.9369,309.447,6.93839,61,25,137,5.52,60231.1,2.3016,0.1451,2011
MD,773,2.9878,310.093,7.0287,63,116,224,5.803,62759.2,2.1109,0.1451,2011
MD,774,3.0756,310.741,7.16735,78,138,373,5.712,61691.2,2.3162,0.1451,2011
MD,775,3.0541,311.39,6.86429,90,19,484,4.712,61945.5,2.5002,0.1451,2011
MD,776,2.9048,312.041,6.86595,88,57,715,4.912,62078.5,2.37,0.1451,2011
MD,777,2.8488,312.692,6.8034,85,79,284,4.739,62764.9,2.4008,0.1451,2011
MD,778,2.8139,313.345,6.70163,78,51,695,5.137,63068.0,2.4829,0.1451,2011
MD,779,2.7605,314.0,6.21569,88,81,581,4.357,62317.6,2.2392,0.1451,2011
MA,540,2.033,190.7,2.38143,37,14,230,4.642,42036.7,2.363,0.6091,2010
MA,541,2.0839,191.098,2.37341,21,8,271,5.113,41354.2,2.1978,0.6091,2010
MA,542,2.1589,191.497,2.37948,27,23,44,5.13,42083.2,2.1808,0.6091,2010
MA,543,2.1373,191.897,2.53232,37,51,601,4.738,42251.4,2.2426,0.6091,2010
MA,544,2.1925,192.298,2.61981,38,14,90,5.219,42097.2,2.2148,0.6091,2010
MA,545,2.2601,192.7,2.73638,30,14,245,4.31,42890.7,2.2414,0.6091,2010
MA,546,2.2845,193.102,2.72997,35,9,198,4.569,42282.1,2.302,0.6091,2010
MA,547,2.2731,193.506,2.71072,37,29,130,4.802,42439.9,2.3571,0.6091,2010
MA,548,2.1972,193.91,2.69384,36,43,194,4.435,43223.9,2.5605,0.6091,2010
MA,549,2.0967,194.315,2.46624,41,10,266,5.434,42263.3,2.3471,0.6091,2010
MA,550,2.064,194.721,2.43671,43,27,417,5.65,42173.7,2.2875,0.6091,2010
MA,551,2.0719,195.128,2.48045,47,28,273,3.853,43217.4,2.242,0.6091,2010
MA,552,2.3407,195.535,2.39224,29,7,87,5.456,43260.0,2.3264,0.6091,2010
MA,553,2.3281,195.944,2.44613,39,49,260,4.534,43074.6,2.2091,0.6091,2010
MA,554,2.3489,196.353,2.45858,35,25,123,6.322,42886.8,2.258,0.6091,2010
MA,555,2.4308,196.763,2.54097,40,20,95,4.979,42959.6,2.1039,0.6091,2010
MA,556,2.4479,197.174,2.67773,31,32,42,4.931,43372.6,2.1732,0.6091,2010
MA,557,2.5391,197.586,2.66673,34,34,97,5.712,42747.1,2.207,0.6091,2010
MA,558,2.4996,197.999,2.72021,42,14,114,5.014,43235.8,2.3446,0.6091,2010
MA,559,2.5505,198.412,2.64614,44,15,240,5.69,43482.7,2.4318,0.6091,2010
MA,560,2.4898,198.827,2.44003,35,23,144,4.893,43046.5,2.5271,0.6091,2010
MA,561,2.4348,199.242,2.57536,40,23,149,4.31,42867.4,2.3909,0.6091,2010
MA,562,2.3577,199.658,2.53366,47,11,199,3.862,44309.2,2.5046,0.6091,2010
MA,563,2.3069,200.075,2.4079,39,32,107,5.142,43124.3,2.5327,0.6091,2010
MA,564,2.4695,200.493,2.34263,41,24,293,5.09,43005.9,2.283,0.6091,2010
MA,565,2.4869,200.912,2.4205,24,17,103,5.87,44543.6,2.0634,0.6091,2010
MA,566,2.5141,201.331,2.56251,34,23,178,5.593,44171.0,2.153,0.6091,2010
MA,567,2.5802,201.752,2.5269,33,21,127,5.046,44034.7,2.1498,0.6091,2010
MA,568,2.629,202.173,2.63205,29,10,142,5.329,44286.8,2.1883,0.6091,2010
MA,569,2.6942,202.596,2.76302,39,40,90,5.29,44108.3,2.2386,0.6091,2010
MA,570,2.6654,203.019,2.77895,38,21,87,4.81,43936.8,2.3578,0.6091,2010
MA,571,2.6553,203.443,2.73042,33,22,146,5.065,44103.0,2.2805,0.6091,2010
MA,572,2.5814,203.868,2.60664,43,19,55,5.183,44785.9,2.2011,0.6091,2010
MA,573,2.6503,204.294,2.58824,39,49,204,4.569,44588.8,2.4614,0.6091,2010
MA,574,2.6096,204.72,2.40067,52,12,274,5.242,44900.0,2.4033,0.6091,2010
MA,575,2.5471,205.148,2.41817,53,17,78,4.954,44607.1,2.4224,0.6091,2010
MA,576,3.0642,205.576,2.17517,46,37,156,8.459,42765.6,2.3422,0.6091,2010
MA,577,3.0169,206.006,2.36981,27,4,81,8.056,43616.6,2.4423,0.6091,2010
MA,578,3.0379,206.436,2.29108,30,39,188,8.598,43407.4,2.2686,0.6091,2010
MA,579,3.0656,206.867,2.43385,40,24,135,7.804,42783.5,2.3536,0.6091,2010
MA,580,3.1016,207.299,2.46627,33,15,80,8.087,43018.7,2.3265,0.6091,2010
MA,581,3.7284,207.732,2.47385,32,18,56,8.284,44056.4,2.4207,0.6091,2010
MA,582,3.8389,208.166,2.44074,32,26,46,8.004,43550.4,2.5535,0.6091,2010
MA,583,3.171,208.601,2.60569,42,12,89,7.773,44243.4,2.5065,0.6091,2010
MA,584,3.1478,209.037,2.44522,51,22,137,7.209,43453.4,2.7603,0.6091,2010
MA,585,3.0325,209.474,2.41153,38,36,138,7.139,44055.3,2.7186,0.6091,2010
MA,586,2.0233,209.911,2.36981,49,13,310,7.349,43950.4,2.7174,0.6091,2010
MA,587,1.6121,210.35,2.45885,40,22,328,7.259,44539.8,2.5139,0.6091,2010
MA,588,2.0292,210.789,2.41095,39,23,101,8.081,44484.5,2.6147,0.6091,2010
MA,589,2.0745,211.229,2.42246,38,32,55,7.515,44431.9,2.3575,0.6091,2010
MA,590,2.1135,211.67,2.55243,37,37,122,8.499,44042.6,2.2687,0.6091,2010
MA,591,2.1968,212.113,2.62338,34,17,202,7.171,43946.8,2.1611,0.6091,2010
MA,592,2.252,212.556,2.73682,40,28,270,8.28,44393.2,2.2492,0.6091,2010
MA,593,2.3432,213.0,2.78389,49,16,342,7.755,43773.7,2.5055,0.6091,2010
MA,594,2.3276,213.444,2.88747,46,26,206,7.858,45547.6,2.5148,0.6091,2010
MA,595,2.2756,213.89,2.73178,49,20,121,7.337,44429.4,2.5999,0.6091,2010
MA,596,2.2586,214.337,2.68501,43,27,297,7.632,44540.5,2.483,0.6091,2010
MA,597,2.2362,214.785,2.56621,38,34,303,7.917,44765.1,2.5736,0.6091,2010
MA,598,2.1536,215.233,2.55655,31,14,382,8.342,45079.0,2.6793,0.6091,2010
MA,599,2.1316,215.683,2.53825,55,23,54,6.574,44413.7,2.4585,0.6091,2010
MA,600,2.52,216.133,2.51865,35,27,192,8.246,46198.9,2.3855,0.6091,2010
MA,601,2.4866,216.585,2.49599,34,26,156,8.206,46306.8,2.4427,0.6091,2010
MA,602,2.5295,217.037,2.48954,39,17,335,8.332,45418.9,2.3942,0.6091,2010
MA,603,2.5496,217.491,2.5748,30,20,130,8.023,44630.9,2.3697,0.6091,2010
MA,604,2.6055,217.945,2.70016,47,32,69,7.716,44910.6,2.4733,0.6091,2010
MA,605,2.6849,218.4,2.78306,37,12,174,7.393,45157.7,2.5352,0.6091,2010
MA,606,2.7352,218.856,2.75187,42,30,54,7.673,45899.5,2.5912,0.6091,2010
MA,607,2.6146,219.313,2.75519,42,13,54,7.744,46075.9,2.566,0.6091,2010
MA,608,2.5977,219.772,2.72701,32,22,235,7.583,46114.5,2.7955,0.6091,2010
MA,609,2.6186,220.231,2.57297,34,36,163,7.786,45671.9,2.774,0.6091,2010
MA,610,2.54,220.691,2.43849,32,53,129,7.888,45816.6,2.6504,0.6091,2010
MA,611,2.5091,221.152,2.51368,49,36,191,7.974,46080.2,2.6226,0.6091,2010
MA,612,3.2122,221.614,2.58321,44,32,230,5.815,46948.5,2.3241,0.6091,2010
MA,613,3.2647,222.076,2.46416,43,8,123,5.224,47307.1,2.2922,0.6091,2010
MA,614,3.2719,222.54,2.62699,33,40,152,3.956,48520.0,2.123,0.6091,2010
MA,615,3.2248,223.005,2.61256,34,6,119,5.141,47568.0,2.2381,0.6091,2010
MA,616,3.3251,223.471,2.74808,38,4,77,4.949,47767.6,2.0807,0.6091,2010
MA,617,3.4302,223.938,2.5845,33,14,111,5.183,47392.3,2.3076,0.6091,2010
MA,618,3.4206,224.405,2.85611,37,23,204,5.609,48792.6,2.3828,0.6091,2010
MA,619,3.3452,224.874,2.8703,35,4,420,4.26,47803.6,2.3574,0.6091,2010
MA,620,3.281,225.344,2.69743,33,34,158,3.563,47677.0,2.4185,0.6091,2010
MA,621,3.2341,225.815,2.6651,37,13,307,4.177,47442.7,2.4284,0.6091,2010
MA,622,3.1893,226.286,2.55261,39,11,326,5.36,47826.8,2.49,0.6091,2010
MA,623,3.1466,226.759,2.53533,41,31,178,5.207,48250.1,2.3596,0.6091,2010
MA,624,3.2122,227.233,2.54126,48,60,102,4.923,48288.8,2.3312,0.6091,2010
MA,625,3.2754,227.707,2.50717,32,17,165,4.635,47919.2,2.2749,0.6091,2010
MA,626,3.2989,228.183,2.66226,29,16,336,5.078,48497.5,2.3108,0.6091,2010
MA,627,3.4051,228.659,2.653,30,21,27,5.254,49304.7,2.2193,0.6091,2010
MA,628,3.5523,229.137,2.72171,35,37,105,6.117,48073.9,2.0799,0.6091,2010
MA,629,3.5824,229.616,2.74598,30,8,310,5.032,48280.4,2.1328,0.6091,2010
MA,630,3.577,230.095,2.85862,36,12,141,5.241,48205.3,2.2112,0.6091,2010
MA,631,3.5326,230.576,2.73748,27,46,177,4.766,49043.9,2.3927,0.6091,2010
MA,632,3.4396,231.057,2.78225,38,38,279,4.543,48892.2,2.3641,0.6091,2010
MA,633,3.475,231.54,2.7017,34,38,139,4.875,49536.1,2.4239,0.6091,2010
MA,634,3.4271,232.024,2.52073,38,29,289,5.409,48950.1,2.4915,0.6091,2010
MA,635,3.3741,232.508,2.52223,38,8,38,5.036,49508.0,2.3104,0.6091,2010
MA,636,3.2973,232.994,2.5167,40,17,210,5.484,49643.8,2.2075,0.6091,2010
MA,637,3.3307,233.481,2.57856,29,20,248,5.624,49993.0,2.1595,0.6091,2010
MA,638,3.2604,233.968,2.53291,28,29,138,5.398,49687.9,2.0404,0.6091,2010
MA,639,3.2592,234.457,2.77159,36,17,77,4.56,49984.8,2.1948,0.6091,2010
MA,640,3.3484,234.947,2.77204,38,14,325,5.472,50170.3,2.2873,0.6091,2010
MA,641,3.3817,235.438,3.01967,38,46,31,4.949,49533.0,2.2132,0.6091,2010
MA,642,3.4561,235.929,2.86107,41,9,114,4.835,50145.3,2.3817,0.6091,2010
MA,643,3.394,236.422,2.9573,43,17,65,5.381,50389.6,2.282,0.6091,2010
MA,644,3.3077,236.916,2.83303,47,13,209,4.859,49892.0,2.4318,0.6091,2010
MA,645,3.193,237.411,2.82765,39,27,341,4.621,49538.3,2.4742,0.6091,2010
MA,646,3.1375,237.907,2.62293,43,9,125,5.214,50359.2,2.5013,0.6091,2010
MA,647,3.1211,238.404,2.63071,50,21,106,5.053,50797.8,2.3956,0.6091,2010
MA,648,3.0379,238.902,2.603,36,14,144,5.051,50068.6,2.2129,0.6091,2010
MA,649,2.9935,239.401,2.5863,40,30,78,3.993,50668.6,2.2298,0.6091,2010
MA,650,3.09,239.901,2.72828,42,29,168,5.527,49825.9,1.9403,0.6091,2010
MA,651,3.1523,240.402,2.78882,21,31,52,5.076,50491.3,2.0561,0.6091,2010
MA,652,3.2202,240.904,2.81499,32,23,39,4.901,51353.3,2.2006,0.6091,2010
MA,653,3.4219,241.407,2.87398,35,43,55,5.368,50014.5,2.2149,0.6091,2010
MA,654,3.2716,241.911,3.06511,32,35,78,5.326,50915.4,2.274,0.6091,2010
MA,655,3.2897,242.417,3.03535,49,17,110,4.486,50193.5,2.2738,0.6091,2010
MA,656,3.1742,242.923,2.93437,36,19,478,4.644,50878.2,2.4453,0.6091,2010
MA,657,3.073,243.43,2.78146,38,15,159,4.073,50888.4,2.4209,0.6091,2010
MA,658,3.0741,243.939,2.72626,40,23,210,4.394,51602.7,2.3569,0.6091,2010
MA,659,2.9677,244.448,2.66568,40,29,138,4.64,51080.0,2.4148,0.6091,2010
MA,660,1.9308,244.959,2.71078,46,29,280,5.351,51505.3,2.2422,0.6091,2010
MA,661,2.1537,245.471,2.80949,35,21,93,5.468,51401.7,2.2347,0.6091,2010
MA,662,2.2795,245.983,2.93148,36,10,174,4.984,52719.4,2.1817,0.6091,2010
MA,663,2.3403,246.497,3.08255,30,29,59,5.785,51487.7,2.1258,0.6091,2010
MA,664,2.3777,247.012,3.17515,35,8,240,5.223,53041.3,2.1607,0.6091,2010
MA,665,2.3813,247.528,3.15876,47,29,390,5.134,51999.3,2.1859,0.6091,2010
MA,666,2.4258,248.045,3.28681,37,29,123,5.005,51178.2,2.3453,0.6091,2010
MA,667,2.3608,248.563,3.20095,40,17,221,4.996,51588.4,2.4013,0.6091,2010
MA,668,2.3261,249.082,3.12092,48,21,197,4.478,51901.7,2.3837,0.6091,2010
MA,669,2.223,249.603,3.00618,44,9,70,5.006,52406.4,2.5601,0.6091,2010
MA,670,2.1802,250.124,2.85438,39,37,295,4.714,52482.0,2.2552,0.6091,2010
MA,671,2.1477,250.646,2.87398,34,34,217,4.705,53066.3,2.4351,0.6091,2010
MA,672,1.8818,251.17,2.8336,33,22,208,5.089,53731.8,2.2093,0.6091,2010
MA,673,1.8859,251.694,3.03948,36,28,99,4.825,51887.2,2.4042,0.6091,2010
MA,674,1.9303,252.22,2.92496,40,17,92,5.586,52730.4,2.2331,0.6091,2010
MA,675,1.9821,252.747,3.06557,38,12,164,5.136,52029.7,1.9632,0.6091,2010
MA,676,2.0566,253.275,3.19303,34,46,240,5.726,52432.9,2.0853,0.6091,2010
MA,677,2.0829,253.804,3.38177,33,17,493,4.717,53619.2,2.3199,0.6091,2010
MA,678,2.144,254.334,3.44163,37,15,238,5.548,52576.1,2.3379,0.6091,2010
MA,679,2.0833,254.865,3.26554,45,51,164,5.294,52571.8,2.375,0.6091,2010
MA,680,2.0402,255.398,3.26815,44,25,187,4.915,52852.6,2.4566,0.6091,2010
MA,681,2.0526,255.931,3.09626,44,22,217,4.904,53482.0,2.4695,0.6091,2010
MA,682,1.941,256.466,3.08032,44,24,92,4.761,52944.7,2.4954,0.6091,2010
MA,683,1.8845,257.001,2.99116,38,3,117,4.453,53565.1,2.4224,0.6091,2010
MA,684,2.1437,257.538,2.94896,40,41,273,4.941,53185.3,2.218,0.6091,2010
MA,685,2.1408,258.076,3.01742,43,53,83,5.382,54149.1,2.1947,0.6091,2010
MA,686,2.1694,258.615,2.9902,37,12,98,5.457,54537.5,2.1794,0.6091,2010
MA,687,2.219,259.155,3.24295,36,18,98,5.412,53351.2,2.1652,0.6091,2010
MA,688,2.2658,259.697,3.19253,49,27,126,5.486,54234.1,2.046,0.6091,2010
MA,689,2.2946,260.239,3.41078,39,12,291,5.635,54971.8,2.2849,0.6091,2010
MA,690,2.3565,260.783,3.39305,34,38,102,5.019,53317.7,2.1861,0.6091,2010
MA,691,2.3089,261.327,3.30658,37,21,108,5.352,52521.5,2.3206,0.6091,2010
MA,692,2.2726,261.873,3.1593,32,17,80,4.657,53308.4,2.4158,0.6091,2010
MA,693,2.161,262.42,3.11911,45,16,594,4.946,53344.3,2.3848,0.6091,2010
MA,694,2.1554,262.968,3.1012,49,6,480,4.643,54844.3,2.3256,0.6091,2010
MA,695,2.1357,263.518,3.01937,38,15,129,5.313,54455.0,2.51,0.6091,2010
MA,696,2.4385,264.068,2.93655,34,22,69,5.077,54234.2,2.3408,0.6091,2010
MA,697,2.4382,264.62,2.96929,32,14,78,5.362,53082.4,2.2224,0.6091,2010
MA,698,2.4867,265.172,3.06683,36,36,170,5.554,54660.9,2.2865,0.6091,2010
MA,699,2.5647,265.726,3.11437,29,12,91,5.529,54411.0,2.096,0.6091,2010
MA,700,2.6437,266.281,3.21626,36,39,227,4.957,53551.1,2.0703,0.6091,2010
MA,701,2.6533,266.838,3.38664,31,16,300,5.188,54662.9,2.2349,0.6091,2010
MA,702,2.6293,267.395,3.27136,39,24,119,5.598,54464.2,2.2852,0.6091,2010
MA,703,2.6144,267.953,3.48787,45,41,234,5.291,56310.8,2.3249,0.6091,2010
MA,704,2.5484,268.513,3.27987,47,25,209,4.918,55134.9,2.4298,0.6091,2010
MA,705,2.5222,269.074,3.15717,40,18,425,4.839,55733.4,2.4221,0.6091,2010
MA,706,2.473,269.636,3.22668,42,41,46,4.733,56768.6,2.5032,0.6091,2010
MA,707,2.4479,270.199,3.02316,25,63,136,5.009,55838.6,2.2855,0.6091,2010
MA,708,2.3794,270.764,2.99217,41,8,392,4.642,55371.5,2.3869,0.6091,2010
MA,709,2.4294,271.329,2.99096,44,26,56,4.642,55264.1,2.2033,0.6091,2010
MA,710,2.3917,271.896,3.20318,39,21,60,5.067,56826.2,2.1215,0.6091,2010
MA,711,2.4508,272.464,3.2442,31,34,207,5.244,55330.2,2.2677,0.6091,2010
MA,712,2.4456,273.033,3.2918,49,10,127,5.022,56083.3,2.3641,0.6091,2010
MA,713,2.4674,273.603,3.40377,34,37,333,5.134,54964.1,2.1423,0.6091,2010
MA,714,2.5298,274.175,3.53848,45,14,314,4.333,56487.2,2.2301,0.6091,2010
MA,715,2.506,274.747,3.45297,46,31,279,4.677,56259.2,2.3997,0.6091,2010
MA,716,2.485,275.321,3.34694,50,13,68,4.987,55761.8,2.3774,0.6091,2010
MA,717,2.3821,275.896,3.1303,58,44,109,5.3,56992.0,2.46,0.6091,2010
MA,718,2.3832,276.473,3.04547,39,18,115,4.86,56475.3,2.3505,0.6091,2010
MA,719,2.3403,277.05,3.03956,40,21,239,4.834,56819.2,2.3427,0.6091,2010
MA,720,1.9146,277.629,3.00379,42,9,174,9.946,56088.2,2.4069,0.6091,2010
MA,721,1.9106,278.209,3.04623,45,9,185,9.334,57070.7,2.2351,0.6091,2010
MA,722,1.9524,278.79,2.6556,38,12,115,9.262,57463.2,2.2594,0.6091,2010
MA,723,1.6858,279.372,2.15988,60,13,67,9.468,56413.0,2.1996,0.6091,2010
MA,724,1.7222,279.956,2.63869,42,23,164,10.216,56905.7,2.0654,0.6091,2010
MA,725,2.1027,280.54,3.09367,38,8,272,9.229,57924.1,2.3286,0.6091,2010
MA,726,2.0783,281.126,3.20186,41,30,97,10.051,56944.0,2.4074,0.6091,2010
MA,727,2.1365,281.714,3.4924,42,24,296,9.209,57125.5,2.4282,0.6091,2010
MA,728,2.047,282.302,3.50478,46,35,218,9.696,56664.5,2.4019,0.6091,2010
MA,729,1.9955,282.892,3.27251,53,47,459,10.165,57200.7,2.3725,0.6091,2010
MA,730,1.9503,283.483,3.10501,41,29,162,9.127,57055.9,2.3815,0.6091,2010
MA,731,1.972,284.075,3.08959,44,29,107,9.661,57547.9,2.3999,0.6091,2010
MA,732,2.7028,284.668,3.19453,37,11,274,4.745,57034.9,2.441,0.6091,2010
MA,733,2.7568,285.263,3.14,53,6,77,4.604,58163.9,2.2146,0.6091,2010
MA,734,2.6998,285.859,3.20251,29,6,22,5.182,58090.7,2.2341,0.6091,2010
MA,735,2.7932,286.456,3.27396,29,11,70,5.537,58964.6,2.24,0.6091,2010
MA,736,2.8312,287.054,3.39417,34,31,189,5.645,58507.0,2.1311,0.6091,2010
MA,737,2.8976,287.654,3.51708,43,11,45,5.146,58858.0,2.2618,0.6091,2010
MA,738,2.9927,288.254,3.56928,33,48,142,4.74,58316.8,2.3432,0.6091,2010
MA,739,2.9477,288.856,3.4538,36,28,192,4.444,57364.2,2.3072,0.6091,2010
MA,740,2.9409,289.46,3.43013,53,22,287,3.908,59138.4,2.4987,0.6091,2010
MA,741,2.8899,290.064,3.32156,44,46,371,4.956,59619.3,2.4136,0.6091,2010
MA,742,2.8157,290.67,3.2054,44,27,196,4.587,59845.2,2.4406,0.6091,2010
MA,743,2.7559,291.277,3.10908,44,45,298,4.006,58286.5,2.3391,0.6091,2010
MA,744,3.5157,291.886,3.08957,40,26,372,4.956,59180.9,2.2089,0.6091,2010
MA,745,3.6095,292.496,2.98106,27,24,193,5.684,59422.9,2.3195,0.6091,2010
MA,746,3.617,293.106,2.95185,24,27,84,5.287,58269.0,2.0824,0.6091,2010
MA,747,3.6604,293.719,3.13048,35,1,178,5.255,59646.7,2.0759,0.6091,2010
MA,748,4.2565,294.332,3.30714,35,33,74,5.229,59477.7,2.0546,0.6091,2010
MA,749,4.6012,294.947,3.29939,41,13,320,4.799,59228.3,2.2929,0.6091,2010
MA,750,3.7202,295.563,3.4095,40,24,78,4.661,61140.8,2.2568,0.6091,2010
MA,751,3.694,296.18,3.3854,43,49,240,4.55,59759.6,2.4973,0.6091,2010
MA,752,3.7543,296.799,3.23335,49,59,223,4.706,60405.6,2.3484,0.6091,2010
MA,753,3.6532,297.419,3.33707,44,54,208,4.633,61033.6,2.6319,0.6091,2010
MA,754,3.5562,298.04,3.06866,51,39,244,4.17,60457.2,2.4343,0.6091,2010
MA,755,3.573,298.663,2.95839,39,21,246,5.377,59329.4,2.2952,0.6091,2010
MA,756,3.1318,299.287,3.07115,37,23,180,5.125,59015.2,2.4684,0.6091,2010
MA,757,3.1271,299.912,3.07188,35,32,208,5.358,60298.2,2.1956,0.6091,2010
MA,758,3.1193,300.538,3.13834,35,39,41,5.158,60554.2,2.124,0.6091,2010
MA,759,3.2381,301.166,3.23162,36,9,63,5.47,59450.1,2.1208,0.6091,2010
MA,760,3.2824,301.795,3.40634,18,10,212,5.063,60451.5,2.2022,0.6091,2010
MA,761,3.3218,302.425,3.53456,24,22,284,5.521,62163.4,2.1255,0.6091,2010
MA,762,3.3292,303.057,3.63718,35,49,169,5.328,60391.6,2.2112,0.6091,2010
MA,763,3.3489,303.69,3.48962,41,25,244,5.483,62326.0,2.4497,0.6091,2010
MA,764,3.3178,304.324,3.66923,50,51,442,4.305,61529.8,2.4873,0.6091,2010
MA,765,3.1662,304.96,3.29285,42,29,154,4.445,61466.7,2.4427,0.6091,2010
MA,766,3.1684,305.597,3.21311,32,27,259,3.883,60661.0,2.539,0.6091,2010
MA,767,3.1697,306.235,3.10177,39,27,265,4.87,62322.2,2.4214,0.6091,2010
MA,768,2.9438,306.875,3.01528,39,48,488,4.981,60549.5,2.2379,0.6091,2010
MA,769,2.9787,307.516,3.06839,40,26,276,4.672,61964.0,2.2937,0.6091,2010
MA,770,3.0709,308.158,3.32106,28,9,148,5.147,62419.6,2.2003,0.6091,2010
MA,771,3.1332,308.802,3.36153,46,36,207,5.71,60696.9,1.9801,0.6091,2010
MA,772,3.1895,309.447,3.54614,33,26,191,5.665,62816.0,2.1905,0.6091,2010
MA,773,3.2172,310.093,3.49805,35,45,61,5.545,63073.8,2.0837,0.6091,2010
MA,774,3.2136,310.741,3.64035,33,31,494,4.461,62184.4,2.3641,0.6091,2010
MA,775,3.2116,311.39,3.51678,40,21,84,5.278,62503.0,2.4609,0.6091,2010
MA,776,3.203,312.041,3.39765,54,25,95,4.846,62250.7,2.3033,0.6091,2010
MA,777,3.153,312.692,3.30492,27,50,263,3.959,63425.6,2.4992,0.6091,2010
MA,778,3.0032,313.345,3.24344,47,19,88,4.888,61725.1,2.4014,0.6091,2010
MA,779,2.9159,314.0,3.26295,38,24,102,5.293,63098.2,2.2987,0.6091,2010
MI,540,2.2085,190.7,2.68984,42,38,487,5.557,42211.0,2.3939,0.1156,2008
MI,541,2.1956,191.098,2.69263,50,16,107,4.475,42692.4,2.2282,0.1156,2008
MI,542,2.229,191.497,2.81356,49,29,89,5.326,42022.1,2.2778,0.1156,2008
MI,543,2.3362,191.897,2.88107,40,26,308,6.327,41773.6,2.2346,0.1156,2008
MI,544,2.4134,192.298,3.08809,39,18,48,5.159,42947.3,2.2065,0.1156,2008
MI,545,2.5028,192.7,2.95235,40,27,77,5.612,41873.2,2.2906,0.1156,2008
MI,546,2.4218,193.102,3.0587,55,19,82,5.105,41939.4,2.3236,0.1156,2008
MI,547,2.4568,193.506,2.94275,52,74,178,4.586,42268.8,2.4008,0.1156,2008
MI,548,2.3546,193.91,3.02346,50,27,89,3.882,43241.3,2.425,0.1156,2008
MI,549,2.3363,194.315,2.8613,44,8,284,5.468,43027.6,2.5599,0.1156,2008
MI,550,2.2734,194.721,2.84641,36,24,140,4.891,41875.3,2.458,0.1156,2008
MI,551,2.2175,195.128,2.74006,59,16,122,4.746,42220.3,2.2753,0.1156,2008
MI,552,2.4669,195.535,2.69419,39,29,202,5.749,42320.5,2.1966,0.1156,2008
MI,553,2.5102,195.944,2.6707,46,9,188,6.205,42919.9,2.2991,0.1156,2008
MI,554,2.5576,196.353,2.79021,39,9,85,5.621,43324.2,2.2227,0.1156,2008
MI,555,2.5581,196.763,2.91412,41,25,14,5.37,43162.6,2.1377,0.1156,2008
MI,556,2.7752,197.174,2.93261,52,32,112,5.238,43167.1,2.0739,0.1156,2008
MI,557,2.7995,197.586,2.99565,43,10,41,5.109,43028.3,2.136,0.1156,2008
MI,558,2.8814,197.999,3.04967,46,28,86,5.045,42842.3,2.1219,0.1156,2008
MI,559,2.7863,198.412,3.10106,53,11,357,4.258,42973.6,2.3715,0.1156,2008
MI,560,2.7663,198.827,3.08239,57,28,156,4.796,43743.1,2.4827,0.1156,2008
MI,561,2.7983,199.242,2.931,53,34,145,4.036,43437.4,2.4932,0.1156,2008
MI,562,2.671,199.658,2.72216,40,22,161,4.801,43319.6,2.3107,0.1156,2008
MI,563,2.5367,200.075,2.7075,53,11,112,4.7,43902.0,2.3941,0.1156,2008
MI,564,2.7608,200.493,2.6909,40,23,191,4.571,44000.7,2.295,0.1156,2008
MI,565,2.7054,200.912,2.66918,41,34,83,5.603,42954.8,2.1329,0.1156,2008
MI,566,2.7997,201.331,2.76619,49,10,95,4.951,43956.3,2.2072,0.1156,2008
MI,567,2.9047,201.752,2.99053,45,26,68,4.934,45015.4,2.1627,0.1156,2008
MI,568,2.9417,202.173,2.92546,44,17,91,5.536,43512.0,2.0634,0.1156,2008
MI,569,2.967,202.596,3.01673,56,10,170,6.264,43787.7,2.2515,0.1156,2008
MI,570,3.0086,203.019,3.04391,36,43,194,4.837,44613.3,2.3758,0.1156,2008
MI,571,2.9882,203.443,3.06619,38,47,435,4.953,44704.9,2.4732,0.1156,2008
MI,572,2.9245,203.868,2.97603,53,37,341,4.774,43722.1,2.547,0.1156,2008
MI,573,2.8203,204.294,2.9114,53,21,434,5.154,45044.7,2.3904,0.1156,2008
MI,574,2.7709,204.72,2.79815,43,12,247,4.268,43708.8,2.2871,0.1156,2008
MI,575,2.6357,205.148,2.65856,45,9,157,5.503,43759.8,2.4129,0.1156,2008
MI,576,3.0237,205.576,2.6173,49,47,54,7.804,42761.1,2.5188,0.1156,2008
MI,577,3.1484,206.006,2.64562,33,20,222,7.864,43512.3,2.4376,0.1156,2008
MI,578,3.2119,206.436,2.72491,34,9,147,7.882,44131.5,2.4089,0.1156,2008
MI,579,3.1628,206.867,2.81472,44,24,280,8.118,43630.6,2.3092,0.1156,2008
MI,580,3.3059,207.299,2.7879,41,33,109,8.621,43566.8,2.2876,0.1156,2008
MI,581,4.061,207.732,2.92494,30,12,229,7.835,43201.3,2.2792,0.1156,2008
MI,582,4.0984,208.166,2.96247,47,11,201,7.985,43958.2,2.483,0.1156,2008
MI,583,3.3273,208.601,2.93385,50,15,108,7.971,44231.9,2.4475,0.1156,2008
MI,584,3.3752,209.037,2.92528,45,14,163,6.612,44556.3,2.6781,0.1156,2008
MI,585,3.3617,209.474,2.71836,40,16,214,8.359,44026.5,2.6715,0.1156,2008
MI,586,2.2065,209.911,2.69551,48,46,185,7.136,42583.5,2.6868,0.1156,2008
MI,587,1.7581,210.35,2.76088,49,15,293,8.128,44520.0,2.5339,0.1156,2008
MI,588,2.314,210.789,2.75438,54,9,184,8.376,44194.5,2.5337,0.1156,2008
MI,589,2.3057,211.229,2.83776,40,5,256,7.899,44464.4,2.3631,0.1156,2008
MI,590,2.3092,211.67,2.92183,50,12,24,8.297,43751.0,2.3146,0.1156,2008
MI,591,2.3986,212.113,2.94997,43,2,206,7.725,43856.1,2.342,0.1156,2008
MI,592,2.4596,212.556,3.19314,46,56,328,9.007,44289.0,2.4824,0.1156,2008
MI,593,2.5181,213.0,3.20456,41,51,133,8.167,44843.1,2.4804,0.1156,2008
MI,594,2.5146,213.444,3.30205,35,12,134,7.897,45423.4,2.5326,0.1156,2008
MI,595,2.4574,213.89,3.13534,42,32,97,7.702,44771.5,2.5467,0.1156,2008
MI,596,2.4651,214.337,3.10029,51,11,285,7.616,45107.6,2.6526,0.1156,2008
MI,597,2.3802,214.785,3.02352,54,9,151,7.494,45515.4,2.6096,0.1156,2008
MI,598,2.2888,215.233,3.03933,51,30,129,7.812,44755.2,2.5301,0.1156,2008
MI,599,2.2972,215.683,2.90697,52,50,141,8.334,43774.4,2.6347,0.1156,2008
MI,600,2.7476,216.133,2.76165,44,62,326,7.415,44778.4,2.558,0.1156,2008
MI,601,2.7257,216.585,2.85134,43,30,296,8.11,44781.7,2.5077,0.1156,2008
MI,602,2.7641,217.037,2.81881,44,5,208,7.843,44735.2,2.2338,0.1156,2008
MI,603,2.8803,217.491,2.86631,40,4,113,8.78,46223.2,2.1594,0.1156,2008
MI,604,2.9276,217.945,3.00358,44,36,194,8.264,45608.7,2.252,0.1156,2008
MI,605,3.0318,218.4,3.12003,43,54,91,7.385,44811.8,2.5778,0.1156,2008
MI,606,3.0045,218.856,3.22329,48,19,511,7.209,45306.3,2.3893,0.1156,2008
MI,607,2.9918,219.313,3.10146,55,58,134,7.238,45752.8,2.6121,0.1156,2008
MI,608,2.8108,219.772,3.14861,48,13,287,7.701,46333.0,2.6971,0.1156,2008
MI,609,2.7614,220.231,2.98973,52,35,228,7.982,46251.8,2.6116,0.1156,2008
MI,610,2.6576,220.691,2.94846,51,32,275,7.866,45018.1,2.6026,0.1156,2008
MI,611,2.6429,221.152,2.8509,49,32,180,7.836,45877.5,2.6857,0.1156,2008
MI,612,3.4444,221.614,2.85491,38,25,161,5.03,47589.5,2.4159,0.1156,2008
MI,613,3.4407,222.076,2.91438,45,19,261,5.147,48457.5,2.1936,0.1156,2008
MI,614,3.4865,222.54,2.82574,37,22,219,5.572,47288.7,2.2171,0.1156,2008
MI,615,3.599,223.005,3.09716,45,21,74,5.233,47252.1,2.114,0.1156,2008
MI,616,3.7378,223.471,3.12956,42,17,14,5.426,47614.2,2.2542,0.1156,2008
MI,617,3.7214,223.938,3.12907,45,23,41,5.095,47653.3,2.1811,0.1156,2008
MI,618,3.7689,224.405,3.12381,50,30,119,5.418,47598.6,2.2074,0.1156,2008
MI,619,3.6844,224.874,3.22033,47,18,68,5.141,47454.7,2.47,0.1156,2008
MI,620,3.5693,225.344,3.10688,35,13,92,4.05,48249.0,2.3536,0.1156,2008
MI,621,3.5064,225.815,3.08313,50,27,53,4.284,47729.3,2.4934,0.1156,2008
MI,622,3.3967,226.286,2.8452,37,3,164,5.176,47477.9,2.4177,0.1156,2008
MI,623,3.4659,226.759,2.93815,42,18,147,5.066,48231.6,2.4334,0.1156,2008
MI,624,3.5531,227.233,2.79633,44,24,228,4.302,48601.3,2.3988,0.1156,2008
MI,625,3.6259,227.707,2.82294,44,7,137,4.996,47944.4,2.2548,0.1156,2008
MI,626,3.7492,228.183,2.82305,33,19,148,5.285,49882.1,2.194,0.1156,2008
MI,627,3.8198,228.659,3.05785,47,37,160,4.944,47368.1,2.2539,0.1156,2008
MI,628,3.8384,229.137,3.08133,43,29,386,5.466,49544.9,2.3455,0.1156,2008
MI,629,3.7271,229.616,3.24577,36,12,224,5.346,49393.9,2.2485,0.1156,2008
MI,630,3.6749,230.095,3.11785,40,26,228,5.302,49855.4,2.2392,0.1156,2008
MI,631,3.7145,230.576,3.09218,33,17,50,5.072,48742.2,2.3876,0.1156,2008
MI,632,3.7407,231.057,3.14522,46,28,112,4.73,49821.5,2.5018,0.1156,2008
MI,633,3.6372,231.54,3.0645,65,28,107,4.475,48582.0,2.4361,0.1156,2008
MI,634,3.5781,232.024,3.01046,49,34,102,4.37,48197.5,2.2762,0.1156,2008
MI,635,3.5275,232.508,2.87625,51,37,223,5.364,48623.0,2.3639,0.1156,2008
MI,636,3.5523,232.994,2.89456,48,20,213,3.944,50640.3,2.3708,0.1156,2008
MI,637,3.5029,233.481,2.91633,36,26,29,5.33,50407.6,2.1971,0.1156,2008
MI,638,3.5756,233.968,2.93505,42,1,77,5.133,48880.7,2.2409,0.1156,2008
MI,639,3.6531,234.457,3.02447,37,13,149,5.515,48442.3,2.1579,0.1156,2008
MI,640,3.6827,234.947,3.18326,35,35,152,5.423,49122.7,2.2034,0.1156,2008
MI,641,3.7654,235.438,3.29415,45,15,185,5.082,48891.5,2.1754,0.1156,2008
MI,642,3.6901,235.929,3.41023,42,30,148,4.84,51027.2,2.3113,0.1156,2008
MI,643,3.6637,236.422,3.24595,57,24,255,5.314,50070.9,2.4085,0.1156,2008
MI,644,3.6138,236.916,3.15723,38,31,310,4.24,48902.3,2.487,0.1156,2008
MI,645,3.6225,237.411,3.20041,53,40,185,3.814,50700.5,2.4513,0.1156,2008
MI,646,3.6122,237.907,2.98099,55,33,352,3.884,49546.5,2.253,0.1156,2008
MI,647,3.5092,238.404,3.03734,49,64,113,4.512,50818.9,2.409,0.1156,2008
MI,648,3.2588,238.902,2.99955,56,46,39,5.525,50773.0,2.212,0.1156,2008
MI,649,3.3249,239.401,3.03824,48,13,53,4.581,50834.9,2.0954,0.1156,2008
MI,650,3.3434,239.901,2.89836,45,5,90,5.554,50444.2,2.1127,0.1156,2008
MI,651,3.405,240.402,3.279,57,39,154,4.761,50727.4,2.2275,0.1156,2008
MI,652,3.3723,240.904,3.28849,38,45,54,5.631,50682.2,2.0949,0.1156,2008
MI,653,3.7082,241.407,3.33167,41,39,91,5.283,50658.0,2.1005,0.1156,2008
MI,654,3.435,241.911,3.45279,31,18,106,4.73,51609.7,2.2429,0.1156,2008
MI,655,3.4538,242.417,3.45731,56,43,323,4.382,50910.0,2.3303,0.1156,2008
MI,656,3.3811,242.923,3.30779,44,23,40,4.902,50519.6,2.5749,0.1156,2008
MI,657,3.3694,243.43,3.22248,41,21,312,5.25,50580.5,2.5611,0.1156,2008
MI,658,3.3469,243.939,3.08147,52,47,112,5.117,51596.1,2.5716,0.1156,2008
MI,659,3.3195,244.448,3.06413,59,52,155,4.733,50656.6,2.4112,0.1156,2008
MI,660,2.1367,244.959,3.19298,50,41,338,5.357,50401.7,2.2917,0.1156,2008
MI,661,2.3868,245.471,2.99018,35,11,248,5.178,51019.3,2.3451,0.1156,2008
MI,662,2.4639,245.983,3.29745,35,55,188,6.025,52028.8,2.1975,0.1156,2008
MI,663,2.5218,246.497,3.47036,37,22,283,5.719,51562.7,2.169,0.1156,2008
MI,664,2.6185,247.012,3.54592,45,10,246,5.524,51094.3,2.1353,0.1156,2008
MI,665,2.6268,247.528,3.64303,41,57,50,5.437,51902.1,2.1857,0.1156,2008
MI,666,2.562,248.045,3.73562,40,16,237,4.992,52064.7,2.2103,0.1156,2008
MI,667,2.618,248.563,3.67995,48,43,194,4.709,51501.1,2.3401,0.1156,2008
MI,668,2.5496,249.082,3.50262,48,19,300,4.459,51648.4,2.4916,0.1156,2008
MI,669,2.4997,249.603,3.46294,47,20,164,3.851,51638.9,2.4398,0.1156,2008
MI,670,2.456,250.124,3.43125,45,27,242,4.938,51933.3,2.4215,0.1156,2008
MI,671,2.399,250.646,3.24209,53,27,118,4.489,52043.6,2.4067,0.1156,2008
MI,672,2.0335,251.17,3.23298,53,15,249,4.799,52416.1,2.3086,0.1156,2008
MI,673,2.0268,251.694,3.37499,38,10,99,5.129,53298.9,2.2474,0.1156,2008
MI,674,2.116,252.22,3.4322,43,29,81,5.447,52611.0,2.0283,0.1156,2008
MI,675,2.1319,252.747,3.63342,44,22,401,4.999,53320.7,2.1053,0.1156,2008
MI,676,2.1589,253.275,3.74302,44,20,54,4.851,53216.6,2.138,0.1156,2008
MI,677,2.228,253.804,3.93045,47,16,243,4.543,54058.8,2.2163,0.1156,2008
MI,678,2.2818,254.334,3.75862,58,37,600,5.157,51753.0,2.3305,0.1156,2008
MI,679,2.2173,254.865,3.67727,54,20,213,5.026,51241.2,2.2866,0.1156,2008
MI,680,2.169,255.398,3.98347,42,24,479,4.137,53757.7,2.4533,0.1156,2008
MI,681,2.1468,255.931,3.6051,48,21,50,5.229,53270.3,2.4745,0.1156,2008
MI,682,2.1468,256.466,3.56249,64,12,244,4.798,53926.9,2.4164,0.1156,2008
MI,683,2.099,257.001,3.44607,44,30,124,4.37,54108.0,2.3535,0.1156,2008
MI,684,2.3081,257.538,3.36125,51,32,85,4.701,53974.4,2.3366,0.1156,2008
MI,685,2.3799,258.076,3.49009,39,12,123,4.174,53605.8,2.3669,0.1156,2008
MI,686,2.4058,258.615,3.4838,50,29,218,5.534,54045.5,2.3367,0.1156,2008
MI,687,2.4477,259.155,3.56538,49,51,97,5.483,53098.8,2.2738,0.1156,2008
MI,688,2.5463,259.697,3.70769,47,25,120,4.806,53801.6,2.2065,0.1156,2008
MI,689,2.6063,260.239,3.74766,42,90,319,5.576,54492.8,2.2973,0.1156,2008
MI,690,2.6079,260.783,3.82696,41,8,127,5.455,53632.2,2.3175,0.1156,2008
MI,691,2.5466,261.327,3.8636,60,45,497,5.029,54718.8,2.3086,0.1156,2008
MI,692,2.5651,261.873,3.79134,41,14,346,4.401,54722.5,2.5058,0.1156,2008
MI,693,2.4831,262.42,3.56692,54,39,612,4.728,53880.5,2.5725,0.1156,2008
MI,694,2.422,262.968,3.46617,39,22,319,4.357,54397.6,2.3922,0.1156,2008
MI,695,2.3111,263.518,3.41754,43,23,165,3.627,54123.2,2.2903,0.1156,2008
MI,696,2.629,264.068,3.33573,40,71,310,5.025,53388.4,2.3312,0.1156,2008
MI,697,2.7059,264.62,3.41392,35,28,157,5.87,55729.0,2.3796,0.1156,2008
MI,698,2.7135,265.172,3.48745,36,24,125,5.443,55085.3,2.3425,0.1156,2008
MI,699,2.8139,265.726,3.44575,51,23,83,6.096,54898.5,2.2697,0.1156,2008
MI,700,2.8822,266.281,3.75562,38,27,83,5.484,55629.0,2.316,0.1156,2008
MI,701,2.9535,266.838,3.76259,44,17,378,5.165,54473.5,2.3259,0.1156,2008
MI,702,2.876,267.395,3.729,46,21,170,4.568,53943.2,2.2834,0.1156,2008
MI,703,2.8637,267.953,3.80369,49,13,314,5.28,55877.2,2.296,0.1156,2008
MI,704,2.9309,268.513,3.78596,45,35,461,5.34,55466.6,2.4924,0.1156,2008
MI,705,2.7965,269.074,3.41445,53,45,419,4.791,54681.5,2.5626,0.1156,2008
MI,706,2.7267,269.636,3.45257,56,28,259,5.099,56207.6,2.6002,0.1156,2008
MI,707,2.6482,270.199,3.39819,37,29,183,4.9,54888.6,2.4035,0.1156,2008
MI,708,2.576,270.764,3.35969,54,46,412,5.143,56970.1,2.4405,0.1156,2008
MI,709,2.5474,271.329,3.35376,62,19,203,5.347,56053.5,2.124,0.1156,2008
MI,710,2.5973,271.896,3.65686,34,51,249,5.311,55325.1,2.1308,0.1156,2008
MI,711,2.6839,272.464,3.55674,31,7,17,5.021,55811.8,2.2305,0.1156,2008
MI,712,2.7236,273.033,3.71787,47,46,79,5.095,55871.4,2.1147,0.1156,2008
MI,713,2.6934,273.603,4.03128,45,12,79,4.426,56532.4,2.184,0.1156,2008
MI,714,2.771,274.175,3.95961,57,35,27,5.33,55687.3,2.4008,0.1156,2008
MI,715,2.7463,274.747,3.88871,52,37,271,4.935,55872.5,2.3035,0.1156,2008
MI,716,2.7517,275.321,3.89067,53,54,387,3.945,56495.0,2.4544,0.1156,2008
MI,717,2.6883,275.896,3.70474,53,46,154,4.669,56558.4,2.3143,0.1156,2008
MI,718,2.571,276.473,3.60811,57,38,119,4.534,56580.6,2.4767,0.1156,2008
MI,719,2.5144,277.05,3.52094,60,15,219,4.92,57295.5,2.4338,0.1156,2008
MI,720,1.9925,277.629,3.32626,54,13,174,9.641,57042.2,2.3165,0.1156,2008
MI,721,2.0169,278.209,3.3436,55,30,159,9.106,56150.8,2.2044,0.1156,2008
MI,722,2.113,278.79,2.90409,44,22,115,10.56,56772.7,2.2444,0.1156,2008
MI,723,1.8751,279.372,2.48703,51,16,114,9.667,57222.3,2.2874,0.1156,2008
MI,724,1.8287,279.956,2.93586,49,19,87,9.899,57148.3,2.1345,0.1156,2008
MI,725,2.32,280.54,3.48332,52,24,168,9.645,57873.4,2.1878,0.1156,2008
MI,726,2.3004,281.126,3.61662,53,35,56,9.337,56455.0,2.3527,0.1156,2008
MI,727,2.3723,281.714,3.94726,51,25,747,9.418,56823.3,2.3858,0.1156,2008
MI,728,2.2612,282.302,3.84031,56,22,150,9.137,58466.1,2.4735,0.1156,2008
MI,729,2.1885,282.892,3.74671,48,50,224,8.955,56582.9,2.4882,0.1156,2008
MI,730,2.1596,283.483,3.70338,45,16,522,9.132,57863.1,2.5916,0.1156,2008
MI,731,2.0733,284.075,3.45716,45,33,291,8.995,56608.7,2.4115,0.1156,2008
MI,732,2.9805,284.668,3.66131,54,27,90,5.172,56911.1,2.2921,0.1156,2008
MI,733,2.9824,285.263,3.64692,45,18,264,5.036,59003.3,2.3346,0.1156,2008
MI,734,2.8676,285.859,3.56705,42,12,155,5.672,58269.9,2.1533,0.1156,2008
MI,735,3.0162,286.456,3.87295,39,32,105,4.431,58525.7,2.0883,0.1156,2008
MI,736,3.0637,287.054,3.95738,28,9,121,5.198,58575.2,2.168,0.1156,2008
MI,737,3.1562,287.654,3.88002,37,37,109,4.422,58187.5,2.174,0.1156,2008
MI,738,3.1736,288.254,3.90978,50,32,288,4.978,57087.9,2.303,0.1156,2008
MI,739,3.2229,288.856,4.05629,42,36,294,5.135,57908.7,2.3941,0.1156,2008
MI,740,3.1015,289.46,3.93011,48,23,390,5.081,59361.7,2.4309,0.1156,2008
MI,741,3.0864,290.064,3.72842,50,8,81,4.081,58223.6,2.4941,0.1156,2008
MI,742,2.997,290.67,3.64154,49,29,208,4.278,59489.2,2.3802,0.1156,2008
MI,743,2.9519,291.277,3.58348,57,20,127,4.809,58635.7,2.3344,0.1156,2008
MI,744,3.9098,291.886,3.55221,50,23,225,4.837,58977.6,2.3251,0.1156,2008
MI,745,3.9021,292.496,3.54824,42,7,151,4.732,60034.2,2.2931,0.1156,2008
MI,746,3.9867,293.106,3.52619,36,54,372,5.163,60395.0,2.2282,0.1156,2008
MI,747,4.0015,293.719,3.59968,35,26,15,5.159,60278.1,2.0381,0.1156,2008
MI,748,4.5564,294.332,3.66591,35,16,141,5.599,61205.4,2.1584,0.1156,2008
MI,749,5.0166,294.947,3.71841,34,36,136,5.547,59483.8,2.2509,0.1156,2008
MI,750,4.2031,295.563,3.82837,41,32,705,5.098,59773.6,2.1971,0.1156,2008
MI,751,4.0652,296.18,3.8929,37,33,601,4.846,62095.5,2.3221,0.1156,2008
MI,752,4.0925,296.799,3.53915,55,28,456,4.99,59673.5,2.5443,0.1156,2008
MI,753,4.0056,297.419,3.64347,41,9,355,4.81,60020.4,2.4103,0.1156,2008
MI,754,4.0101,298.04,3.44294,34,15,127,5.474,59987.5,2.4463,0.1156,2008
MI,755,3.8128,298.663,3.35382,54,52,479,5.916,61619.0,2.3242,0.1156,2008
MI,756,3.3983,299.287,3.43255,32,29,198,4.86,60282.1,2.204,0.1156,2008
MI,757,3.4984,299.912,3.45955,49,39,93,5.293,61488.8,2.2319,0.1156,2008
MI,758,3.4204,300.538,3.60686,27,15,73,4.799,58998.1,2.1279,0.1156,2008
MI,759,3.5454,301.166,3.69873,36,31,502,5.505,59930.2,2.0558,0.1156,2008
MI,760,3.5336,301.795,3.96817,30,12,478,4.941,62086.9,2.2402,0.1156,2008
MI,761,3.6806,302.425,3.92553,51,22,219,5.818,61055.0,2.1659,0.1156,2008
MI,762,3.7194,303.057,4.0706,48,21,240,4.607,61566.5,2.3141,0.1156,2008
MI,763,3.7182,303.69,4.09593,46,43,266,4.792,60871.2,2.3961,0.1156,2008
MI,764,3.5591,304.324,4.11553,46,27,275,4.836,62126.9,2.3963,0.1156,2008
MI,765,3.4623,304.96,3.6966,47,47,551,5.093,60224.1,2.3681,0.1156,2008
MI,766,3.3521,305.597,3.63645,37,65,306,4.601,62190.6,2.4342,0.1156,2008
MI,767,3.3305,306.235,3.67149,41,16,58,4.521,62462.1,2.2822,0.1156,2008
MI,768,3.1557,306.875,3.63898,43,19,309,5.235,60897.7,2.1982,0.1156,2008
MI,769,3.1995,307.516,3.48731,43,28,252,5.342,60818.9,2.1747,0.1156,2008
MI,770,3.1792,308.158,3.72182,41,21,205,4.767,61962.6,2.2099,0.1156,2008
MI,771,3.1842,308.802,3.9348,40,18,527,5.433,63180.8,2.1929,0.1156,2008
MI,772,3.2431,309.447,3.98589,51,36,62,5.077,62660.7,2.0817,0.1156,2008
MI,773,3.4323,310.093,4.04606,29,15,269,4.779,61401.4,2.1972,0.1156,2008
MI,774,3.3812,310.741,4.13328,44,54,146,5.646,63472.1,2.2442,0.1156,2008
MI,775,3.41,311.39,4.02712,46,37,178,5.026,62780.5,2.3624,0.1156,2008
MI,776,3.4247,312.041,4.07142,34,58,173,5.015,61891.4,2.441,0.1156,2008
MI,777,3.3432,312.692,3.93274,42,57,139,3.908,61300.1,2.4919,0.1156,2008
MI,778,3.2342,313.345,3.69311,54,63,206,5.251,62439.5,2.4125,0.1156,2008
MI,779,3.244,314.0,3.68636,38,85,501,5.782,62682.7,2.3899,0.1156,2008
MN,540,2.0014,190.7,5.09828,94,95,276,5.128,41925.2,2.3349,0.3502,2007
MN,541,2.0106,191.098,5.33321,69,52,542,5.059,42364.6,2.1088,0.3502,2007
MN,542,2.0742,191.497,5.36989,62,52,618,5.324,42470.7,2.1998,0.3502,2007
MN,543,2.1437,191.897,5.6691,92,15,579,5.181,42219.0,2.1982,0.3502,2007
MN,544,2.1773,192.298,5.91406,85,39,271,5.482,42287.4,2.1934,0.3502,2007
MN,545,2.1762,192.7,6.12923,92,52,601,5.785,41865.8,2.1355,0.3502,2007
MN,546,2.2084,193.102,5.99103,72,37,1082,5.323,41895.8,2.3639,0.3502,2007
MN,547,2.1699,193.506,5.9595,110,33,440,5.292,42418.4,2.416,0.3502,2007
MN,548,2.1663,193.91,5.71952,98,31,556,5.184,42532.4,2.4964,0.3502,2007
MN,549,2.181,194.315,5.7953,101,31,909,4.654,42760.9,2.4641,0.3502,2007
MN,550,2.0975,194.721,5.69181,110,76,466,4.771,43027.9,2.2505,0.3502,2007
MN,551,2.0434,195.128,5.1687,84,59,651,5.372,42439.3,2.5752,0.3502,2007
MN,552,2.3183,195.535,5.4329,101,76,739,4.797,43229.9,2.1958,0.3502,2007
MN,553,2.2602,195.944,5.3943,68,58,328,5.329,43082.1,2.2247,0.3502,2007
MN,554,2.3228,196.353,5.69987,67,17,457,4.561,43358.2,2.1764,0.3502,2007
MN,555,2.4228,196.763,5.63006,69,68,311,5.114,42767.6,2.1579,0.3502,2007
MN,556,2.5136,197.174,5.72683,77,24,267,5.633,42033.0,2.186,0.3502,2007
MN,557,2.553,197.586,6.0553,70,43,199,4.771,43818.2,2.1646,0.3502,2007
MN,558,2.5231,197.999,6.12828,86,39,275,4.946,41952.9,2.3286,0.3502,2007
MN,559,2.4409,198.412,6.18406,92,35,274,4.766,43506.1,2.4487,0.3502,2007
MN,560,2.4161,198.827,5.7527,94,87,259,4.43,43895.0,2.4959,0.3502,2007
MN,561,2.4312,199.242,5.70598,81,108,105,4.239,43665.8,2.4458,0.3502,2007
MN,562,2.3071,199.658,5.36837,94,67,186,4.999,42577.7,2.4389,0.3502,2007
MN,563,2.2857,200.075,5.33143,84,81,193,5.118,43556.9,2.385,0.3502,2007
MN,564,2.5274,200.493,5.44787,97,54,489,5.768,43464.4,2.3359,0.3502,2007
MN,565,2.447,200.912,5.44488,87,39,327,4.885,43155.1,2.2506,0.3502,2007
MN,566,2.545,201.331,5.55781,68,28,653,5.634,43558.5,2.2053,0.3502,2007
MN,567,2.5425,201.752,5.58303,64,18,516,5.812,42891.2,2.1367,0.3502,2007
MN,568,2.6643,202.173,5.84532,95,117,188,4.539,43898.8,2.1286,0.3502,2007
MN,569,2.6773,202.596,5.9477,74,14,134,5.192,44205.1,2.0694,0.3502,2007
MN,570,2.6358,203.019,6.02734,82,30,78,4.752,44907.5,2.3978,0.3502,2007
MN,571,2.583,203.443,6.13025,91,50,271,4.922,44111.0,2.4264,0.3502,2007
MN,572,2.5497,203.868,5.82089,63,84,514,4.626,43613.5,2.4023,0.3502,2007
MN,573,2.5892,204.294,5.7342,103,77,471,4.637,43533.5,2.4696,0.3502,2007
MN,574,2.4904,204.72,5.56799,87,55,261,5.027,44541.6,2.4218,0.3502,2007
MN,575,2.4908,205.148,5.39113,77,65,1032,5.13,44865.0,2.3784,0.3502,2007
MN,576,2.9143,205.576,5.03095,95,42,83,7.575,43215.2,2.342,0.3502,2007
MN,577,2.9041,206.006,5.33242,86,13,255,7.087,43182.4,2.3244,0.3502,2007
MN,578,2.8658,206.436,5.39468,65,44,356,7.413,43313.6,2.3389,0.3502,2007
MN,579,2.917,206.867,5.53865,85,22,336,8.067,44323.2,2.3436,0.3502,2007
MN,580,2.988,207.299,5.6054,67,61,205,8.019,43566.0,2.3739,0.3502,2007
MN,581,3.5584,207.732,5.77869,78,75,159,7.547,42466.0,2.2483,0.3502,2007
MN,582,3.747,208.166,5.65384,77,33,186,7.654,44778.6,2.4278,0.3502,2007
MN,583,3.1247,208.601,5.56694,89,32,277,7.49,43904.6,2.5852,0.3502,2007
MN,584,3.1377,209.037,5.52426,83,29,513,8.4,43386.5,2.6466,0.3502,2007
MN,585,3.034,209.474,5.57219,123,24,487,7.135,44291.2,2.544,0.3502,2007
MN,586,2.0432,209.911,5.46453,118,44,111,7.278,44418.3,2.751,0.3502,2007
MN,587,1.6107,210.35,5.28196,116,70,537,7.587,43968.8,2.665,0.3502,2007
MN,588,2.0974,210.789,5.53845,103,42,580,7.531,44450.4,2.6,0.3502,2007
MN,589,2.0914,211.229,5.43922,80,21,401,7.772,43633.2,2.4319,0.3502,2007
MN,590,2.1589,211.67,5.74684,98,19,589,7.705,45109.9,2.3091,0.3502,2007
MN,591,2.1814,212.113,5.76698,73,46,260,8.246,43868.0,2.2956,0.3502,2007
MN,592,2.2614,212.556,5.9372,62,35,730,8.344,43852.8,2.3483,0.3502,2007
MN,593,2.2972,213.0,6.19745,84,34,81,9.305,45069.5,2.3813,0.3502,2007
MN,594,2.365,213.444,6.24218,79,54,109,8.04,45073.6,2.5475,0.3502,2007
MN,595,2.2957,213.89,6.20994,98,93,1442,8.03,44220.4,2.4242,0.3502,2007
MN,596,2.2774,214.337,6.14197,91,48,764,7.406,44602.3,2.6412,0.3502,2007
MN,597,2.1629,214.785,5.9657,114,40,727,7.303,45215.5,2.6201,0.3502,2007
MN,598,2.0818,215.233,5.65237,85,14,532,7.017,44635.3,2.5651,0.3502,2007
MN,599,2.047,215.683,5.62588,96,70,151,7.548,44477.4,2.5492,0.3502,2007
MN,600,2.4964,216.133,5.62843,91,25,238,7.666,44724.9,2.4606,0.3502,2007
MN,601,2.5134,216.585,5.68466,82,15,174,8.438,46414.9,2.3979,0.3502,2007
MN,602,2.5716,217.037,5.54174,79,56,217,8.536,45313.2,2.3333,0.3502,2007
MN,603,2.5723,217.491,5.94274,69,102,177,8.75,45510.1,2.3183,0.3502,2007
MN,604,2.591,217.945,6.06982,84,6,346,8.845,45719.5,2.3326,0.3502,2007
MN,605,2.6484,218.4,6.20007,95,31,217,7.415,44999.5,2.3791,0.3502,2007
MN,606,2.6719,218.856,6.12063,91,14,76,7.924,46733.9,2.5265,0.3502,2007
MN,607,2.6075,219.313,6.06565,89,32,459,8.053,45732.6,2.7228,0.3502,2007
MN,608,2.6134,219.772,5.87897,91,52,602,8.209,44765.9,2.6603,0.3502,2007
MN,609,2.5667,220.231,5.74891,97,62,274,7.573,46037.0,2.5846,0.3502,2007
MN,610,2.5358,220.691,5.61996,88,74,451,7.92,45338.5,2.6735,0.3502,2007
MN,611,2.4177,221.152,5.50855,79,88,88,7.684,45860.5,2.5401,0.3502,2007
MN,612,3.0638,221.614,5.72699,92,76,426,5.054,48105.2,2.3759,0.3502,2007
MN,613,3.1045,222.076,5.70733,73,53,480,5.244,48173.2,2.2003,0.3502,2007
MN,614,3.1284,222.54,5.65895,86,23,218,5.725,48291.8,1.9691,0.3502,2007
MN,615,3.1405,223.005,5.88278,64,36,345,5.337,47795.6,2.0721,0.3502,2007
MN,616,3.2588,223.471,6.08553,76,38,116,5.528,47169.7,2.2687,0.3502,2007
MN,617,3.3129,223.938,6.25499,69,53,155,4.787,47308.3,2.283,0.3502,2007
MN,618,3.4291,224.405,6.49484,83,73,164,4.645,48616.9,2.2024,0.3502,2007
MN,619,3.3505,224.874,6.17178,90,54,821,5.11,47398.9,2.4365,0.3502,2007
MN,620,3.2919,225.344,6.33466,90,79,276,3.623,47514.0,2.4365,0.3502,2007
MN,621,3.1574,225.815,5.94843,87,104,388,4.963,48746.9,2.3987,0.3502,2007
MN,622,3.0926,226.286,5.74289,97,106,508,3.892,48329.9,2.4888,0.3502,2007
MN,623,3.178,226.759,5.52596,82,37,256,4.375,46885.7,2.2579,0.3502,2007
MN,624,3.3198,227.233,5.60262,81,46,147,5.29,49043.6,2.3787,0.3502,2007
MN,625,3.2268,227.707,5.71327,94,68,216,4.856,48109.0,2.1149,0.3502,2007
MN,626,3.2924,228.183,5.72786,75,47,263,5.268,48444.9,2.2733,0.3502,2007
MN,627,3.3101,228.659,5.88983,68,57,284,5.04,49760.5,2.0049,0.3502,2007
MN,628,3.3896,229.137,6.2904,68,21,137,4.999,48100.2,2.1221,0.3502,2007
MN,629,3.4229,229.616,6.26217,84,43,403,4.914,49200.0,2.2963,0.3502,2007
MN,630,3.4361,230.095,6.30263,87,40,101,5.18,48206.9,2.0983,0.3502,2007
MN,631,3.4813,230.576,6.43113,84,52,681,4.619,48845.5,2.3276,0.3502,2007
MN,632,3.4554,231.057,6.17568,92,58,451,4.754,48399.1,2.4792,0.3502,2007
MN,633,3.3284,231.54,5.98414,104,52,1149,4.864,48679.9,2.4971,0.3502,2007
MN,634,3.2335,232.024,5.81032,111,21,409,5.07,49680.1,2.2499,0.3502,2007
MN,635,3.2411,232.508,5.62232,93,24,782,4.964,49515.3,2.4067,0.3502,2007
MN,636,3.1442,232.994,5.6332,76,70,30,4.667,48387.5,2.255,0.3502,2007
MN,637,3.143,233.481,5.76408,68,19,136,5.246,49368.8,2.1269,0.3502,2007
MN,638,3.2186,233.968,5.99771,85,42,860,5.349,49439.5,2.1392,0.3502,2007
MN,639,3.215,234.457,6.25817,65,14,103,5.895,49798.8,2.1543,0.3502,2007
MN,640,3.2497,234.947,6.23849,57,25,103,4.94,51807.7,2.1734,0.3502,2007
MN,641,3.264,235.438,6.52303,86,70,623,5.188,50945.6,2.3402,0.3502,2007
MN,642,3.321,235.929,6.30611,92,27,162,4.917,48929.7,2.3166,0.3502,2007
MN,643,3.3466,236.422,6.62681,95,29,352,4.936,49912.5,2.2409,0.3502,2007
MN,644,3.3797,236.916,6.38201,93,22,212,4.705,49818.7,2.5354,0.3502,2007
MN,645,3.2894,237.411,6.3608,89,40,438,4.478,50867.1,2.4401,0.3502,2007
MN,646,3.1535,237.907,5.99485,97,71,334,4.602,49441.1,2.3377,0.3502,2007
MN,647,3.1297,238.404,6.07415,87,52,148,4.429,50491.2,2.5961,0.3502,2007
MN,648,2.9893,238.902,5.62191,82,33,252,4.732,48695.5,2.3022,0.3502,2007
MN,649,3.0454,239.401,5.94978,89,47,824,5.075,49811.8,2.1603,0.3502,2007
MN,650,2.9797,239.901,6.10881,93,23,286,5.124,50085.6,2.2514,0.3502,2007
MN,651,3.0638,240.402,6.30551,61,76,440,5.489,50683.0,2.285,0.3502,2007
MN,652,3.0044,240.904,6.40612,74,98,473,5.201,51872.6,2.1351,0.3502,2007
MN,653,3.3318,241.407,6.75966,86,57,175,5.327,51680.7,2.1967,0.3502,2007
MN,654,3.1825,241.911,6.7485,88,96,991,4.763,51071.8,2.2482,0.3502,2007
MN,655,3.0975,242.417,6.68121,95,57,277,4.572,50937.2,2.4258,0.3502,2007
MN,656,3.118,242.923,6.55391,91,60,466,4.676,51203.2,2.4867,0.3502,2007
MN,657,3.0511,243.43,6.11334,85,67,389,4.566,50515.6,2.4684,0.3502,2007
MN,658,3.0478,243.939,6.13519,100,48,589,4.63,51176.8,2.5391,0.3502,2007
MN,659,3.002,244.448,5.77975,110,65,510,5.365,50833.0,2.4155,0.3502,2007
MN,660,1.9363,244.959,5.86364,91,31,165,4.866,49779.7,2.1445,0.3502,2007
MN,661,2.1781,245.471,6.43606,69,52,219,4.811,51881.5,2.2866,0.3502,2007
MN,662,2.1698,245.983,6.50738,83,57,309,4.66,51760.2,2.045,0.3502,2007
MN,663,2.2598,246.497,6.56342,94,39,491,5.523,51467.6,2.2358,0.3502,2007
MN,664,2.2731,247.012,7.15196,97,37,420,5.696,51957.3,2.1388,0.3502,2007
MN,665,2.3304,247.528,7.31732,95,90,210,5.204,52247.6,2.2276,0.3502,2007
MN,666,2.3266,248.045,7.32386,96,66,763,5.058,51813.1,2.152,0.3502,2007
MN,667,2.3084,248.563,7.21441,95,50,306,4.483,53039.7,2.3835,0.3502,2007
MN,668,2.2804,249.082,6.58741,86,40,262,5.4,50858.3,2.5132,0.3502,2007
MN,669,2.2428,249.603,7.06491,85,221,1083,3.857,52101.8,2.4478,0.3502,2007
MN,670,2.1353,250.124,6.55125,85,69,571,4.359,52266.6,2.3254,0.3502,2007
MN,671,2.1033,250.646,6.3202,97,53,649,4.348,52536.2,2.3979,0.3502,2007
MN,672,1.8562,251.17,6.57607,83,32,461,4.778,52061.7,2.2369,0.3502,2007
MN,673,1.8927,251.694,6.78932,98,46,346,5.303,52065.3,2.2736,0.3502,2007
MN,674,1.9559,252.22,7.09263,87,79,1267,4.586,51636.8,2.1226,0.3502,2007
MN,675,1.9904,252.747,7.10658,78,58,309,4.911,52236.6,2.1423,0.3502,2007
MN,676,2.0318,253.275,7.62919,85,21,555,5.182,53447.7,2.2038,0.3502,2007
MN,677,2.0321,253.804,7.45569,89,22,370,5.372,52274.2,2.2516,0.3502,2007
MN,678,2.0147,254.334,7.36751,83,65,548,4.241,52160.1,2.2735,0.3502,2007
MN,679,2.0753,254.865,7.61542,98,71,563,5.009,52352.6,2.2814,0.3502,2007
MN,680,2.0075,255.398,7.35057,104,31,291,4.823,53904.7,2.4247,0.3502,2007
MN,681,1.9613,255.931,7.10128,106,53,1136,4.318,51735.4,2.521,0.3502,2007
MN,682,1.9087,256.466,7.03936,103,14,640,4.445,52646.6,2.5347,0.3502,2007
MN,683,1.8345,257.001,6.71673,85,95,937,4.902,53305.8,2.4696,0.3502,2007
MN,684,2.1239,257.538,6.742,86,52,95,4.867,53913.3,2.3357,0.3502,2007
MN,685,2.0882,258.076,6.89669,97,21,212,5.145,53186.6,2.1325,0.3502,2007
MN,686,2.1439,258.615,6.71472,87,42,498,4.488,53358.3,2.187,0.3502,2007
MN,687,2.2332,259.155,6.99033,90,29,38,5.697,54026.0,2.1247,0.3502,2007
MN,688,2.2646,259.697,7.31509,70,86,295,5.167,54029.4,2.1692,0.3502,2007
MN,689,2.3016,260.239,7.63623,82,93,133,5.508,52104.4,2.0731,0.3502,2007
MN,690,2.36,260.783,7.80437,90,44,1622,4.425,54913.9,2.3355,0.3502,2007
MN,691,2.3606,261.327,7.74317,91,35,408,5.062,54157.4,2.5203,0.3502,2007
MN,692,2.2539,261.873,7.51655,81,44,189,4.828,53768.6,2.4444,0.3502,2007
MN,693,2.2138,262.42,6.85066,104,47,537,4.632,53867.9,2.5229,0.3502,2007
MN,694,2.1627,262.968,7.24715,99,88,846,4.807,54714.8,2.4437,0.3502,2007
MN,695,2.1378,263.518,6.66198,78,80,366,4.98,53991.1,2.2972,0.3502,2007
MN,696,2.3867,264.068,6.43294,98,26,1133,4.9,53930.2,2.3254,0.3502,2007
MN,697,2.3226,264.62,6.78768,91,50,451,5.399,54532.4,2.241,0.3502,2007
MN,698,2.4342,265.172,7.05291,79,66,509,5.084,54275.3,2.245,0.3502,2007
MN,699,2.6016,265.726,6.88883,85,83,369,5.49,54482.0,2.047,0.3502,2007
MN,700,2.5931,266.281,7.33293,52,87,379,5.144,54168.0,2.3141,0.3502,2007
MN,701,2.6201,266.838,7.31794,79,69,219,5.763,54280.7,2.1765,0.3502,2007
MN,702,2.5943,267.395,7.7012,74,37,208,5.58,55354.9,2.4185,0.3502,2007
MN,703,2.5297,267.953,7.77291,81,29,664,4.684,55514.1,2.3448,0.3502,2007
MN,704,2.5409,268.513,7.35581,103,49,392,4.222,55921.7,2.3808,0.3502,2007
MN,705,2.5036,269.074,7.15505,104,27,441,4.348,55027.3,2.2468,0.3502,2007
MN,706,2.4549,269.636,6.88602,99,36,661,4.442,55934.0,2.4416,0.3502,2007
MN,707,2.4053,270.199,6.76838,95,53,505,5.148,54910.8,2.3559,0.3502,2007
MN,708,2.2524,270.764,6.72291,87,66,238,5.107,55354.9,2.2401,0.3502,2007
MN,709,2.2386,271.329,6.60468,76,60,321,5.099,55801.8,2.2562,0.3502,2007
MN,710,2.2781,271.896,7.23727,79,42,237,5.195,55325.7,2.2066,0.3502,2007
MN,711,2.3803,272.464,7.26254,68,42,87,5.189,56363.6,2.0876,0.3502,2007
MN,712,2.4252,273.033,7.6403,93,92,491,5.659,55926.4,2.0667,0.3502,2007
MN,713,2.5029,273.603,7.5735,96,95,778,4.94,56894.4,2.1701,0.3502,2007
MN,714,2.452,274.175,7.77389,83,34,990,4.758,55712.5,2.4442,0.3502,2007
MN,715,2.4795,274.747,7.48682,87,138,570,4.858,56706.0,2.4288,0.3502,2007
MN,716,2.4861,275.321,7.72572,96,57,233,4.886,55568.0,2.4409,0.3502,2007
MN,717,2.4454,275.896,7.35537,113,25,525,4.616,57454.9,2.4476,0.3502,2007
MN,718,2.3059,276.473,7.14124,102,37,429,5.235,55180.3,2.3805,0.3502,2007
MN,719,2.2911,277.05,6.98345,107,13,1186,4.253,56690.3,2.3686,0.3502,2007
MN,720,1.8932,277.629,6.544,97,36,342,9.648,56694.7,2.3341,0.3502,2007
MN,721,1.8802,278.209,6.77062,83,24,87,9.353,55617.0,2.3481,0.3502,2007
MN,722,1.9285,278.79,5.82415,101,40,667,10.482,56613.7,2.3035,0.3502,2007
MN,723,1.6579,279.372,4.92637,93,24,322,9.314,56936.8,2.1331,0.3502,2007
MN,724,1.6881,279.956,5.94731,95,70,394,9.424,56252.2,2.1891,0.3502,2007
MN,725,2.0823,280.54,6.77608,76,116,446,9.609,56880.0,2.265,0.3502,2007
MN,726,2.0905,281.126,7.40769,96,99,436,9.888,58370.5,2.3377,0.3502,2007
MN,727,2.0596,281.714,7.76843,82,47,85,9.363,57269.0,2.1609,0.3502,2007
MN,728,2.0288,282.302,7.51404,96,29,1652,9.067,57514.1,2.4145,0.3502,2007
MN,729,1.9854,282.892,7.39573,103,130,544,9.193,58301.2,2.4116,0.3502,2007
MN,730,1.9516,283.483,6.91693,119,40,307,9.577,57999.6,2.4839,0.3502,2007
MN,731,1.9439,284.075,7.24025,92,60,250,9.018,57450.7,2.2428,0.3502,2007
MN,732,2.6607,284.668,7.30383,101,46,637,5.701,57660.1,2.4103,0.3502,2007
MN,733,2.7084,285.263,7.22133,86,30,46,4.63,57927.8,2.038,0.3502,2007
MN,734,2.7164,285.859,6.9181,74,35,938,4.477,58243.1,2.1938,0.3502,2007
MN,735,2.7668,286.456,7.52312,75,36,277,6.076,58507.4,2.0463,0.3502,2007
MN,736,2.8499,287.054,7.83826,89,51,301,5.162,59369.0,2.0795,0.3502,2007
MN,737,2.8119,287.654,7.62621,85,88,216,4.887,58289.7,2.2002,0.3502,2007
MN,738,2.7934,288.254,7.96551,86,58,331,4.468,57871.3,2.3697,0.3502,2007
MN,739,2.7779,288.856,8.0989,95,25,758,4.254,59098.1,2.3513,0.3502,2007
MN,740,2.7827,289.46,7.70359,99,50,509,4.424,59165.9,2.399,0.3502,2007
MN,741,2.8143,290.064,7.29504,105,63,129,4.354,59745.9,2.3728,0.3502,2007
MN,742,2.8317,290.67,7.3291,75,40,172,5.169,59367.0,2.4243,0.3502,2007
MN,743,2.7251,291.277,6.99458,104,57,307,5.268,59336.7,2.3248,0.3502,2007
MN,744,3.57,291.886,6.76322,71,73,988,4.826,59578.9,2.1996,0.3502,2007
MN,745,3.5609,292.496,6.78122,75,59,297,5.411,58548.5,2.2316,0.3502,2007
MN,746,3.5339,293.106,6.92279,73,78,238,5.471,59942.1,2.044,0.3502,2007
MN,747,3.5909,293.719,7.04615,79,28,306,5.532,58319.1,2.2208,0.3502,2007
MN,748,4.1242,294.332,7.4617,83,42,494,5.342,59606.8,2.0948,0.3502,2007
MN,749,4.6032,294.947,7.63345,80,50,529,4.999,60684.6,2.0935,0.3502,2007
MN,750,3.7152,295.563,7.53915,82,43,233,5.356,59129.9,2.153,0.3502,2007
MN,751,3.7546,296.18,7.74536,73,125,185,4.38,59975.5,2.3498,0.3502,2007
MN,752,3.7457,296.799,7.38548,90,133,216,4.544,60845.7,2.3482,0.3502,2007
MN,753,3.6945,297.419,7.23909,83,75,532,4.446,60240.5,2.4406,0.3502,2007
MN,754,3.5658,298.04,6.92547,112,21,546,4.939,60796.4,2.3678,0.3502,2007
MN,755,3.5126,298.663,6.58634,94,44,559,4.829,60193.6,2.31,0.3502,2007
MN,756,3.0675,299.287,6.9757,76,52,347,5.27,59717.0,2.3742,0.3502,2007
MN,757,3.1898,299.912,6.80076,84,65,494,4.838,60523.2,2.1514,0.3502,2007
MN,758,3.2435,300.538,7.15873,88,70,156,4.38,60340.4,2.1851,0.3502,2007
MN,759,3.3073,301.166,7.36332,79,18,719,5.185,59398.7,2.2751,0.3502,2007
MN,760,3.4325,301.795,7.36919,74,19,557,5.553,59851.6,2.2193,0.3502,2007
MN,761,3.3335,302.425,7.72336,81,71,336,5.094,59866.1,2.2417,0.3502,2007
MN,762,3.3521,303.057,7.61982,71,78,332,5.114,60369.9,2.2373,0.3502,2007
MN,763,3.357,303.69,7.52039,93,80,853,4.88,60170.2,2.3676,0.3502,2007
MN,764,3.252,304.324,7.75266,91,101,838,4.5,60445.5,2.6056,0.3502,2007
MN,765,3.2457,304.96,7.47721,110,105,520,5.316,62340.4,2.2447,0.3502,2007
MN,766,3.1193,305.597,6.93569,62,47,107,5.173,61427.2,2.483,0.3502,2007
MN,767,3.1319,306.235,6.96716,90,31,806,4.749,60920.0,2.3508,0.3502,2007
MN,768,2.8828,306.875,6.95457,86,11,215,5.911,61224.1,2.3309,0.3502,2007
MN,769,2.9188,307.516,7.12882,78,105,769,5.998,63013.8,2.2644,0.3502,2007
MN,770,2.998,308.158,7.5806,78,152,413,5.772,62315.9,2.2623,0.3502,2007
MN,771,3.0332,308.802,7.49563,72,12,216,5.14,61971.3,2.137,0.3502,2007
MN,772,3.0923,309.447,7.69354,79,75,388,4.88,60949.5,2.1945,0.3502,2007
MN,773,3.1641,310.093,7.83068,104,99,222,5.178,63054.9,2.3424,0.3502,2007
MN,774,3.2119,310.741,8.29185,80,54,369,4.313,62476.9,2.4619,0.3502,2007
MN,775,3.1468,311.39,8.00984,91,69,276,4.994,62815.6,2.303,0.3502,2007
MN,776,3.0417,312.041,7.77765,89,105,351,5.072,62620.3,2.2511,0.3502,2007
MN,777,2.926,312.692,7.91342,84,23,661,4.298,62578.9,2.4105,0.3502,2007
MN,778,2.9232,313.345,7.3792,88,62,287,5.336,63101.5,2.5582,0.3502,2007
MN,779,2.8468,314.0,7.15233,88,56,357,5.851,62094.9,2.5215,0.3502,2007
MS,540,2.0468,190.7,7.07374,139,41,536,4.958,42269.7,2.3308,0.1412,2006
MS,541,2.1124,191.098,7.24877,127,40,298,5.112,42461.1,2.2621,0.1412,2006
MS,542,2.1008,191.497,7.29598,108,18,211,5.101,42018.1,2.0696,0.1412,2006
MS,543,2.1051,191.897,7.8413,98,108,123,5.711,42825.4,2.0796,0.1412,2006
MS,544,2.1956,192.298,8.02816,108,42,364,5.375,41889.1,2.1684,0.1412,2006
MS,545,2.2345,192.7,8.25676,100,74,660,5.976,42706.2,2.4118,0.1412,2006
MS,546,2.2757,193.102,8.31836,115,23,236,5.006,41570.4,2.3022,0.1412,2006
MS,547,2.2441,193.506,8.16409,120,82,208,4.761,42724.7,2.4965,0.1412,2006
MS,548,2.2059,193.91,8.01828,128,65,405,5.217,42250.4,2.354,0.1412,2006
MS,549,2.1183,194.315,7.85656,138,65,509,4.896,42303.1,2.5251,0.1412,2006
MS,550,2.0984,194.721,7.35323,128,96,260,4.39,43113.5,2.4084,0.1412,2006
MS,551,2.0549,195.128,7.32691,143,13,1166,4.686,42402.4,2.3024,0.1412,2006
MS,552,2.3651,195.535,7.28159,105,95,587,5.28,42246.5,2.3173,0.1412,2006
MS,553,2.4295,195.944,7.30649,98,63,360,5.167,42255.4,2.1696,0.1412,2006
MS,554,2.4322,196.353,7.32711,104,22,573,5.212,43012.5,2.2337,0.1412,2006
MS,555,2.3635,196.763,7.80897,112,69,218,4.936,43376.4,2.358,0.1412,2006
MS,556,2.4906,197.174,8.20606,107,74,208,5.722,43695.6,2.0026,0.1412,2006
MS,557,2.5514,197.586,8.22055,101,60,465,4.971,43144.6,2.3115,0.1412,2006
MS,558,2.5473,197.999,8.21601,129,60,188,5.292,44905.6,2.2284,0.1412,2006
MS,559,2.5676,198.412,8.15153,113,107,346,5.029,43204.1,2.3723,0.1412,2006
MS,560,2.5341,198.827,8.12154,120,91,761,4.757,43367.1,2.3503,0.1412,2006
MS,561,2.4594,199.242,7.90601,132,147,170,4.886,44104.4,2.4009,0.1412,2006
MS,562,2.4254,199.658,7.07725,118,90,366,4.752,44060.6,2.5173,0.1412,2006
MS,563,2.3572,200.075,7.16034,130,72,543,5.246,43134.6,2.4595,0.1412,2006
MS,564,2.5685,200.493,7.07706,97,38,463,5.347,43823.9,2.3282,0.1412,2006
MS,565,2.593,200.912,7.22177,112,77,364,5.052,43769.9,2.3016,0.1412,2006
MS,566,2.6718,201.331,7.40602,98,61,725,5.103,44052.0,2.1985,0.1412,2006
MS,567,2.6985,201.752,7.70704,120,56,827,6.469,43722.1,2.2038,0.1412,2006
MS,568,2.8262,202.173,7.81681,96,63,253,4.224,43855.2,2.28,0.1412,2006
MS,569,2.8504,202.596,8.02454,93,79,737,5.042,44410.4,2.0856,0.1412,2006
MS,570,2.7733,203.019,8.21398,107,89,305,5.516,44715.7,2.3626,0.1412,2006
MS,571,2.7294,203.443,8.22192,126,70,1428,4.094,43427.5,2.3985,0.1412,2006
MS,572,2.6706,203.868,8.36737,116,59,614,4.413,44737.2,2.4032,0.1412,2006
MS,573,2.6322,204.294,7.53899,148,78,1251,5.12,44620.3,2.5381,0.1412,2006
MS,574,2.5693,204.72,7.41588,111,68,361,4.054,44772.7,2.3935,0.1412,2006
MS,575,2.5251,205.148,7.40388,118,28,441,5.076,45301.5,2.3062,0.1412,2006
MS,576,2.8863,205.576,6.82046,124,22,69,7.729,41589.0,2.5043,0.1412,2006
MS,577,2.9612,206.006,6.78746,101,60,329,7.751,43568.0,2.3838,0.1412,2006
MS,578,3.0158,206.436,7.18322,105,143,299,8.071,43196.1,2.2182,0.1412,2006
MS,579,3.2028,206.867,7.28699,103,35,248,7.921,44164.0,2.4492,0.1412,2006
MS,580,3.2394,207.299,7.79567,97,45,16,7.826,43183.0,2.2621,0.1412,2006
MS,581,3.8509,207.732,7.61376,95,58,275,8.161,43331.0,2.4325,0.1412,2006
MS,582,3.9589,208.166,7.80433,129,105,113,7.637,44133.6,2.6301,0.1412,2006
MS,583,3.2517,208.601,7.4593,98,103,324,6.837,43896.7,2.6417,0.1412,2006
MS,584,3.1913,209.037,7.37083,138,76,715,7.188,43952.1,2.6352,0.1412,2006
MS,585,3.136,209.474,7.14114,111,59,323,7.859,44372.9,2.5875,0.1412,2006
MS,586,2.0372,209.911,7.24187,140,40,212,7.587,44354.8,2.531,0.1412,2006
MS,587,1.6021,210.35,7.47212,142,59,947,7.512,43970.0,2.5585,0.1412,2006
MS,588,2.1092,210.789,7.28134,118,32,162,7.278,44140.0,2.5018,0.1412,2006
MS,589,2.1005,211.229,7.57259,102,23,400,7.57,43125.7,2.4669,0.1412,2006
MS,590,2.1516,211.67,7.63184,99,25,467,7.779,45541.6,2.328,0.1412,2006
MS,591,2.2644,212.113,7.93764,120,61,570,8.335,44222.5,2.1645,0.1412,2006
MS,592,2.2497,212.556,8.22949,105,131,554,7.209,44539.8,2.4043,0.1412,2006
MS,593,2.2766,213.0,8.5915,96,35,769,8.199,43883.7,2.3276,0.1412,2006
MS,594,2.3236,213.444,8.51116,122,61,742,7.677,45036.8,2.4256,0.1412,2006
MS,595,2.3397,213.89,8.74267,131,130,485,6.949,45270.4,2.6284,0.1412,2006
MS,596,2.3093,214.337,8.49384,138,51,296,7.705,45522.5,2.6101,0.1412,2006
MS,597,2.2721,214.785,8.01214,134,115,316,7.754,43973.3,2.6139,0.1412,2006
MS,598,2.146,215.233,7.68696,147,115,540,7.306,45210.9,2.5659,0.1412,2006
MS,599,2.1458,215.683,7.39249,141,175,102,7.33,44377.0,2.5431,0.1412,2006
MS,600,2.4904,216.133,7.57223,117,52,429,8.419,45147.2,2.4655,0.1412,2006
MS,601,2.5554,216.585,7.64933,133,37,213,8.375,45403.4,2.4368,0.1412,2006
MS,602,2.6261,217.037,7.93995,97,141,315,8.181,45823.3,2.3691,0.1412,2006
MS,603,2.6891,217.491,7.96529,110,62,1050,7.797,45238.6,2.3619,0.1412,2006
MS,604,2.7435,217.945,7.9211,101,119,484,8.669,45361.6,2.3307,0.1412,2006
MS,605,2.7186,218.4,8.28938,113,46,442,8.07,45560.2,2.3632,0.1412,2006
MS,606,2.7791,218.856,8.40052,112,30,679,8.061,45475.3,2.583,0.1412,2006
MS,607,2.7852,219.313,8.20917,118,51,545,7.758,45225.4,2.4867,0.1412,2006
MS,608,2.7124,219.772,8.16884,115,68,618,7.951,45306.7,2.6672,0.1412,2006
MS,609,2.665,220.231,7.76472,137,75,268,7.395,45576.0,2.6116,0.1412,2006
MS,610,2.5719,220.691,7.87047,114,60,249,7.176,45819.7,2.5838,0.1412,2006
MS,611,2.472,221.152,7.42738,123,61,349,7.618,46277.0,2.6487,0.1412,2006
MS,612,3.233,221.614,7.61837,112,84,118,4.744,47602.0,2.0702,0.1412,2006
MS,613,3.2467,222.076,7.44817,119,68,937,5.015,47836.0,2.1559,0.1412,2006
MS,614,3.1905,222.54,7.71244,98,17,227,4.922,47537.8,2.0661,0.1412,2006
MS,615,3.2865,223.005,7.9382,87,102,73,5.362,48131.9,2.0213,0.1412,2006
MS,616,3.36,223.471,8.45829,100,50,123,4.678,47928.9,2.2057,0.1412,2006
MS,617,3.4874,223.938,8.57236,111,93,224,5.272,47166.4,2.2515,0.1412,2006
MS,618,3.439,224.405,8.60205,131,41,237,5.526,48031.0,2.2944,0.1412,2006
MS,619,3.4033,224.874,8.14687,132,105,1059,5.437,46856.2,2.2976,0.1412,2006
MS,620,3.3928,225.344,8.18321,90,16,583,4.962,48345.6,2.546,0.1412,2006
MS,621,3.3174,225.815,7.79674,139,97,443,4.987,48935.0,2.2675,0.1412,2006
MS,622,3.2229,226.286,7.75954,120,91,661,5.369,48371.1,2.3591,0.1412,2006
MS,623,3.1461,226.759,7.79005,109,48,1172,4.898,48313.4,2.422,0.1412,2006
MS,624,3.1572,227.233,7.45928,114,160,918,4.754,47910.4,2.3261,0.1412,2006
MS,625,3.2835,227.707,7.97672,115,58,15,4.71,48238.3,2.2256,0.1412,2006
MS,626,3.2898,228.183,7.96743,86,87,316,4.851,48835.8,2.3711,0.1412,2006
MS,627,3.4022,228.659,8.05948,93,50,682,5.176,49621.5,2.2309,0.1412,2006
MS,628,3.4329,229.137,8.47541,92,87,181,4.806,48437.5,2.0967,0.1412,2006
MS,629,3.5641,229.616,8.36917,82,63,895,4.331,47147.3,2.2245,0.1412,2006
MS,630,3.4443,230.095,8.3151,102,138,626,5.175,48801.7,2.3698,0.1412,2006
MS,631,3.4693,230.576,8.50401,117,64,1124,4.746,47814.2,2.383,0.1412,2006
MS,632,3.4231,231.057,8.62589,123,36,823,4.412,49354.7,2.3565,0.1412,2006
MS,633,3.369,231.54,7.93986,117,31,694,4.73,49745.2,2.4191,0.1412,2006
MS,634,3.2753,232.024,7.65887,110,40,945,4.949,47777.2,2.4034,0.1412,2006
MS,635,3.2797,232.508,7.51376,116,56,349,5.2,49312.7,2.4727,0.1412,2006
MS,636,3.0709,232.994,7.60574,120,49,409,5.674,48997.0,2.3775,0.1412,2006
MS,637,3.0477,233.481,7.82527,127,175,271,4.973,50303.5,2.2182,0.1412,2006
MS,638,3.0951,233.968,7.94608,101,28,273,5.424,48948.5,2.259,0.1412,2006
MS,639,3.1404,234.457,8.17175,106,54,389,4.915,50806.1,2.1075,0.1412,2006
MS,640,3.2372,234.947,8.39437,108,78,231,4.94,50034.6,2.1876,0.1412,2006
MS,641,3.3796,235.438,8.58701,107,30,225,5.226,49891.5,2.1994,0.1412,2006
MS,642,3.4105,235.929,9.07761,100,84,342,4.878,49875.2,2.3044,0.1412,2006
MS,643,3.3852,236.422,8.74882,110,86,723,4.142,48796.0,2.2477,0.1412,2006
MS,644,3.3859,236.916,8.23205,132,26,223,4.193,50353.8,2.4796,0.1412,2006
MS,645,3.3319,237.411,8.34748,125,39,622,4.603,50534.9,2.4923,0.1412,2006
MS,646,3.1529,237.907,8.2513,117,117,372,4.791,50818.3,2.3199,0.1412,2006
MS,647,3.1642,238.404,7.85296,119,54,316,5.022,50476.3,2.424,0.1412,2006
MS,648,2.9139,238.902,7.75504,127,52,431,4.956,49827.0,2.2787,0.1412,2006
MS,649,2.9841,239.401,7.66981,106,131,328,5.945,51304.8,2.2438,0.1412,2006
MS,650,3.1474,239.901,7.96784,99,46,384,5.509,50192.5,2.0703,0.1412,2006
MS,651,3.1583,240.402,8.39054,110,49,303,5.644,51394.2,2.1529,0.1412,2006
MS,652,3.2766,240.904,8.5516,128,28,310,5.106,51024.0,2.182,0.1412,2006
MS,653,3.5252,241.407,9.07993,87,77,993,4.175,51212.9,2.3628,0.1412,2006
MS,654,3.3364,241.911,8.56755,105,80,631,4.88,51467.5,2.3088,0.1412,2006
MS,655,3.2653,242.417,9.27531,116,88,634,4.274,50569.0,2.3487,0.1412,2006
MS,656,3.2112,242.923,8.79947,133,67,412,4.398,50116.1,2.5007,0.1412,2006
MS,657,3.1613,243.43,8.64342,117,118,614,4.959,51121.7,2.4432,0.1412,2006
MS,658,3.1085,243.939,8.29623,125,87,603,5.089,50466.3,2.3929,0.1412,2006
MS,659,3.0971,244.448,7.95457,138,36,633,5.476,50944.8,2.4511,0.1412,2006
MS,660,1.9747,244.959,8.1936,117,57,175,4.617,50912.9,2.3971,0.1412,2006
MS,661,2.1861,245.471,8.35403,108,110,834,4.764,50651.3,2.2688,0.1412,2006
MS,662,2.3083,245.983,8.51875,101,47,398,5.624,51633.8,2.0959,0.1412,2006
MS,663,2.3276,246.497,9.10921,115,88,725,5.033,51017.9,2.2501,0.1412,2006
MS,664,2.4271,247.012,9.62884,121,60,589,4.396,52295.2,2.2792,0.1412,2006
MS,665,2.5201,247.528,9.67632,113,94,212,5.226,52275.0,2.1793,0.1412,2006
MS,666,2.4652,248.045,9.49409,123,55,689,5.512,50867.4,2.3346,0.1412,2006
MS,667,2.4456,248.563,9.12035,106,93,404,5.129,51194.4,2.3155,0.1412,2006
MS,668,2.4094,249.082,9.44929,131,94,155,5.084,51251.3,2.5968,0.1412,2006
MS,669,2.3289,249.603,8.93014,117,50,610,4.249,52641.3,2.4634,0.1412,2006
MS,670,2.1949,250.124,9.15395,118,173,1169,5.214,52531.8,2.3897,0.1412,2006
MS,671,2.2013,250.646,8.51516,116,34,1667,3.963,51383.2,2.3335,0.1412,2006
MS,672,1.84,251.17,8.69373,132,40,1100,4.942,51830.7,2.2851,0.1412,2006
MS,673,1.861,251.694,9.37279,124,74,803,5.208,53082.0,2.2025,0.1412,2006
MS,674,1.9206,252.22,9.27178,96,73,448,4.859,51304.6,2.1125,0.1412,2006
MS,675,1.9679,252.747,9.55157,108,73,434,5.95,53037.7,2.0035,0.1412,2006
MS,676,2.076,253.275,9.91962,114,42,323,5.599,52391.6,2.1905,0.1412,2006
MS,677,2.1146,253.804,10.08269,129,82,866,5.699,52446.9,2.4,0.1412,2006
MS,678,2.0965,254.334,10.30343,138,162,939,4.739,52234.6,2.3154,0.1412,2006
MS,679,2.1406,254.865,9.88733,123,120,190,5.137,53660.8,2.3912,0.1412,2006
MS,680,2.0755,255.398,10.00966,118,35,382,4.442,52811.8,2.5257,0.1412,2006
MS,681,2.0338,255.931,9.63662,135,124,764,4.728,53766.9,2.5874,0.1412,2006
MS,682,1.953,256.466,9.48515,122,146,494,5.007,53552.6,2.3327,0.1412,2006
MS,683,1.8932,257.001,9.3331,138,44,585,4.422,52631.1,2.3549,0.1412,2006
MS,684,2.1642,257.538,9.19837,103,67,1021,4.797,54300.3,2.2304,0.1412,2006
MS,685,2.2138,258.076,9.37888,122,47,411,5.541,54951.2,2.0497,0.1412,2006
MS,686,2.2452,258.615,9.48828,110,78,1104,4.436,54523.1,2.3096,0.1412,2006
MS,687,2.2497,259.155,9.41387,121,23,861,5.648,53065.7,2.2521,0.1412,2006
MS,688,2.3307,259.697,9.63189,109,93,600,5.406,54427.4,2.0455,0.1412,2006
MS,689,2.3519,260.239,10.20568,120,47,737,4.907,54320.6,2.2278,0.1412,2006
MS,690,2.4104,260.783,10.44563,112,144,664,5.013,53707.7,2.3552,0.1412,2006
MS,691,2.3539,261.327,9.96224,114,78,404,4.114,53147.1,2.1931,0.1412,2006
MS,692,2.27,261.873,10.1607,155,104,917,5.062,53579.6,2.4566,0.1412,2006
MS,693,2.2325,262.42,9.58155,151,43,1048,4.627,54854.2,2.3778,0.1412,2006
MS,694,2.2354,262.968,9.28151,120,112,768,5.2,53687.9,2.2754,0.1412,2006
MS,695,2.1177,263.518,8.6696,144,78,323,5.42,54837.7,2.3476,0.1412,2006
MS,696,2.3695,264.068,9.02203,108,65,693,5.043,54557.4,2.1931,0.1412,2006
MS,697,2.4278,264.62,9.1773,102,143,178,4.901,53688.8,2.3327,0.1412,2006
MS,698,2.5246,265.172,9.25735,126,167,486,5.5,55184.4,2.1188,0.1412,2006
MS,699,2.6194,265.726,9.66999,106,54,255,5.636,55377.6,2.0266,0.1412,2006
MS,700,2.6759,266.281,9.77248,109,66,330,5.067,53503.4,2.3227,0.1412,2006
MS,701,2.6823,266.838,9.75241,123,89,337,5.8,55483.8,2.2403,0.1412,2006
MS,702,2.664,267.395,10.0036,111,66,240,5.38,54937.2,2.4828,0.1412,2006
MS,703,2.6724,267.953,9.64222,121,59,895,4.662,53726.4,2.2801,0.1412,2006
MS,704,2.6673,268.513,9.84409,119,72,1122,4.909,56661.3,2.3779,0.1412,2006
MS,705,2.5779,269.074,9.47563,127,70,210,4.226,54842.9,2.5328,0.1412,2006
MS,706,2.509,269.636,9.19774,115,135,83,4.354,56246.1,2.2827,0.1412,2006
MS,707,2.5304,270.199,9.03005,129,27,179,3.931,56101.6,2.3251,0.1412,2006
MS,708,2.3337,270.764,8.98696,131,105,1045,4.925,55405.2,2.3329,0.1412,2006
MS,709,2.3489,271.329,9.1901,127,32,511,4.341,54673.3,2.2995,0.1412,2006
MS,710,2.3999,271.896,9.6189,101,96,1975,5.576,56237.3,2.1014,0.1412,2006
MS,711,2.4322,272.464,9.81123,103,74,245,5.524,55447.4,2.119,0.1412,2006
MS,712,2.4898,273.033,10.02358,102,68,294,4.722,54595.6,2.2093,0.1412,2006
MS,713,2.5,273.603,10.51275,132,51,291,5.426,55558.2,2.2081,0.1412,2006
MS,714,2.5916,274.175,10.32813,105,13,294,5.62,56091.5,2.3973,0.1412,2006
MS,715,2.5604,274.747,10.15699,123,124,309,4.713,56457.8,2.3857,0.1412,2006
MS,716,2.4523,275.321,10.38046,119,108,566,4.721,56793.7,2.4117,0.1412,2006
MS,717,2.4616,275.896,10.27558,132,54,816,4.638,56263.5,2.4766,0.1412,2006
MS,718,2.3686,276.473,9.85357,160,111,143,5.124,55286.7,2.3995,0.1412,2006
MS,719,2.3904,277.05,9.51664,110,153,818,4.795,55599.0,2.3332,0.1412,2006
MS,720,1.9628,277.629,8.94515,128,93,694,9.443,56990.1,2.3164,0.1412,2006
MS,721,1.9765,278.209,9.0178,98,66,389,9.564,57894.8,2.2915,0.1412,2006
MS,722,2.0188,278.79,8.13446,89,21,1564,9.308,56838.8,2.1809,0.1412,2006
MS,723,1.7619,279.372,6.62252,124,82,284,9.945,56181.4,2.0609,0.1412,2006
MS,724,1.759,279.956,8.0354,123,119,1254,10.363,57547.3,2.1767,0.1412,2006
MS,725,2.1526,280.54,9.09601,113,64,631,9.604,56987.5,2.1365,0.1412,2006
MS,726,2.159,281.126,10.10685,126,108,593,9.147,58261.9,2.3646,0.1412,2006
MS,727,2.1351,281.714,11.01511,117,50,865,9.426,57565.4,2.2725,0.1412,2006
MS,728,2.0579,282.302,10.51458,125,97,807,9.727,57471.9,2.4961,0.1412,2006
MS,729,2.0497,282.892,10.19411,114,21,935,9.87,57028.0,2.5053,0.1412,2006
MS,730,1.9804,283.483,9.41617,148,45,274,10.215,57500.0,2.4018,0.1412,2006
MS,731,1.89,284.075,9.54976,143,131,441,8.88,57895.8,2.2771,0.1412,2006
MS,732,2.7189,284.668,9.51393,126,28,213,4.757,57833.3,2.3108,0.1412,2006
MS,733,2.6876,285.263,9.46606,97,122,650,5.45,57832.5,2.2079,0.1412,2006
MS,734,2.7467,285.859,9.46515,98,168,762,5.558,57083.3,2.2089,0.1412,2006
MS,735,2.8463,286.456,9.77274,121,55,213,4.925,57234.1,2.2434,0.1412,2006
MS,736,2.9748,287.054,9.93609,91,40,1199,5.183,56966.6,2.1772,0.1412,2006
MS,737,2.9925,287.654,10.66675,104,104,308,4.931,58316.0,2.1738,0.1412,2006
MS,738,2.9178,288.254,10.68306,109,79,259,4.936,58095.0,2.4275,0.1412,2006
MS,739,2.9496,288.856,10.18836,121,61,549,4.157,58574.6,2.4265,0.1412,2006
MS,740,2.8755,289.46,10.20818,131,71,504,4.62,58748.5,2.3585,0.1412,2006
MS,741,2.821,290.064,9.74103,129,145,610,4.325,57951.8,2.3,0.1412,2006
MS,742,2.7197,290.67,9.66734,108,13,779,4.549,58507.0,2.4166,0.1412,2006
MS,743,2.7136,291.277,9.51719,124,169,460,5.698,58879.1,2.3442,0.1412,2006
MS,744,3.5718,291.886,9.11532,104,128,434,4.71,58573.9,2.3602,0.1412,2006
MS,745,3.5973,292.496,9.20727,103,78,530,5.689,59337.8,2.1769,0.1412,2006
MS,746,3.5897,293.106,9.26843,111,45,716,5.93,59455.4,2.1904,0.1412,2006
MS,747,3.7288,293.719,9.51547,95,114,1251,5.192,60220.2,2.2181,0.1412,2006
MS,748,4.3054,294.332,9.89218,103,62,228,5.39,60105.1,2.3211,0.1412,2006
MS,749,4.6833,294.947,9.71171,87,94,144,4.584,59278.0,2.2977,0.1412,2006
MS,750,3.8493,295.563,10.46,97,108,446,4.349,59421.8,2.3966,0.1412,2006
MS,751,3.8048,296.18,9.94692,112,143,256,5.255,60654.1,2.4037,0.1412,2006
MS,752,3.771,296.799,9.8773,119,210,1652,4.564,60336.8,2.5207,0.1412,2006
MS,753,3.8833,297.419,9.19464,133,18,662,5.559,59443.1,2.4622,0.1412,2006
MS,754,3.7768,298.04,9.55908,123,77,439,4.358,60725.3,2.4246,0.1412,2006
MS,755,3.7374,298.663,8.67919,128,95,238,5.464,60379.7,2.4073,0.1412,2006
MS,756,3.2901,299.287,8.98965,90,52,467,5.299,59850.6,2.3849,0.1412,2006
MS,757,3.2562,299.912,8.9991,105,64,646,5.456,60435.1,2.2673,0.1412,2006
MS,758,3.2795,300.538,9.42507,90,110,645,5.673,60357.5,2.0759,0.1412,2006
MS,759,3.3822,301.166,9.92466,99,97,875,5.074,61020.8,2.2711,0.1412,2006
MS,760,3.321,301.795,10.28368,99,80,677,5.294,60297.9,2.204,0.1412,2006
MS,761,3.4194,302.425,10.54678,129,58,845,5.553,60067.3,2.192,0.1412,2006
MS,762,3.3381,303.057,10.86769,122,58,355,4.937,59529.6,2.2814,0.1412,2006
MS,763,3.4345,303.69,10.38167,102,67,1282,4.377,61743.9,2.3858,0.1412,2006
MS,764,3.405,304.324,10.04016,125,87,996,4.31,59862.3,2.4125,0.1412,2006
MS,765,3.2964,304.96,9.76824,121,209,252,5.1,61862.7,2.3792,0.1412,2006
MS,766,3.298,305.597,9.63079,139,74,1846,4.676,61798.2,2.511,0.1412,2006
MS,767,3.2591,306.235,9.40397,120,38,859,5.118,61612.8,2.4614,0.1412,2006
MS,768,3.0971,306.875,9.41011,89,31,63,5.301,60920.6,2.3829,0.1412,2006
MS,769,3.028,307.516,9.55206,128,111,407,4.557,62546.3,2.2263,0.1412,2006
MS,770,3.0737,308.158,10.08801,93,110,241,5.115,62597.9,2.3341,0.1412,2006
MS,771,3.147,308.802,10.04083,109,131,627,5.655,60827.8,2.1806,0.1412,2006
MS,772,3.1615,309.447,11.11243,82,54,218,4.56,61260.3,1.9804,0.1412,2006
MS,773,3.2721,310.093,11.03917,112,76,783,4.231,61527.3,2.304,0.1412,2006
MS,774,3.2638,310.741,10.90154,123,150,319,5.271,62163.3,2.3258,0.1412,2006
MS,775,3.2374,311.39,10.9637,124,142,611,4.704,62826.6,2.4498,0.1412,2006
MS,776,3.1982,312.041,10.66697,126,54,1506,4.804,62267.9,2.4953,0.1412,2006
MS,777,3.1565,312.692,10.41794,103,83,476,5.048,60554.9,2.4395,0.1412,2006
MS,778,3.031,313.345,9.89539,127,81,619,5.153,62805.5,2.4626,0.1412,2006
MS,779,2.9553,314.0,9.83274,129,138,385,4.811,62384.7,2.2531,0.1412,2006
MO,540,2.2368,190.7,8.80204,153,167,439,5.68,42110.8,2.1746,0.1511,2009
MO,541,2.2302,191.098,9.2049,160,68,558,5.667,41610.6,2.1778,0.1511,2009
MO,542,2.3296,191.497,9.08305,138,92,873,5.543,41557.4,2.1272,0.1511,2009
MO,543,2.3648,191.897,9.57971,151,66,117,5.448,41958.7,2.213,0.1511,2009
MO,544,2.447,192.298,10.12273,152,116,61,5.337,42889.2,2.2989,0.1511,2009
MO,545,2.488,192.7,10.02858,125,219,186,5.475,42360.8,2.1418,0.1511,2009
MO,546,2.545,193.102,10.36161,151,53,82,4.87,42381.5,2.4188,0.1511,2009
MO,547,2.5128,193.506,10.09676,148,144,852,5.313,41868.0,2.4917,0.1511,2009
MO,548,2.4269,193.91,10.33238,159,141,594,4.659,42578.2,2.4083,0.1511,2009
MO,549,2.3621,194.315,9.7675,171,111,358,4.714,42859.4,2.6057,0.1511,2009
MO,550,2.3135,194.721,9.44984,173,105,65,4.686,42170.0,2.4317,0.1511,2009
MO,551,2.2543,195.128,9.24721,157,113,740,4.68,42298.1,2.3719,0.1511,2009
MO,552,2.5298,195.535,8.86588,150,47,811,5.553,43554.4,2.3432,0.1511,2009
MO,553,2.4928,195.944,9.26311,131,120,141,5.707,43534.7,2.2656,0.1511,2009
MO,554,2.5709,196.353,9.37494,134,126,100,5.328,43046.4,2.2708,0.1511,2009
MO,555,2.6477,196.763,9.50756,143,37,125,5.738,42653.8,2.1219,0.1511,2009
MO,556,2.656,197.174,10.19552,153,35,600,5.272,43513.3,2.2351,0.1511,2009
MO,557,2.753,197.586,9.92787,122,77,730,4.434,42680.8,2.3597,0.1511,2009
MO,558,2.7963,197.999,10.575,129,41,435,5.274,43739.8,2.2728,0.1511,2009
MO,559,2.6847,198.412,10.40703,148,23,361,4.447,42971.9,2.37,0.1511,2009
MO,560,2.7042,198.827,9.90466,140,112,558,3.583,43545.3,2.5227,0.1511,2009
MO,561,2.7071,199.242,9.58338,174,42,882,4.68,43531.9,2.3508,0.1511,2009
MO,562,2.5975,199.658,9.35201,161,78,631,5.215,44714.4,2.3282,0.1511,2009
MO,563,2.5799,200.075,9.08806,137,104,335,5.06,43620.6,2.3896,0.1511,2009
MO,564,2.7227,200.493,9.0354,166,89,444,5.164,43274.1,2.2598,0.1511,2009
MO,565,2.7724,200.912,8.90042,141,41,670,4.889,43582.9,2.2779,0.1511,2009
MO,566,2.7791,201.331,9.15293,164,60,194,5.421,43595.7,2.2558,0.1511,2009
MO,567,2.8676,201.752,9.87879,148,19,543,5.049,44482.8,2.1781,0.1511,2009
MO,568,2.9966,202.173,10.03457,126,4,611,5.318,43885.6,2.1597,0.1511,2009
MO,569,3.0711,202.596,10.57699,150,50,172,4.29,43924.9,2.2044,0.1511,2009
MO,570,3.0555,203.019,10.06514,146,65,121,4.757,43106.5,2.3286,0.1511,2009
MO,571,3.0666,203.443,10.36284,125,120,457,4.486,44761.6,2.2071,0.1511,2009
MO,572,2.9317,203.868,9.8667,162,142,807,4.961,43863.4,2.5132,0.1511,2009
MO,573,2.8264,204.294,9.99364,196,123,398,4.364,45374.2,2.6179,0.1511,2009
MO,574,2.7396,204.72,9.42291,134,91,438,4.595,44044.0,2.5095,0.1511,2009
MO,575,2.6748,205.148,9.10875,157,109,313,5.117,44630.7,2.333,0.1511,2009
MO,576,3.1882,205.576,8.40363,166,120,544,7.961,42377.7,2.5696,0.1511,2009
MO,577,3.1945,206.006,8.47684,126,59,660,7.672,43198.8,2.3891,0.1511,2009
MO,578,3.2429,206.436,9.18556,125,71,1104,8.358,43770.1,2.3632,0.1511,2009
MO,579,3.3238,206.867,9.23352,136,22,230,8.935,43495.1,2.3117,0.1511,2009
MO,580,3.3864,207.299,9.60502,117,26,521,8.211,44153.3,2.396,0.1511,2009
MO,581,4.0773,207.732,9.84378,149,76,318,7.915,43652.9,2.3408,0.1511,2009
MO,582,4.2486,208.166,9.72216,140,91,98,8.053,43323.8,2.5751,0.1511,2009
MO,583,3.4129,208.601,9.56443,178,18,1684,7.66,42819.9,2.4908,0.1511,2009
MO,584,3.4532,209.037,9.38316,137,145,470,6.58,44822.6,2.6099,0.1511,2009
MO,585,3.3275,209.474,9.01576,180,175,1248,8.175,44225.8,2.7512,0.1511,2009
MO,586,2.1461,209.911,8.93222,151,51,1231,7.461,43701.0,2.5123,0.1511,2009
MO,587,1.7236,210.35,9.1041,184,48,1554,8.03,44093.2,2.6255,0.1511,2009
MO,588,2.2622,210.789,9.40858,146,73,212,7.326,44218.5,2.4597,0.1511,2009
MO,589,2.301,211.229,9.14549,170,63,683,7.837,45039.3,2.4429,0.1511,2009
MO,590,2.4683,211.67,9.60088,144,102,600,8.574,44219.8,2.3538,0.1511,2009
MO,591,2.4531,212.113,9.93124,135,158,567,8.061,44151.1,2.311,0.1511,2009
MO,592,2.4823,212.556,10.30683,132,25,410,7.794,44653.1,2.444,0.1511,2009
MO,593,2.5219,213.0,10.33752,155,48,323,8.024,45461.5,2.5364,0.1511,2009
MO,594,2.5262,213.444,11.37215,157,129,611,7.851,46025.9,2.6243,0.1511,2009
MO,595,2.5339,213.89,10.39859,164,153,168,7.696,44544.3,2.5551,0.1511,2009
MO,596,2.4413,214.337,10.54154,170,76,872,8.134,45028.6,2.6938,0.1511,2009
MO,597,2.388,214.785,9.93303,189,165,351,8.076,44004.1,2.888,0.1511,2009
MO,598,2.3572,215.233,9.70634,185,124,421,7.499,45288.5,2.5476,0.1511,2009
MO,599,2.2554,215.683,9.88897,181,39,698,7.606,44150.0,2.5775,0.1511,2009
MO,600,2.6539,216.133,9.69229,153,95,595,7.719,45381.8,2.4351,0.1511,2009
MO,601,2.7046,216.585,9.8743,159,124,205,7.71,46059.2,2.5527,0.1511,2009
MO,602,2.7211,217.037,9.57703,141,134,176,8.334,44281.3,2.4961,0.1511,2009
MO,603,2.6958,217.491,10.06409,139,26,666,8.008,45339.2,2.4155,0.1511,2009
MO,604,2.8406,217.945,10.2463,134,84,994,8.827,45465.2,2.3803,0.1511,2009
MO,605,2.9275,218.4,10.22083,152,43,387,7.774,45074.6,2.4937,0.1511,2009
MO,606,2.8923,218.856,10.5472,140,43,530,8.623,45194.5,2.7095,0.1511,2009
MO,607,2.898,219.313,10.85642,138,97,564,7.252,45614.2,2.6911,0.1511,2009
MO,608,2.8765,219.772,10.66503,161,130,1646,7.166,45924.8,2.5716,0.1511,2009
MO,609,2.9086,220.231,9.61226,151,80,592,7.901,45133.7,2.6022,0.1511,2009
MO,610,2.834,220.691,9.76154,150,66,680,7.228,46170.3,2.6736,0.1511,2009
MO,611,2.7012,221.152,9.20708,167,67,818,8.333,45341.2,2.7345,0.1511,2009
MO,612,3.4889,221.614,9.50194,144,74,440,5.115,47951.8,2.2761,0.1511,2009
MO,613,3.5402,222.076,9.68723,132,126,60,5.549,49254.8,2.1816,0.1511,2009
MO,614,3.4691,222.54,9.53182,137,37,203,4.938,46526.6,2.2801,0.1511,2009
MO,615,3.5951,223.005,10.23937,152,123,433,5.496,48592.8,2.2998,0.1511,2009
MO,616,3.6255,223.471,10.19965,128,61,699,5.974,48264.7,2.2391,0.1511,2009
MO,617,3.686,223.938,10.80139,150,150,466,5.356,47359.0,2.2193,0.1511,2009
MO,618,3.7144,224.405,10.47646,135,72,201,5.074,47613.3,2.2493,0.1511,2009
MO,619,3.7035,224.874,10.71892,165,47,1881,4.967,48692.9,2.3775,0.1511,2009
MO,620,3.5847,225.344,10.48694,153,72,834,4.312,47923.1,2.5196,0.1511,2009
MO,621,3.665,225.815,10.14903,153,34,331,3.692,48179.8,2.5155,0.1511,2009
MO,622,3.5536,226.286,9.37882,135,49,684,5.004,48266.6,2.3293,0.1511,2009
MO,623,3.5557,226.759,9.50834,155,110,539,4.63,48322.8,2.2483,0.1511,2009
MO,624,3.5467,227.233,9.39025,157,108,1402,5.071,49751.6,2.3244,0.1511,2009
MO,625,3.6389,227.707,9.68902,145,42,381,6.232,48033.6,2.215,0.1511,2009
MO,626,3.6549,228.183,9.71587,127,73,491,5.119,49636.0,2.1306,0.1511,2009
MO,627,3.8002,228.659,9.95368,108,86,160,5.615,49777.1,2.1141,0.1511,2009
MO,628,3.917,229.137,10.34311,139,70,273,4.383,48980.3,2.0149,0.1511,2009
MO,629,3.8156,229.616,10.61965,143,104,1266,5.39,48464.5,2.3601,0.1511,2009
MO,630,3.8984,230.095,10.71572,130,87,589,4.956,49465.2,2.4329,0.1511,2009
MO,631,3.848,230.576,11.20716,151,120,459,4.214,48868.8,2.4254,0.1511,2009
MO,632,3.7415,231.057,10.58796,148,91,669,4.687,48524.8,2.3697,0.1511,2009
MO,633,3.7448,231.54,10.31956,168,101,924,4.302,49571.1,2.3411,0.1511,2009
MO,634,3.7211,232.024,9.83812,168,102,1503,4.185,48399.7,2.4579,0.1511,2009
MO,635,3.7346,232.508,9.58867,153,95,1332,5.068,47407.9,2.4731,0.1511,2009
MO,636,3.4661,232.994,9.25698,139,70,648,5.454,49698.9,2.4023,0.1511,2009
MO,637,3.5562,233.481,9.8015,127,38,373,4.539,50033.9,2.1635,0.1511,2009
MO,638,3.6246,233.968,10.01737,144,74,611,5.086,49801.5,2.3027,0.1511,2009
MO,639,3.6945,234.457,10.22839,129,85,540,5.178,49922.0,2.2462,0.1511,2009
MO,640,3.7726,234.947,10.75173,112,57,277,5.419,50506.8,2.1618,0.1511,2009
MO,641,3.7328,235.438,11.17652,115,54,887,5.214,49424.7,2.2756,0.1511,2009
MO,642,3.6875,235.929,10.92714,123,85,365,5.293,50298.2,2.2654,0.1511,2009
MO,643,3.7416,236.422,11.31627,158,44,513,4.911,49358.7,2.4353,0.1511,2009
MO,644,3.7419,236.916,11.13452,162,48,1130,4.637,50556.5,2.4891,0.1511,2009
MO,645,3.6745,237.411,10.2327,167,77,539,4.333,49408.0,2.4163,0.1511,2009
MO,646,3.5953,237.907,10.24176,141,108,931,5.105,50395.1,2.3901,0.1511,2009
MO,647,3.5283,238.404,9.59679,160,55,789,5.27,49816.0,2.3664,0.1511,2009
MO,648,3.3344,238.902,9.58222,131,68,327,5.981,50003.0,2.2326,0.1511,2009
MO,649,3.3621,239.401,10.1499,146,149,161,5.068,51023.2,2.2907,0.1511,2009
MO,650,3.4395,239.901,10.07299,136,97,930,4.74,50172.0,2.2278,0.1511,2009
MO,651,3.4325,240.402,10.49893,132,95,516,5.438,49813.8,2.1515,0.1511,2009
MO,652,3.4806,240.904,11.02849,125,56,562,5.082,49701.7,2.1534,0.1511,2009
MO,653,3.6801,241.407,11.28655,148,49,1881,5.484,50747.4,2.1564,0.1511,2009
MO,654,3.4865,241.911,11.0785,145,31,379,5.02,52227.4,2.2848,0.1511,2009
MO,655,3.4429,242.417,11.24977,144,62,377,5.47,51345.8,2.3135,0.1511,2009
MO,656,3.4799,242.923,10.67146,161,56,536,5.603,51237.9,2.2974,0.1511,2009
MO,657,3.4739,243.43,10.64211,149,113,1581,4.562,51287.8,2.4354,0.1511,2009
MO,658,3.4486,243.939,10.09154,170,87,1388,4.835,52362.9,2.46,0.1511,2009
MO,659,3.3791,244.448,10.18313,146,53,555,4.635,51256.9,2.5316,0.1511,2009
MO,660,2.1977,244.959,10.85719,162,41,678,4.482,51689.6,2.3451,0.1511,2009
MO,661,2.3561,245.471,10.70015,158,120,520,5.237,51612.7,2.1317,0.1511,2009
MO,662,2.4748,245.983,11.09796,137,43,361,5.177,50166.9,2.0726,0.1511,2009
MO,663,2.5589,246.497,11.16324,131,69,548,4.909,50664.0,2.1186,0.1511,2009
MO,664,2.6249,247.012,11.93067,124,104,578,5.424,50897.5,2.1159,0.1511,2009
MO,665,2.6058,247.528,12.47888,144,170,797,4.765,51657.3,2.221,0.1511,2009
MO,666,2.6291,248.045,12.55866,163,96,915,5.451,52687.0,2.2618,0.1511,2009
MO,667,2.6114,248.563,12.27046,178,40,918,4.735,51684.0,2.2727,0.1511,2009
MO,668,2.5599,249.082,12.16387,182,125,731,4.225,51742.2,2.3126,0.1511,2009
MO,669,2.558,249.603,11.91452,162,57,2230,4.053,52226.6,2.4776,0.1511,2009
MO,670,2.4438,250.124,11.55478,176,163,2184,5.255,52533.6,2.4303,0.1511,2009
MO,671,2.4231,250.646,10.88562,160,85,133,4.762,52255.7,2.376,0.1511,2009
MO,672,2.1529,251.17,10.79149,161,120,549,5.981,52668.7,2.2932,0.1511,2009
MO,673,2.1637,251.694,10.9015,157,13,345,5.14,52897.6,2.1741,0.1511,2009
MO,674,2.1329,252.22,11.72698,142,88,265,5.601,52406.0,2.0862,0.1511,2009
MO,675,2.1816,252.747,12.10335,144,86,324,5.57,54018.2,2.1916,0.1511,2009
MO,676,2.237,253.275,11.99355,135,57,619,5.013,51730.9,2.2545,0.1511,2009
MO,677,2.3202,253.804,12.28371,134,194,1024,5.492,52267.3,2.2403,0.1511,2009
MO,678,2.323,254.334,12.85542,142,26,2014,4.02,53447.4,2.2202,0.1511,2009
MO,679,2.2393,254.865,12.5574,185,75,1065,5.635,52394.3,2.3705,0.1511,2009
MO,680,2.2514,255.398,12.40357,172,94,893,4.387,52880.1,2.3933,0.1511,2009
MO,681,2.1679,255.931,12.31002,185,121,506,4.566,52830.2,2.5835,0.1511,2009
MO,682,2.1604,256.466,11.67138,179,44,955,5.684,53040.5,2.4138,0.1511,2009
MO,683,2.1274,257.001,11.27229,164,81,569,5.029,52973.0,2.1943,0.1511,2009
MO,684,2.3903,257.538,11.34336,158,157,593,5.428,53516.6,2.3469,0.1511,2009
MO,685,2.377,258.076,11.75983,142,66,1136,5.24,54269.1,2.28,0.1511,2009
MO,686,2.3979,258.615,11.65334,125,65,1022,5.711,54109.3,2.2047,0.1511,2009
MO,687,2.4036,259.155,11.56963,139,146,1676,5.319,54029.3,2.2255,0.1511,2009
MO,688,2.5287,259.697,12.72111,142,117,1436,5.411,53651.0,2.1297,0.1511,2009
MO,689,2.5122,260.239,13.32968,133,45,639,4.82,54910.0,2.3586,0.1511,2009
MO,690,2.5278,260.783,13.61099,168,73,948,4.582,53874.7,2.3554,0.1511,2009
MO,691,2.5176,261.327,12.81867,178,128,493,4.923,53400.4,2.3319,0.1511,2009
MO,692,2.4826,261.873,12.82351,143,161,93,4.91,55474.0,2.4001,0.1511,2009
MO,693,2.3921,262.42,12.35139,177,160,560,4.755,54132.7,2.4227,0.1511,2009
MO,694,2.4301,262.968,12.02283,160,140,813,4.724,54042.6,2.4028,0.1511,2009
MO,695,2.4705,263.518,11.23996,123,90,456,5.25,54617.2,2.4566,0.1511,2009
MO,696,2.8115,264.068,11.01542,147,75,687,4.695,53590.1,2.2722,0.1511,2009
MO,697,2.8519,264.62,11.23016,157,23,628,5.067,53837.2,2.2875,0.1511,2009
MO,698,2.8515,265.172,11.7746,133,147,1067,5.521,54160.7,2.1239,0.1511,2009
MO,699,2.8691,265.726,11.83009,132,121,565,5.458,54537.4,2.098,0.1511,2009
MO,700,2.9674,266.281,12.19088,146,105,554,4.439,54553.4,2.1109,0.1511,2009
MO,701,2.9844,266.838,12.52663,155,85,1185,4.581,57349.6,2.2566,0.1511,2009
MO,702,2.9928,267.395,12.54941,158,81,645,5.617,54720.6,2.3242,0.1511,2009
MO,703,2.9239,267.953,12.50167,152,160,1066,5.057,55416.7,2.4665,0.1511,2009
MO,704,2.9308,268.513,12.1575,194,181,997,5.04,55786.1,2.359,0.1511,2009
MO,705,2.8568,269.074,12.24195,160,46,1027,4.795,56174.3,2.3253,0.1511,2009
MO,706,2.8273,269.636,11.56684,150,95,595,5.113,55526.7,2.4952,0.1511,2009
MO,707,2.7416,270.199,11.30358,165,80,882,5.465,55740.3,2.435,0.1511,2009
MO,708,2.6205,270.764,11.23903,150,47,892,4.451,56025.1,2.2633,0.1511,2009
MO,709,2.5793,271.329,11.15761,129,78,692,5.299,55350.4,2.4447,0.1511,2009
MO,710,2.6247,271.896,11.50932,121,122,886,5.59,55228.7,2.1998,0.1511,2009
MO,711,2.6566,272.464,12.00074,136,112,350,5.336,56367.8,2.0591,0.1511,2009
MO,712,2.7773,273.033,12.40634,114,140,1726,5.046,55505.9,2.1091,0.1511,2009
MO,713,2.7922,273.603,12.84709,138,127,419,5.46,56017.3,2.129,0.1511,2009
MO,714,2.8231,274.175,12.94676,141,164,238,4.765,55670.8,2.241,0.1511,2009
MO,715,2.7275,274.747,12.69191,151,91,1249,5.061,56128.6,2.4312,0.1511,2009
MO,716,2.7459,275.321,13.33745,179,235,721,4.845,57076.7,2.4382,0.1511,2009
MO,717,2.6762,275.896,12.30671,177,146,1413,5.054,57236.2,2.5443,0.1511,2009
MO,718,2.592,276.473,12.33924,155,136,1691,4.446,57247.3,2.4351,0.1511,2009
MO,719,2.5514,277.05,11.50901,179,39,984,5.306,55971.6,2.3842,0.1511,2009
MO,720,2.1025,277.629,11.34521,166,100,1032,9.38,56729.5,2.2441,0.1511,2009
MO,721,2.1043,278.209,11.55176,182,71,1157,9.756,56951.2,2.3307,0.1511,2009
MO,722,2.1627,278.79,9.84873,154,15,122,9.509,56425.3,2.0632,0.1511,2009
MO,723,1.8458,279.372,8.2676,151,33,402,9.917,56363.1,2.3041,0.1511,2009
MO,724,1.9477,279.956,9.9954,146,39,826,9.525,57987.5,2.0871,0.1511,2009
MO,725,2.3685,280.54,10.95739,158,30,733,9.931,57023.2,2.2865,0.1511,2009
MO,726,2.3583,281.126,11.85093,161,99,672,9.664,56039.1,2.2142,0.1511,2009
MO,727,2.3389,281.714,13.1279,154,91,601,8.943,57166.8,2.3593,0.1511,2009
MO,728,2.3116,282.302,13.10375,193,94,164,9.074,57128.3,2.5869,0.1511,2009
MO,729,2.2861,282.892,12.63277,180,109,1039,8.688,57689.4,2.564,0.1511,2009
MO,730,2.1592,283.483,12.27014,180,87,885,9.979,58017.0,2.4409,0.1511,2009
MO,731,2.152,284.075,12.16926,177,125,678,8.662,57255.7,2.4404,0.1511,2009
MO,732,2.8819,284.668,12.20421,132,78,166,4.617,56972.8,2.3741,0.1511,2009
MO,733,2.892,285.263,11.87642,147,74,271,4.791,57759.4,2.2978,0.1511,2009
MO,734,3.0046,285.859,12.08026,146,86,573,5.97,59072.4,2.1675,0.1511,2009
MO,735,3.1109,286.456,12.4638,135,38,451,5.777,58162.4,2.1191,0.1511,2009
MO,736,3.077,287.054,12.305,137,123,305,5.288,57283.5,2.1318,0.1511,2009
MO,737,3.1373,287.654,12.45052,130,89,282,5.314,56089.7,2.2606,0.1511,2009
MO,738,3.2696,288.254,12.95454,159,109,274,5.236,58805.1,2.2342,0.1511,2009
MO,739,3.1907,288.856,13.02179,148,136,956,4.963,57197.0,2.1967,0.1511,2009
MO,740,3.1027,289.46,13.00356,146,59,496,4.316,57378.1,2.4704,0.1511,2009
MO,741,3.0833,290.064,12.71396,172,97,817,5.063,58639.9,2.6305,0.1511,2009
MO,742,2.9725,290.67,11.97219,130,100,1167,4.78,59096.5,2.2888,0.1511,2009
MO,743,3.0022,291.277,11.90628,156,68,433,5.197,59624.5,2.3421,0.1511,2009
MO,744,3.9368,291.886,11.58088,147,109,457,5.171,58511.4,2.2488,0.1511,2009
MO,745,3.9073,292.496,11.42489,131,186,629,5.182,58343.6,2.257,0.1511,2009
MO,746,4.0711,293.106,11.69668,123,68,259,5.574,60548.4,2.1061,0.1511,2009
MO,747,4.0754,293.719,12.02641,129,46,791,5.843,59935.0,2.2495,0.1511,2009
MO,748,4.6265,294.332,12.27281,128,83,438,5.128,59392.2,2.2275,0.1511,2009
MO,749,5.0579,294.947,12.30678,138,57,422,5.407,58477.9,2.1693,0.1511,2009
MO,750,4.0878,295.563,12.69436,153,61,506,4.922,60874.9,2.2117,0.1511,2009
MO,751,4.0419,296.18,12.87233,154,94,210,5.264,60332.3,2.3567,0.1511,2009
MO,752,3.983,296.799,12.41949,145,150,940,4.094,60111.3,2.4269,0.1511,2009
MO,753,4.0458,297.419,11.79405,156,63,1221,4.879,59961.8,2.3983,0.1511,2009
MO,754,3.9662,298.04,11.3988,145,172,1070,4.051,60192.3,2.3653,0.1511,2009
MO,755,3.914,298.663,11.2509,143,78,1354,4.481,58560.8,2.4094,0.1511,2009
MO,756,3.4876,299.287,11.80655,145,139,677,4.322,60691.1,2.3063,0.1511,2009
MO,757,3.5138,299.912,12.04692,142,46,191,4.691,60240.0,2.314,0.1511,2009
MO,758,3.5653,300.538,11.67023,115,87,508,5.533,60659.0,2.2425,0.1511,2009
MO,759,3.6197,301.166,12.38648,146,74,1775,6.206,60948.9,2.1633,0.1511,2009
MO,760,3.6,301.795,12.93689,126,59,1358,5.534,60301.4,2.2438,0.1511,2009
MO,761,3.7583,302.425,13.00374,143,74,235,5.14,61567.1,2.2407,0.1511,2009
MO,762,3.7046,303.057,13.57548,147,100,1713,4.602,60653.6,2.3015,0.1511,2009
MO,763,3.6067,303.69,13.45441,128,87,614,5.733,61417.4,2.3737,0.1511,2009
MO,764,3.5967,304.324,12.60222,154,55,473,4.26,60966.9,2.5481,0.1511,2009
MO,765,3.5231,304.96,12.88424,164,162,1069,4.451,60907.1,2.546,0.1511,2009
MO,766,3.5028,305.597,12.80394,166,196,1010,4.512,62611.0,2.509,0.1511,2009
MO,767,3.4109,306.235,11.83798,151,81,915,4.865,61446.6,2.3025,0.1511,2009
MO,768,3.1781,306.875,12.064,167,247,1466,5.26,62866.6,2.157,0.1511,2009
MO,769,3.2747,307.516,12.03551,164,43,1548,5.484,61385.3,2.2497,0.1511,2009
MO,770,3.4627,308.158,12.2962,144,77,414,5.105,60809.4,2.2249,0.1511,2009
MO,771,3.4375,308.802,12.92194,120,103,1226,5.555,62502.8,2.1782,0.1511,2009
MO,772,3.4832,309.447,13.72568,126,143,323,5.75,61720.0,2.1119,0.1511,2009
MO,773,3.4887,310.093,13.40485,136,67,166,5.293,62138.2,2.1103,0.1511,2009
MO,774,3.5465,310.741,13.6941,171,132,346,4.523,62576.1,2.2821,0.1511,2009
MO,775,3.5615,311.39,13.28139,159,127,203,4.461,61403.5,2.4417,0.1511,2009
MO,776,3.432,312.041,13.25639,152,80,1089,4.803,62739.0,2.4523,0.1511,2009
MO,777,3.3417,312.692,13.02471,128,35,61,4.842,62618.1,2.4579,0.1511,2009
MO,778,3.2902,313.345,12.3595,178,70,172,5.013,61651.0,2.5734,0.1511,2009
MO,779,3.2634,314.0,12.61151,153,55,876,4.881,63341.0,2.3448,0.1511,2009
MT,540,2.2762,190.7,2.98607,42,17,302,5.174,42092.7,2.3582,0.241,2008
MT,541,2.3308,191.098,3.03713,43,27,34,5.703,42012.5,2.3284,0.241,2008
MT,542,2.3563,191.497,3.1483,45,43,110,5.259,42452.7,2.1215,0.241,2008
MT,543,2.4449,191.897,3.1757,37,13,198,5.011,41575.4,2.1729,0.241,2008
MT,544,2.4476,192.298,3.42424,41,24,95,5.784,42520.7,2.3178,0.241,2008
MT,545,2.509,192.7,3.5634,39,14,246,3.993,42093.7,2.173,0.241,2008
MT,546,2.4969,193.102,3.50918,61,19,155,5.048,42056.0,2.4158,0.241,2008
MT,547,2.5107,193.506,3.45718,53,45,89,4.682,43129.9,2.4075,0.241,2008
MT,548,2.5766,193.91,3.34335,46,42,173,5.015,42250.6,2.407,0.241,2008
MT,549,2.5213,194.315,3.29033,52,42,122,3.778,42926.6,2.454,0.241,2008
MT,550,2.3872,194.721,3.09085,70,20,276,5.395,43553.3,2.4023,0.241,2008
MT,551,2.2945,195.128,3.09662,45,47,113,4.855,42859.3,2.4342,0.241,2008
MT,552,2.6265,195.535,3.04116,64,16,88,5.335,42316.0,2.3401,0.241,2008
MT,553,2.5427,195.944,3.13903,62,32,60,5.459,42593.3,2.2253,0.241,2008
MT,554,2.5825,196.353,3.15892,44,28,79,5.477,42891.4,2.0828,0.241,2008
MT,555,2.6489,196.763,3.34937,47,41,59,4.819,43534.6,2.0567,0.241,2008
MT,556,2.7619,197.174,3.51219,46,37,162,4.767,42820.9,2.1225,0.241,2008
MT,557,2.7693,197.586,3.50851,51,28,213,6.059,44171.9,2.059,0.241,2008
MT,558,2.903,197.999,3.41568,51,26,422,6.336,42533.2,2.3099,0.241,2008
MT,559,2.835,198.412,3.47262,60,8,71,5.009,42908.7,2.3499,0.241,2008
MT,560,2.8222,198.827,3.54108,72,26,426,4.585,43090.1,2.4844,0.241,2008
MT,561,2.7604,199.242,3.29497,46,28,440,5.469,43311.1,2.495,0.241,2008
MT,562,2.6846,199.658,3.15742,70,34,254,4.455,43196.8,2.4717,0.241,2008
MT,563,2.6574,200.075,3.13922,53,34,126,5.419,44337.3,2.4796,0.241,2008
MT,564,2.9033,200.493,3.10901,49,14,162,4.67,43959.5,2.365,0.241,2008
MT,565,2.8618,200.912,3.11817,58,55,108,5.254,43845.4,2.1996,0.241,2008
MT,566,2.9035,201.331,3.26736,44,9,53,5.18,43801.1,2.267,0.241,2008
MT,567,2.9026,201.752,3.33978,47,16,59,5.996,43947.1,2.2286,0.241,2008
MT,568,2.9581,202.173,3.47338,48,39,240,4.773,42614.7,2.086,0.241,2008
MT,569,3.0125,202.596,3.42444,40,37,191,5.112,43085.3,2.2731,0.241,2008
MT,570,3.0859,203.019,3.57189,64,17,119,5.007,44438.5,2.3476,0.241,2008
MT,571,3.0416,203.443,3.48661,57,48,115,4.271,43749.1,2.2306,0.241,2008
MT,572,2.9763,203.868,3.48402,50,37,234,4.298,44452.3,2.3946,0.241,2008
MT,573,2.9154,204.294,3.37078,60,15,292,4.76,45544.8,2.509,0.241,2008
MT,574,2.8298,204.72,3.33819,55,12,95,4.725,44472.7,2.415,0.241,2008
MT,575,2.8157,205.148,3.0824,69,40,431,4.53,43711.2,2.4716,0.241,2008
MT,576,3.254,205.576,2.98135,47,31,37,7.921,43538.2,2.4903,0.241,2008
MT,577,3.3316,206.006,3.00611,38,35,155,7.836,43711.4,2.4627,0.241,2008
MT,578,3.3759,206.436,3.06875,45,14,153,7.868,43523.9,2.3176,0.241,2008
MT,579,3.4174,206.867,3.13853,40,9,220,8.489,43958.6,2.3623,0.241,2008
MT,580,3.4836,207.299,3.22257,35,17,81,8.321,42692.7,2.3044,0.241,2008
MT,581,4.3013,207.732,3.35705,50,53,381,7.642,43338.2,2.4952,0.241,2008
MT,582,4.4886,208.166,3.22832,32,52,201,8.183,43144.6,2.5925,0.241,2008
MT,583,3.6438,208.601,3.18844,61,13,300,8.52,44135.9,2.551,0.241,2008
MT,584,3.5773,209.037,3.24434,39,22,112,7.856,43457.9,2.5876,0.241,2008
MT,585,3.5274,209.474,3.18186,54,19,290,7.542,44533.0,2.6138,0.241,2008
MT,586,2.2391,209.911,3.0969,53,28,398,8.217,43768.1,2.682,0.241,2008
MT,587,1.7631,210.35,3.1735,49,27,304,7.974,43892.2,2.4901,0.241,2008
MT,588,2.3181,210.789,3.09088,67,37,131,7.607,45259.8,2.5629,0.241,2008
MT,589,2.3936,211.229,3.03858,58,21,255,8.444,43672.7,2.3746,0.241,2008
MT,590,2.4333,211.67,3.27667,39,29,63,8.001,43851.8,2.3721,0.241,2008
MT,591,2.3802,212.113,3.44207,44,45,97,8.157,44311.4,2.2789,0.241,2008
MT,592,2.5438,212.556,3.58159,56,60,266,7.938,44626.2,2.3506,0.241,2008
MT,593,2.5886,213.0,3.6689,55,16,34,7.522,43167.3,2.4807,0.241,2008
MT,594,2.5492,213.444,3.73027,53,15,161,6.922,45085.3,2.5333,0.241,2008
MT,595,2.5933,213.89,3.53125,58,27,102,7.156,43784.8,2.5772,0.241,2008
MT,596,2.5195,214.337,3.60339,64,41,301,7.647,45667.7,2.5008,0.241,2008
MT,597,2.4296,214.785,3.48904,51,48,106,7.223,45522.5,2.553,0.241,2008
MT,598,2.3767,215.233,3.31165,63,31,21,7.145,45303.8,2.6317,0.241,2008
MT,599,2.3944,215.683,3.17601,69,22,167,7.161,44756.8,2.6604,0.241,2008
MT,600,2.8669,216.133,3.22281,46,18,137,7.528,44725.6,2.4411,0.241,2008
MT,601,2.8616,216.585,3.14074,45,51,136,8.073,45309.4,2.4487,0.241,2008
MT,602,2.9363,217.037,3.24244,58,53,81,8.27,45547.9,2.4038,0.241,2008
MT,603,2.8855,217.491,3.27275,46,21,113,8.07,46155.4,2.3325,0.241,2008
MT,604,3.0297,217.945,3.50307,54,16,292,8.079,44535.1,2.331,0.241,2008
MT,605,3.0788,218.4,3.70227,64,31,94,8.554,45433.4,2.6205,0.241,2008
MT,606,3.0995,218.856,3.71923,52,23,215,7.373,45828.3,2.4303,0.241,2008
MT,607,2.9689,219.313,3.6008,47,47,139,7.052,45865.5,2.5208,0.241,2008
MT,608,2.8495,219.772,3.47808,45,56,252,8.664,47044.6,2.689,0.241,2008
MT,609,2.8858,220.231,3.46644,59,33,207,6.773,45526.6,2.7871,0.241,2008
MT,610,2.8082,220.691,3.41107,61,18,450,7.641,46833.9,2.5964,0.241,2008
MT,611,2.7933,221.152,3.28422,47,44,85,7.636,45671.4,2.4924,0.241,2008
MT,612,3.4956,221.614,3.30468,51,45,297,4.695,47202.8,2.2674,0.241,2008
MT,613,3.547,222.076,3.37935,39,36,110,5.406,47193.5,2.386,0.241,2008
MT,614,3.5187,222.54,3.32785,36,15,103,5.662,46889.7,2.0824,0.241,2008
MT,615,3.6132,223.005,3.42859,45,19,413,4.91,46908.2,2.1901,0.241,2008
MT,616,3.7882,223.471,3.55401,42,9,254,5.439,48161.9,2.1654,0.241,2008
MT,617,3.8056,223.938,3.68083,39,23,154,5.462,48670.8,2.2654,0.241,2008
MT,618,3.8625,224.405,3.46812,34,18,226,4.948,46872.3,2.2653,0.241,2008
MT,619,3.7731,224.874,3.61614,58,41,132,4.806,47618.8,2.2202,0.241,2008
MT,620,3.6923,225.344,3.53524,57,17,426,4.691,48005.3,2.2277,0.241,2008
MT,621,3.6735,225.815,3.32001,66,27,316,4.674,48682.5,2.4182,0.241,2008
MT,622,3.631,226.286,3.23228,47,65,90,4.809,48250.9,2.3489,0.241,2008
MT,623,3.4927,226.759,3.25732,51,40,199,5.416,48277.9,2.288,0.241,2008
MT,624,3.6007,227.233,3.27354,50,20,227,5.253,48124.8,2.3676,0.241,2008
MT,625,3.6942,227.707,3.16598,50,27,67,4.858,48247.4,2.2648,0.241,2008
MT,626,3.7475,228.183,3.19108,36,18,166,5.145,48587.5,2.0318,0.241,2008
MT,627,3.8692,228.659,3.40571,34,16,203,5.447,47400.6,2.1713,0.241,2008
MT,628,3.9731,229.137,3.60442,31,41,185,5.532,49856.6,2.3492,0.241,2008
MT,629,4.0312,229.616,3.55441,45,37,185,5.524,48504.7,2.2649,0.241,2008
MT,630,3.9875,230.095,3.74851,43,31,432,4.146,48334.4,2.2144,0.241,2008
MT,631,4.0298,230.576,3.70286,50,39,243,4.93,48730.0,2.4012,0.241,2008
MT,632,3.9741,231.057,3.45327,38,30,155,4.644,48190.0,2.5143,0.241,2008
MT,633,3.8509,231.54,3.44051,42,38,155,5.133,47862.9,2.4413,0.241,2008
MT,634,3.7633,232.024,3.26743,59,35,128,5.326,48984.0,2.3934,0.241,2008
MT,635,3.7518,232.508,3.22471,59,33,130,5.014,49504.4,2.4384,0.241,2008
MT,636,3.626,232.994,3.24246,34,40,108,5.832,49772.2,2.2879,0.241,2008
MT,637,3.6561,233.481,3.3003,59,18,273,5.561,48123.6,2.1383,0.241,2008
MT,638,3.6028,233.968,3.39034,42,20,137,5.512,49192.9,2.2479,0.241,2008
MT,639,3.6982,234.457,3.57223,36,27,130,5.735,49553.8,2.0975,0.241,2008
MT,640,3.7787,234.947,3.69409,54,16,137,4.887,49766.0,2.129,0.241,2008
MT,641,3.9298,235.438,3.772,37,30,296,4.84,49704.1,2.1848,0.241,2008
MT,642,3.879,235.929,3.84413,48,40,76,5.044,50848.8,2.1925,0.241,2008
MT,643,3.953,236.422,3.73805,52,69,129,4.465,49854.4,2.4101,0.241,2008
MT,644,3.7251,236.916,3.72735,47,91,251,4.293,49256.3,2.5938,0.241,2008
MT,645,3.5447,237.411,3.46174,66,41,71,4.436,49800.0,2.4272,0.241,2008
MT,646,3.6311,237.907,3.46121,61,33,507,4.629,50373.6,2.3693,0.241,2008
MT,647,3.6683,238.404,3.23709,50,12,126,4.919,49718.4,2.3803,0.241,2008
MT,648,3.4455,238.902,3.44068,46,17,171,4.816,50408.4,2.2837,0.241,2008
MT,649,3.4568,239.401,3.39101,43,7,176,5.408,50641.2,2.2644,0.241,2008
MT,650,3.4833,239.901,3.44718,51,32,101,5.933,50172.3,2.1727,0.241,2008
MT,651,3.4442,240.402,3.59336,36,21,81,5.5,49531.7,2.2238,0.241,2008
MT,652,3.5821,240.904,3.73144,49,36,201,5.911,51214.9,2.1735,0.241,2008
MT,653,3.9004,241.407,3.72794,39,23,61,4.59,50547.1,2.1915,0.241,2008
MT,654,3.7092,241.911,3.82954,38,26,124,5.242,50951.2,2.0724,0.241,2008
MT,655,3.7199,242.417,3.99593,54,33,851,4.697,50535.7,2.3394,0.241,2008
MT,656,3.709,242.923,3.64909,55,40,171,4.848,50401.5,2.4512,0.241,2008
MT,657,3.6245,243.43,3.72853,68,39,155,4.484,51380.6,2.3398,0.241,2008
MT,658,3.5449,243.939,3.61505,45,44,237,4.686,50718.6,2.3782,0.241,2008
MT,659,3.4055,244.448,3.43358,43,105,140,5.119,51469.7,2.4433,0.241,2008
MT,660,2.1729,244.959,3.53884,58,26,145,4.818,51679.8,2.3318,0.241,2008
MT,661,2.4191,245.471,3.57805,51,16,370,5.072,51649.2,2.3915,0.241,2008
MT,662,2.4047,245.983,3.77692,44,55,245,4.865,52374.2,2.2357,0.241,2008
MT,663,2.4421,246.497,3.92869,44,19,364,5.154,51200.7,2.0877,0.241,2008
MT,664,2.5973,247.012,4.06187,44,17,403,4.321,51487.8,2.2617,0.241,2008
MT,665,2.6262,247.528,4.28154,42,13,115,4.916,51799.8,2.1226,0.241,2008
MT,666,2.6497,248.045,4.20768,51,36,112,5.441,53616.6,2.3189,0.241,2008
MT,667,2.7158,248.563,4.07311,61,48,205,4.582,51456.7,2.3036,0.241,2008
MT,668,2.6247,249.082,4.09666,55,60,212,4.201,52134.8,2.4219,0.241,2008
MT,669,2.6016,249.603,4.03442,66,46,435,3.864,51954.5,2.5241,0.241,2008
MT,670,2.5104,250.124,3.81443,64,39,37,4.776,52201.5,2.3833,0.241,2008
MT,671,2.4216,250.646,3.68219,63,36,37,5.278,51999.7,2.2106,0.241,2008
MT,672,2.1493,251.17,3.93339,65,21,161,4.979,52248.5,2.3557,0.241,2008
MT,673,2.1384,251.694,3.74037,45,16,523,4.419,52658.9,2.2362,0.241,2008
MT,674,2.2278,252.22,3.92467,43,22,150,5.007,53507.0,2.2308,0.241,2008
MT,675,2.2732,252.747,4.10716,45,27,383,5.689,53360.2,2.078,0.241,2008
MT,676,2.3142,253.275,4.3049,45,61,132,4.768,52787.7,2.219,0.241,2008
MT,677,2.2599,253.804,4.32909,51,66,491,5.365,52774.1,2.2472,0.241,2008
MT,678,2.2958,254.334,4.51977,56,26,248,4.258,52162.8,2.3369,0.241,2008
MT,679,2.3038,254.865,4.3111,47,13,522,4.795,53015.3,2.2066,0.241,2008
MT,680,2.2548,255.398,4.17938,55,25,215,4.555,52144.3,2.4854,0.241,2008
MT,681,2.1991,255.931,4.06894,46,42,719,4.789,53128.8,2.4732,0.241,2008
MT,682,2.1729,256.466,4.09533,45,47,583,4.953,52778.2,2.472,0.241,2008
MT,683,2.1187,257.001,3.86702,50,22,212,5.095,53098.1,2.4301,0.241,2008
MT,684,2.4365,257.538,3.82947,64,54,219,4.875,53282.8,2.2184,0.241,2008
MT,685,2.4311,258.076,3.95941,55,22,579,5.606,53461.5,2.1107,0.241,2008
MT,686,2.4032,258.615,3.85374,56,43,231,6.051,53258.2,2.0885,0.241,2008
MT,687,2.5532,259.155,4.00257,47,29,560,5.623,53467.4,2.1622,0.241,2008
MT,688,2.6505,259.697,4.37512,49,32,110,5.132,53172.2,2.0537,0.241,2008
MT,689,2.6774,260.239,4.29577,55,52,449,5.38,53700.7,2.2607,0.241,2008
MT,690,2.6774,260.783,4.33123,60,57,99,5.549,53124.3,2.1869,0.241,2008
MT,691,2.6615,261.327,4.37904,55,8,161,4.509,53011.3,2.3039,0.241,2008
MT,692,2.5332,261.873,4.17889,66,36,195,4.91,54134.2,2.5294,0.241,2008
MT,693,2.4193,262.42,3.91221,61,14,403,4.662,54108.2,2.4579,0.241,2008
MT,694,2.4423,262.968,4.03359,48,22,151,4.164,54763.0,2.4691,0.241,2008
MT,695,2.3722,263.518,3.87248,47,24,451,5.145,53962.8,2.3927,0.241,2008
MT,696,2.6719,264.068,3.85304,52,12,83,4.615,55567.3,2.2958,0.241,2008
MT,697,2.7411,264.62,4.02515,55,38,269,4.875,55044.2,2.1841,0.241,2008
MT,698,2.788,265.172,3.92885,51,17,363,4.96,55073.8,2.2953,0.241,2008
MT,699,2.8091,265.726,4.00163,56,25,34,5.036,55348.6,2.1017,0.241,2008
MT,700,2.9045,266.281,4.34399,60,27,256,5.079,55952.0,2.1946,0.241,2008
MT,701,2.9547,266.838,4.26683,46,22,83,5.101,54489.4,2.1005,0.241,2008
MT,702,2.9418,267.395,4.19458,50,24,176,5.191,53853.9,2.1604,0.241,2008
MT,703,2.9292,267.953,4.35602,55,72,146,4.705,54900.8,2.2418,0.241,2008
MT,704,2.8942,268.513,4.26501,64,34,107,4.117,54738.9,2.4374,0.241,2008
MT,705,2.8641,269.074,4.15719,58,46,282,4.977,56784.7,2.6275,0.241,2008
MT,706,2.8117,269.636,3.98327,59,44,369,4.92,54827.8,2.5901,0.241,2008
MT,707,2.7178,270.199,3.82999,47,91,158,4.746,54533.4,2.432,0.241,2008
MT,708,2.5364,270.764,3.83889,52,45,416,5.243,55356.7,2.4111,0.241,2008
MT,709,2.6301,271.329,3.92512,45,13,153,5.32,56080.0,2.1838,0.241,2008
MT,710,2.7111,271.896,4.09258,51,9,231,4.297,56227.4,2.1374,0.241,2008
MT,711,2.668,272.464,4.33937,44,32,132,4.75,55349.2,2.1207,0.241,2008
MT,712,2.6466,273.033,4.23836,51,41,300,5.053,54265.0,2.1045,0.241,2008
MT,713,2.7151,273.603,4.49844,48,46,252,5.274,56302.8,2.2935,0.241,2008
MT,714,2.7976,274.175,4.34793,56,81,379,4.586,55910.8,2.2873,0.241,2008
MT,715,2.8727,274.747,4.45651,41,32,346,4.382,55812.9,2.3481,0.241,2008
MT,716,2.8847,275.321,4.38311,57,25,398,5.63,56516.4,2.389,0.241,2008
MT,717,2.7606,275.896,4.28473,72,25,321,5.015,55784.6,2.3712,0.241,2008
MT,718,2.6787,276.473,3.95177,57,74,237,4.718,56203.9,2.3576,0.241,2008
MT,719,2.6519,277.05,4.10759,49,29,146,4.966,55877.1,2.1622,0.241,2008
MT,720,2.1837,277.629,3.76327,65,21,178,9.72,55391.8,2.3348,0.241,2008
MT,721,2.1546,278.209,3.96004,78,24,297,8.598,56861.0,2.256,0.241,2008
MT,722,2.1913,278.79,3.43467,59,25,324,9.883,56691.8,2.1343,0.241,2008
MT,723,1.9275,279.372,2.85642,41,19,216,9.958,57922.7,2.0117,0.241,2008
MT,724,2.0214,279.956,3.33015,51,34,289,9.596,56353.2,2.0633,0.241,2008
MT,725,2.422,280.54,3.7525,47,31,315,10.433,57872.2,2.2751,0.241,2008
MT,726,2.3842,281.126,4.25881,54,14,318,10.26,58847.9,2.4207,0.241,2008
MT,727,2.3633,281.714,4.3931,59,48,272,9.768,57480.7,2.2866,0.241,2008
MT,728,2.2729,282.302,4.42843,65,38,117,9.404,58279.5,2.5223,0.241,2008
MT,729,2.2004,282.892,4.2715,51,11,101,8.991,58163.9,2.2983,0.241,2008
MT,730,2.2121,283.483,4.19773,59,60,372,9.664,57871.2,2.4756,0.241,2008
MT,731,2.2049,284.075,4.07237,63,48,742,9.852,56813.3,2.2716,0.241,2008
MT,732,3.1021,284.668,4.19957,52,26,103,3.92,59054.3,2.3991,0.241,2008
MT,733,3.0769,285.263,4.1731,64,29,328,5.093,57356.0,2.2981,0.241,2008
MT,734,3.1008,285.859,3.96874,52,10,127,4.907,57141.0,2.3452,0.241,2008
MT,735,3.203,286.456,4.23202,43,47,19,4.846,57705.2,2.175,0.241,2008
MT,736,3.1458,287.054,4.44694,39,28,536,4.795,57674.6,2.1742,0.241,2008
MT,737,3.2642,287.654,4.53883,37,17,421,4.911,58441.8,2.098,0.241,2008
MT,738,3.258,288.254,4.52135,51,77,231,5.211,58439.7,2.2856,0.241,2008
MT,739,3.2334,288.856,4.39766,46,46,348,4.383,58347.1,2.1848,0.241,2008
MT,740,3.199,289.46,4.62012,55,30,436,4.031,59937.5,2.3434,0.241,2008
MT,741,3.151,290.064,4.25545,59,46,863,5.064,59114.3,2.3784,0.241,2008
MT,742,3.0829,290.67,4.11451,56,57,394,4.63,57206.5,2.42,0.241,2008
MT,743,3.0423,291.277,4.12965,60,50,235,4.647,58510.1,2.421,0.241,2008
MT,744,4.0063,291.886,3.87464,43,14,61,5.358,57639.0,2.2189,0.241,2008
MT,745,4.0683,292.496,3.90844,52,20,212,4.793,60838.1,2.2784,0.241,2008
MT,746,4.1279,293.106,4.01131,53,16,325,5.022,59601.4,2.1451,0.241,2008
MT,747,4.1136,293.719,4.24516,50,41,237,5.942,59842.3,2.232,0.241,2008
MT,748,4.7399,294.332,4.21351,46,33,108,4.804,58552.6,2.1501,0.241,2008
MT,749,5.245,294.947,4.28341,32,79,103,4.969,60159.6,2.2601,0.241,2008
MT,750,4.3512,295.563,4.21154,41,29,208,5.408,59329.1,2.4086,0.241,2008
MT,751,4.3876,296.18,4.26043,54,54,153,4.753,59975.9,2.3584,0.241,2008
MT,752,4.3056,296.799,4.33136,43,37,252,5.231,59703.9,2.358,0.241,2008
MT,753,4.1616,297.419,4.09269,49,26,257,4.694,58669.8,2.4793,0.241,2008
MT,754,4.1358,298.04,3.89467,58,25,640,4.518,59922.6,2.505,0.241,2008
MT,755,4.148,298.663,3.84413,47,28,150,4.593,60891.1,2.4002,0.241,2008
MT,756,3.5889,299.287,3.95215,56,26,90,4.401,60856.2,2.2625,0.241,2008
MT,757,3.627,299.912,3.97532,52,17,212,5.423,60320.5,2.3378,0.241,2008
MT,758,3.6383,300.538,4.05835,53,26,117,6.139,61803.8,2.1839,0.241,2008
MT,759,3.6824,301.166,4.35246,36,29,235,5.674,60371.5,2.1187,0.241,2008
MT,760,3.7826,301.795,4.58,43,65,121,5.041,61534.8,2.1934,0.241,2008
MT,761,3.8871,302.425,4.49935,43,13,409,5.422,60763.9,2.1739,0.241,2008
MT,762,3.8258,303.057,4.62627,43,83,441,4.721,60447.4,2.3002,0.241,2008
MT,763,3.8166,303.69,4.51207,50,37,184,4.876,60817.4,2.4857,0.241,2008
MT,764,3.7728,304.324,4.44686,50,62,145,4.256,59793.8,2.3504,0.241,2008
MT,765,3.6814,304.96,4.40436,58,31,605,4.383,59781.4,2.6649,0.241,2008
MT,766,3.6832,305.597,4.12748,66,41,788,4.784,61430.6,2.4555,0.241,2008
MT,767,3.7152,306.235,4.10584,61,41,264,4.579,61564.9,2.322,0.241,2008
MT,768,3.4377,306.875,4.01652,55,18,290,5.233,60519.4,2.2672,0.241,2008
MT,769,3.348,307.516,4.05365,52,23,281,4.758,62252.5,2.2156,0.241,2008
MT,770,3.4313,308.158,4.28136,38,26,233,4.712,60698.3,2.2649,0.241,2008
MT,771,3.4811,308.802,4.37548,39,31,359,5.727,61207.0,2.1258,0.241,2008
MT,772,3.4675,309.447,4.4869,54,19,321,6.319,61315.8,2.2611,0.241,2008
MT,773,3.5756,310.093,4.76008,48,72,228,4.469,61232.2,2.2394,0.241,2008
MT,774,3.6041,310.741,4.84063,64,49,207,4.118,62463.7,2.2552,0.241,2008
MT,775,3.6577,311.39,4.68552,62,20,69,4.969,61749.8,2.3634,0.241,2008
MT,776,3.579,312.041,4.60387,45,33,279,4.731,61481.2,2.4605,0.241,2008
MT,777,3.5241,312.692,4.35366,46,35,210,4.363,61927.8,2.3008,0.241,2008
MT,778,3.4638,313.345,4.28222,59,20,441,5.251,60999.1,2.4723,0.241,2008
MT,779,3.407,314.0,4.3116,50,33,85,4.328,63066.8,2.3563,0.241,2008
NE,540,2.2058,190.7,1.03955,13,5,15,5.292,41988.0,2.3366,0.3708,2011
NE,541,2.1645,191.098,1.05515,15,12,73,5.186,42515.9,2.284,0.3708,2011
NE,542,2.214,191.497,1.10804,14,11,65,6.238,41922.0,2.0794,0.3708,2011
NE,543,2.3017,191.897,1.16659,21,4,71,5.476,42073.7,2.1913,0.3708,2011
NE,544,2.3838,192.298,1.16666,13,5,24,5.92,42163.4,2.1035,0.3708,2011
NE,545,2.4288,192.7,1.19915,18,10,30,5.593,41903.4,2.3028,0.3708,2011
NE,546,2.4873,193.102,1.23843,20,27,118,5.028,43275.5,2.4293,0.3708,2011
NE,547,2.4784,193.506,1.19122,14,11,27,4.953,42813.7,2.4459,0.3708,2011
NE,548,2.4857,193.91,1.23498,22,5,73,4.974,42716.1,2.3104,0.3708,2011
NE,549,2.4441,194.315,1.14381,19,18,40,4.739,43283.4,2.4535,0.3708,2011
NE,550,2.3657,194.721,1.13266,19,1,30,4.654,42712.6,2.4417,0.3708,2011
NE,551,2.2922,195.128,1.08858,14,1,37,5.128,42749.0,2.343,0.3708,2011
NE,552,2.5651,195.535,1.07428,13,18,66,5.4,44159.9,2.4276,0.3708,2011
NE,553,2.5939,195.944,1.10507,13,9,88,4.926,42732.1,2.1184,0.3708,2011
NE,554,2.5955,196.353,1.1142,15,7,27,5.558,43099.7,2.2589,0.3708,2011
NE,555,2.6667,196.763,1.14232,21,0,27,5.409,43268.6,2.1663,0.3708,2011
NE,556,2.6764,197.174,1.17067,20,2,114,5.739,42453.8,2.1941,0.3708,2011
NE,557,2.6977,197.586,1.22396,13,7,109,5.603,43170.1,2.1502,0.3708,2011
NE,558,2.6976,197.999,1.22342,21,5,28,5.429,42753.7,2.3332,0.3708,2011
NE,559,2.6556,198.412,1.22667,16,2,58,5.607,43430.8,2.4501,0.3708,2011
NE,560,2.627,198.827,1.23684,18,6,103,4.574,43413.1,2.509,0.3708,2011
NE,561,2.6819,199.242,1.1688,21,30,151,4.71,43767.8,2.4587,0.3708,2011
NE,562,2.5665,199.658,1.08852,18,10,71,4.228,42802.4,2.3355,0.3708,2011
NE,563,2.4976,200.075,1.11364,19,24,60,5.493,43522.0,2.5258,0.3708,2011
NE,564,2.6778,200.493,1.03931,23,8,50,5.189,43557.7,2.2713,0.3708,2011
NE,565,2.7033,200.912,1.09297,20,8,61,5.24,44128.6,2.3267,0.3708,2011
NE,566,2.8062,201.331,1.11015,19,3,78,5.269,43155.8,2.0986,0.3708,2011
NE,567,2.902,201.752,1.14428,19,10,81,4.99,43058.6,2.162,0.3708,2011
NE,568,2.9584,202.173,1.15465,10,18,81,4.771,44127.0,2.2522,0.3708,2011
NE,569,2.9173,202.596,1.20638,11,10,85,5.566,44302.1,2.1571,0.3708,2011
NE,570,2.9176,203.019,1.23962,16,6,20,4.972,44098.7,2.3169,0.3708,2011
NE,571,2.9334,203.443,1.20603,24,16,115,5.171,43512.0,2.4281,0.3708,2011
NE,572,2.8401,203.868,1.16237,21,5,76,5.076,44236.5,2.2671,0.3708,2011
NE,573,2.76,204.294,1.17979,22,14,51,5.496,43866.7,2.4027,0.3708,2011
NE,574,2.7518,204.72,1.12714,22,17,99,5.042,45053.2,2.5289,0.3708,2011
NE,575,2.677,205.148,1.0801,10,13,86,5.048,44263.7,2.4069,0.3708,2011
NE,576,3.2273,205.576,1.07299,21,13,39,7.2,42337.1,2.5722,0.3708,2011
NE,577,3.2645,206.006,1.02494,21,8,80,8.474,42861.6,2.486,0.3708,2011
NE,578,3.3523,206.436,1.06553,11,5,28,8.047,43249.1,2.3883,0.3708,2011
NE,579,3.3824,206.867,1.10396,17,9,68,7.109,44482.0,2.2913,0.3708,2011
NE,580,3.4338,207.299,1.1357,5,8,41,7.993,43498.2,2.367,0.3708,2011
NE,581,4.1238,207.732,1.14665,17,22,111,8.077,44433.2,2.3304,0.3708,2011
NE,582,4.18,208.166,1.17155,13,17,66,8.007,44066.5,2.5815,0.3708,2011
NE,583,3.4421,208.601,1.15329,23,3,62,6.971,43871.2,2.6236,0.3708,2011
NE,584,3.3669,209.037,1.09662,17,14,124,7.161,43276.2,2.5792,0.3708,2011
NE,585,3.3032,209.474,1.09771,22,12,111,7.538,43363.5,2.6038,0.3708,2011
NE,586,2.197,209.911,1.03973,25,5,134,7.716,44994.8,2.7492,0.3708,2011
NE,587,1.7432,210.35,1.07066,25,6,35,7.908,44273.7,2.6698,0.3708,2011
NE,588,2.3113,210.789,1.10307,24,9,59,7.739,43936.7,2.6475,0.3708,2011
NE,589,2.2718,211.229,1.10552,13,10,118,7.389,44183.7,2.4405,0.3708,2011
NE,590,2.3335,211.67,1.1559,16,9,85,8.443,44605.0,2.2743,0.3708,2011
NE,591,2.3676,212.113,1.21759,11,6,39,8.343,44736.7,2.2616,0.3708,2011
NE,592,2.4409,212.556,1.26821,23,12,37,7.375,44295.5,2.2664,0.3708,2011
NE,593,2.4598,213.0,1.273,10,13,61,7.545,44447.6,2.4422,0.3708,2011
NE,594,2.4919,213.444,1.25378,11,1,19,7.058,44549.4,2.4809,0.3708,2011
NE,595,2.4821,213.89,1.21703,18,3,167,7.758,44312.7,2.4952,0.3708,2011
NE,596,2.4356,214.337,1.20388,23,3,113,7.681,44424.7,2.6556,0.3708,2011
NE,597,2.3641,214.785,1.19488,17,23,96,7.752,44823.3,2.7396,0.3708,2011
NE,598,2.339,215.233,1.17296,20,8,71,6.816,44474.7,2.6537,0.3708,2011
NE,599,2.2564,215.683,1.121,20,20,196,7.784,44080.2,2.6317,0.3708,2011
NE,600,2.7242,216.133,1.0822,27,12,101,7.745,44387.1,2.4954,0.3708,2011
NE,601,2.6911,216.585,1.09242,17,7,38,7.977,45650.4,2.5499,0.3708,2011
NE,602,2.6653,217.037,1.13583,17,7,44,7.672,44662.7,2.2542,0.3708,2011
NE,603,2.7592,217.491,1.17337,12,9,162,8.852,44597.1,2.3437,0.3708,2011
NE,604,2.8429,217.945,1.2234,11,4,70,8.485,45086.2,2.3026,0.3708,2011
NE,605,2.8659,218.4,1.24684,20,5,57,7.323,45207.8,2.2759,0.3708,2011
NE,606,2.9046,218.856,1.27178,11,4,41,7.944,45545.4,2.4574,0.3708,2011
NE,607,2.9452,219.313,1.23148,19,5,77,7.313,44975.8,2.611,0.3708,2011
NE,608,2.8619,219.772,1.19963,17,10,101,7.644,44601.0,2.5905,0.3708,2011
NE,609,2.8646,220.231,1.21828,20,6,102,7.59,45918.2,2.5677,0.3708,2011
NE,610,2.8317,220.691,1.12059,22,18,82,7.174,45206.5,2.7963,0.3708,2011
NE,611,2.7498,221.152,1.1388,17,16,90,7.39,45623.1,2.7168,0.3708,2011
NE,612,3.4344,221.614,1.14304,15,19,49,4.406,47935.0,2.2582,0.3708,2011
NE,613,3.4597,222.076,1.1745,15,7,39,4.887,47458.1,2.1269,0.3708,2011
NE,614,3.4633,222.54,1.16669,18,4,9,4.889,47182.7,2.2901,0.3708,2011
NE,615,3.5555,223.005,1.21079,18,6,16,5.465,48487.2,2.1454,0.3708,2011
NE,616,3.6816,223.471,1.22228,11,11,136,5.3,46563.2,2.156,0.3708,2011
NE,617,3.7828,223.938,1.27402,7,10,72,5.707,48945.8,2.1508,0.3708,2011
NE,618,3.794,224.405,1.27191,10,16,131,5.161,48588.3,2.4157,0.3708,2011
NE,619,3.7018,224.874,1.30279,19,5,71,3.907,47503.9,2.3428,0.3708,2011
NE,620,3.6327,225.344,1.21044,16,9,24,4.5,47861.9,2.5025,0.3708,2011
NE,621,3.4626,225.815,1.22298,12,16,100,4.672,48330.4,2.4971,0.3708,2011
NE,622,3.3753,226.286,1.16958,18,16,26,4.586,47791.8,2.4935,0.3708,2011
NE,623,3.4328,226.759,1.13667,15,7,7,4.111,48184.0,2.3598,0.3708,2011
NE,624,3.6138,227.233,1.06861,17,5,86,5.942,47865.2,2.1475,0.3708,2011
NE,625,3.7231,227.707,1.13978,19,7,58,5.011,48515.9,2.2322,0.3708,2011
NE,626,3.8215,228.183,1.12526,16,7,86,5.63,48015.8,2.1683,0.3708,2011
NE,627,3.8232,228.659,1.18812,12,25,53,5.397,48679.9,1.9596,0.3708,2011
NE,628,3.8256,229.137,1.20528,13,9,37,5.395,49561.0,2.2021,0.3708,2011
NE,629,3.7674,229.616,1.30248,20,2,46,4.881,48314.8,2.1322,0.3708,2011
NE,630,3.8275,230.095,1.27813,11,11,75,4.487,49235.9,2.1704,0.3708,2011
NE,631,3.8528,230.576,1.29778,18,9,102,4.756,50075.0,2.433,0.3708,2011
NE,632,3.6802,231.057,1.22231,24,9,30,5.036,48739.7,2.4616,0.3708,2011
NE,633,3.7299,231.54,1.24754,12,21,134,5.022,49199.7,2.329,0.3708,2011
NE,634,3.6574,232.024,1.1947,16,7,99,4.554,49429.8,2.5043,0.3708,2011
NE,635,3.5161,232.508,1.15138,14,7,99,4.365,49135.4,2.375,0.3708,2011
NE,636,3.5182,232.994,1.15391,15,17,66,4.788,47959.4,2.2167,0.3708,2011
NE,637,3.5619,233.481,1.1448,20,5,103,5.233,49061.1,2.2347,0.3708,2011
NE,638,3.6168,233.968,1.20837,19,3,53,5.139,49827.9,2.2579,0.3708,2011
NE,639,3.6248,234.457,1.24071,14,23,43,5.189,50538.0,2.0961,0.3708,2011
NE,640,3.6368,234.947,1.25206,11,16,111,5.164,50107.2,1.9775,0.3708,2011
NE,641,3.7539,235.438,1.31114,14,13,44,4.984,50747.4,2.2744,0.3708,2011
NE,642,3.696,235.929,1.30757,16,6,32,5.246,50071.4,2.2518,0.3708,2011
NE,643,3.6459,236.422,1.28409,15,6,75,4.658,48328.8,2.3093,0.3708,2011
NE,644,3.5706,236.916,1.28473,11,13,32,4.862,48939.2,2.2851,0.3708,2011
NE,645,3.5434,237.411,1.27076,17,6,126,4.608,51315.5,2.3648,0.3708,2011
NE,646,3.4657,237.907,1.21997,19,21,61,4.638,51114.0,2.3976,0.3708,2011
NE,647,3.4314,238.404,1.19733,13,12,70,4.827,49711.9,2.2802,0.3708,2011
NE,648,3.3761,238.902,1.17247,13,4,63,5.198,50354.8,2.269,0.3708,2011
NE,649,3.4004,239.401,1.18547,15,11,81,4.625,49717.8,2.1101,0.3708,2011
NE,650,3.4809,239.901,1.13593,12,8,49,5.846,49539.8,2.1368,0.3708,2011
NE,651,3.4235,240.402,1.26182,12,9,29,5.41,51444.3,2.1544,0.3708,2011
NE,652,3.473,240.904,1.35919,19,18,38,5.243,50561.9,2.1845,0.3708,2011
NE,653,3.7312,241.407,1.39562,12,4,64,4.408,51149.0,2.1247,0.3708,2011
NE,654,3.6234,241.911,1.36362,23,12,189,5.046,50500.3,2.3091,0.3708,2011
NE,655,3.5534,242.417,1.3629,15,9,71,5.432,50507.1,2.4148,0.3708,2011
NE,656,3.3773,242.923,1.31991,20,10,46,4.362,51873.2,2.4891,0.3708,2011
NE,657,3.3308,243.43,1.26656,22,19,94,4.507,50847.2,2.44,0.3708,2011
NE,658,3.2569,243.939,1.21698,15,20,79,5.181,51380.0,2.3495,0.3708,2011
NE,659,3.2221,244.448,1.18637,24,6,19,4.661,50623.6,2.4272,0.3708,2011
NE,660,2.1415,244.959,1.21337,16,16,83,5.329,51171.4,2.3433,0.3708,2011
NE,661,2.4145,245.471,1.21192,14,7,104,5.882,50983.8,2.3377,0.3708,2011
NE,662,2.4186,245.983,1.31112,16,16,41,5.431,51713.4,2.2554,0.3708,2011
NE,663,2.4563,246.497,1.39033,14,12,57,5.025,51579.0,2.136,0.3708,2011
NE,664,2.6072,247.012,1.42489,20,10,139,4.983,51364.0,2.1855,0.3708,2011
NE,665,2.6396,247.528,1.47601,22,14,37,5.115,50622.9,2.1981,0.3708,2011
NE,666,2.6697,248.045,1.48851,17,7,51,4.861,50556.8,2.4464,0.3708,2011
NE,667,2.6363,248.563,1.41519,15,31,140,4.674,50949.5,2.4988,0.3708,2011
NE,668,2.4631,249.082,1.44639,23,22,77,5.059,52332.9,2.5048,0.3708,2011
NE,669,2.4782,249.603,1.36226,22,1,213,4.891,51824.6,2.4962,0.3708,2011
NE,670,2.374,250.124,1.36446,20,8,37,4.462,52674.7,2.2958,0.3708,2011
NE,671,2.4048,250.646,1.28542,25,2,119,4.619,51416.1,2.3613,0.3708,2011
NE,672,2.0694,251.17,1.30494,13,15,36,4.729,52205.0,2.4758,0.3708,2011
NE,673,2.054,251.694,1.32401,15,12,61,4.968,52558.3,2.1875,0.3708,2011
NE,674,2.1069,252.22,1.40746,15,8,87,5.397,52990.5,2.2808,0.3708,2011
NE,675,2.1829,252.747,1.439,27,15,42,4.217,52660.9,2.0441,0.3708,2011
NE,676,2.1964,253.275,1.48149,16,9,119,4.375,52931.1,2.2449,0.3708,2011
NE,677,2.2294,253.804,1.59403,16,6,81,4.449,53096.4,2.1172,0.3708,2011
NE,678,2.261,254.334,1.48725,16,12,117,4.903,53673.5,2.1974,0.3708,2011
NE,679,2.297,254.865,1.53223,26,18,82,5.089,53187.7,2.4645,0.3708,2011
NE,680,2.2585,255.398,1.5321,18,17,69,5.217,53652.9,2.5393,0.3708,2011
NE,681,2.2012,255.931,1.42063,16,23,64,4.049,53390.0,2.5018,0.3708,2011
NE,682,2.0738,256.466,1.34645,14,22,66,5.455,53051.7,2.4327,0.3708,2011
NE,683,2.0289,257.001,1.36199,14,23,23,4.958,53129.6,2.391,0.3708,2011
NE,684,2.2631,257.538,1.31374,18,2,8,4.657,52730.1,2.3265,0.3708,2011
NE,685,2.2972,258.076,1.38042,18,13,47,4.694,54211.3,2.1975,0.3708,2011
NE,686,2.3963,258.615,1.35896,13,7,152,5.463,53248.2,2.1575,0.3708,2011
NE,687,2.4202,259.155,1.46992,33,8,97,5.464,55060.3,2.125,0.3708,2011
NE,688,2.5004,259.697,1.49896,21,16,137,5.392,53462.1,2.2023,0.3708,2011
NE,689,2.5346,260.239,1.53413,15,15,46,4.93,53397.3,2.3883,0.3708,2011
NE,690,2.6307,260.783,1.52881,10,17,73,4.421,53326.6,2.1696,0.3708,2011
NE,691,2.5411,261.327,1.4774,22,15,136,4.845,54457.5,2.3688,0.3708,2011
NE,692,2.5427,261.873,1.47738,22,23,57,4.197,54403.5,2.3708,0.3708,2011
NE,693,2.4049,262.42,1.45505,20,14,86,4.787,54674.1,2.5135,0.3708,2011
NE,694,2.299,262.968,1.35952,17,7,34,4.788,53838.0,2.4923,0.3708,2011
NE,695,2.2716,263.518,1.3655,17,9,201,5.038,55355.1,2.4282,0.3708,2011
NE,696,2.5572,264.068,1.35064,24,8,101,4.827,53736.2,2.3254,0.3708,2011
NE,697,2.6408,264.62,1.36069,16,14,84,5.033,54717.7,2.181,0.3708,2011
NE,698,2.7047,265.172,1.35337,12,4,54,5.206,54808.5,2.2052,0.3708,2011
NE,699,2.7449,265.726,1.38155,22,2,85,5.819,54387.0,2.2677,0.3708,2011
NE,700,2.8985,266.281,1.50372,12,14,69,5.25,54790.7,2.0825,0.3708,2011
NE,701,2.898,266.838,1.53561,14,6,114,5.065,54543.9,2.2462,0.3708,2011
NE,702,2.8362,267.395,1.50752,21,18,75,5.725,55030.9,2.518,0.3708,2011
NE,703,2.857,267.953,1.52179,22,4,53,4.756,55007.5,2.3874,0.3708,2011
NE,704,2.8438,268.513,1.46965,16,2,153,5.221,54055.3,2.446,0.3708,2011
NE,705,2.7495,269.074,1.38731,15,15,103,4.892,55107.8,2.3946,0.3708,2011
NE,706,2.7097,269.636,1.38307,21,22,89,4.818,55768.4,2.3744,0.3708,2011
NE,707,2.6257,270.199,1.40299,16,15,94,4.612,55331.9,2.2135,0.3708,2011
NE,708,2.5129,270.764,1.36423,16,20,55,4.823,56619.2,2.4004,0.3708,2011
NE,709,2.619,271.329,1.40595,15,26,159,5.212,55206.0,2.1443,0.3708,2011
NE,710,2.6669,271.896,1.39781,10,11,36,5.776,54637.2,2.1576,0.3708,2011
NE,711,2.6823,272.464,1.46987,16,7,37,5.301,56549.0,2.1143,0.3708,2011
NE,712,2.6725,273.033,1.53798,18,15,61,4.375,55841.1,2.088,0.3708,2011
NE,713,2.6943,273.603,1.52835,25,24,25,5.293,55901.9,2.3351,0.3708,2011
NE,714,2.7634,274.175,1.5723,26,18,99,4.48,56553.1,2.3606,0.3708,2011
NE,715,2.7211,274.747,1.49492,28,12,5,4.829,54461.4,2.4152,0.3708,2011
NE,716,2.6985,275.321,1.5366,26,10,140,4.969,56176.2,2.4769,0.3708,2011
NE,717,2.602,275.896,1.45865,23,7,38,4.935,55464.7,2.6529,0.3708,2011
NE,718,2.5256,276.473,1.48119,19,14,82,4.663,57524.4,2.331,0.3708,2011
NE,719,2.5195,277.05,1.38695,24,6,103,5.189,56850.0,2.4132,0.3708,2011
NE,720,2.0622,277.629,1.38127,27,11,139,9.15,56200.5,2.2586,0.3708,2011
NE,721,2.1186,278.209,1.33671,20,10,33,10.043,56797.8,2.1093,0.3708,2011
NE,722,2.1996,278.79,1.18161,17,4,76,10.123,57039.4,2.1634,0.3708,2011
NE,723,1.908,279.372,0.95194,18,15,22,9.825,57756.3,2.1505,0.3708,2011
NE,724,1.9282,279.956,1.18427,24,6,167,9.358,56538.6,2.2974,0.3708,2011
NE,725,2.2774,280.54,1.32496,11,8,216,10.312,58113.3,2.022,0.3708,2011
NE,726,2.2913,281.126,1.46885,16,28,124,9.465,57908.3,2.411,0.3708,2011
NE,727,2.2693,281.714,1.58447,15,18,154,9.597,57596.7,2.3121,0.3708,2011
NE,728,2.2403,282.302,1.52407,17,14,271,9.002,57857.1,2.3331,0.3708,2011
NE,729,2.2447,282.892,1.49809,20,26,76,9.411,57562.4,2.5128,0.3708,2011
NE,730,2.1797,283.483,1.47172,18,21,131,8.615,57458.8,2.4277,0.3708,2011
NE,731,2.1077,284.075,1.40163,16,27,30,9.463,57811.7,2.3824,0.3708,2011
NE,732,3.0202,284.668,1.41709,23,5,52,5.01,56808.3,2.2327,0.3708,2011
NE,733,2.9948,285.263,1.40801,12,12,128,5.876,58016.2,2.2158,0.3708,2011
NE,734,3.0054,285.859,1.3816,13,10,62,5.907,57803.2,2.2569,0.3708,2011
NE,735,3.0647,286.456,1.51538,13,23,49,5.47,58983.3,2.1738,0.3708,2011
NE,736,3.1462,287.054,1.54373,18,10,95,5.133,59930.3,2.3517,0.3708,2011
NE,737,3.1503,287.654,1.60667,15,14,88,5.142,57715.7,2.2242,0.3708,2011
NE,738,3.1889,288.254,1.56926,18,24,60,4.583,58091.9,2.3714,0.3708,2011
NE,739,3.1989,288.856,1.54042,19,26,174,4.863,58981.6,2.3019,0.3708,2011
NE,740,3.1314,289.46,1.56575,19,5,83,4.619,58707.1,2.5112,0.3708,2011
NE,741,3.1052,290.064,1.44642,16,7,120,4.467,58268.7,2.2457,0.3708,2011
NE,742,2.9875,290.67,1.41885,20,18,64,4.821,58551.8,2.4944,0.3708,2011
NE,743,2.9291,291.277,1.44155,16,4,104,4.918,59628.3,2.4223,0.3708,2011
NE,744,3.8147,291.886,1.35987,16,15,67,4.888,57835.9,2.2814,0.3708,2011
NE,745,3.7705,292.496,1.38287,16,7,124,5.372,58572.1,2.2544,0.3708,2011
NE,746,3.89,293.106,1.40094,15,12,173,5.019,58839.6,2.2473,0.3708,2011
NE,747,3.9876,293.719,1.45731,10,20,81,5.185,60094.5,2.1995,0.3708,2011
NE,748,4.6627,294.332,1.43442,11,8,94,5.229,59097.4,2.1847,0.3708,2011
NE,749,5.207,294.947,1.4225,11,1,102,4.776,58554.0,2.4086,0.3708,2011
NE,750,4.2045,295.563,1.50106,14,15,8,5.095,58743.0,2.3604,0.3708,2011
NE,751,4.1736,296.18,1.54647,23,9,110,3.86,59843.2,2.47,0.3708,2011
NE,752,4.2127,296.799,1.50074,26,10,90,4.689,59824.3,2.5126,0.3708,2011
NE,753,4.1362,297.419,1.45831,26,19,61,4.773,61907.4,2.5442,0.3708,2011
NE,754,4.1115,298.04,1.37488,11,27,142,4.513,60587.6,2.4428,0.3708,2011
NE,755,3.9998,298.663,1.38458,22,38,71,4.692,59965.6,2.4027,0.3708,2011
NE,756,3.4548,299.287,1.34506,17,13,83,4.687,61394.1,2.2684,0.3708,2011
NE,757,3.4504,299.912,1.40324,20,11,126,5.408,60516.1,2.2196,0.3708,2011
NE,758,3.4358,300.538,1.40962,21,16,70,5.425,59536.4,2.2583,0.3708,2011
NE,759,3.5882,301.166,1.49471,14,4,162,5.089,60529.4,2.1233,0.3708,2011
NE,760,3.6281,301.795,1.47055,7,28,77,5.142,60888.5,1.9379,0.3708,2011
NE,761,3.7518,302.425,1.57611,14,14,39,4.882,61410.4,2.1798,0.3708,2011
NE,762,3.6884,303.057,1.59041,11,12,109,4.944,60695.7,2.1553,0.3708,2011
NE,763,3.6318,303.69,1.56663,16,22,275,4.523,60206.9,2.4395,0.3708,2011
NE,764,3.6518,304.324,1.58603,29,5,22,4.585,60434.8,2.4827,0.3708,2011
NE,765,3.5451,304.96,1.48269,14,7,87,4.886,60787.7,2.5008,0.3708,2011
NE,766,3.4604,305.597,1.44267,25,27,86,5.3,60994.0,2.3983,0.3708,2011
NE,767,3.4621,306.235,1.43564,20,24,167,4.832,62499.3,2.4498,0.3708,2011
NE,768,3.2026,306.875,1.3651,18,18,35,5.242,60570.4,2.3012,0.3708,2011
NE,769,3.223,307.516,1.43527,16,19,86,5.237,59863.8,2.3655,0.3708,2011
NE,770,3.2637,308.158,1.46278,15,8,59,4.897,61656.4,1.9664,0.3708,2011
NE,771,3.2989,308.802,1.456,11,26,81,5.47,60459.2,2.1901,0.3708,2011
NE,772,3.3345,309.447,1.58327,16,4,66,5.207,61673.3,2.099,0.3708,2011
NE,773,3.4708,310.093,1.60355,13,13,21,5.093,62640.5,2.3344,0.3708,2011
NE,774,3.5159,310.741,1.65189,19,10,23,5.379,62468.8,2.2623,0.3708,2011
NE,775,3.4303,311.39,1.61185,18,12,176,5.172,59963.2,2.295,0.3708,2011
NE,776,3.3623,312.041,1.63509,17,21,65,4.668,61377.7,2.5025,0.3708,2011
NE,777,3.2975,312.692,1.56241,15,17,91,5.195,62181.5,2.4916,0.3708,2011
NE,778,3.3596,313.345,1.52859,20,10,70,4.421,62206.4,2.4038,0.3708,2011
NE,779,3.2295,314.0,1.43174,13,3,80,4.907,61746.4,2.3295,0.3708,2011
NV,540,1.9445,190.7,1.0748,23,4,72,4.86,41604.2,2.1453,0.5103,2004
NV,541,1.945,191.098,1.10853,21,2,63,4.425,42121.6,2.1646,0.5103,2004
NV,542,2.0422,191.497,1.12525,18,11,31,5.632,42480.8,2.2321,0.5103,2004
NV,543,2.0996,191.897,1.17328,18,14,28,5.479,41973.1,2.1738,0.5103,2004
NV,544,2.1434,192.298,1.20017,21,9,28,5.414,43071.0,2.3429,0.5103,2004
NV,545,2.2363,192.7,1.23403,13,12,53,4.906,42572.6,2.1694,0.5103,2004
NV,546,2.174,193.102,1.27183,20,13,67,4.947,43244.7,2.2027,0.5103,2004
NV,547,2.1006,193.506,1.2968,16,21,174,4.376,42999.5,2.356,0.5103,2004
NV,548,2.131,193.91,1.16778,12,7,117,5.736,42072.7,2.3751,0.5103,2004
NV,549,2.097,194.315,1.18021,25,15,29,4.917,42623.4,2.4883,0.5103,2004
NV,550,2.0326,194.721,1.18187,13,5,99,4.267,42998.2,2.4374,0.5103,2004
NV,551,1.9658,195.128,1.10793,12,32,13,4.824,41701.0,2.5582,0.5103,2004
NV,552,2.2043,195.535,1.11836,23,6,50,4.894,44234.4,2.2065,0.5103,2004
NV,553,2.1686,195.944,1.12116,19,5,55,5.022,43251.4,2.2318,0.5103,2004
NV,554,2.2188,196.353,1.15977,17,6,61,4.616,43643.5,2.1508,0.5103,2004
NV,555,2.3124,196.763,1.20002,21,5,12,5.418,43526.3,2.2963,0.5103,2004
NV,556,2.3465,197.174,1.18785,13,12,148,4.896,43438.8,2.1278,0.5103,2004
NV,557,2.411,197.586,1.24738,20,2,60,5.158,43471.3,2.0375,0.5103,2004
NV,558,2.4554,197.999,1.22792,20,10,116,5.522,42002.6,2.3206,0.5103,2004
NV,559,2.4155,198.412,1.23715,21,20,97,5.144,43162.7,2.5221,0.5103,2004
NV,560,2.3618,198.827,1.22972,25,18,62,5.106,43328.8,2.5304,0.5103,2004
NV,561,2.3485,199.242,1.182,22,4,170,4.949,43561.7,2.489,0.5103,2004
NV,562,2.2208,199.658,1.09985,19,20,102,4.843,43001.1,2.3811,0.5103,2004
NV,563,2.1882,200.075,1.1205,15,2,90,5.62,43800.5,2.4287,0.5103,2004
NV,564,2.3565,200.493,1.04366,24,18,26,5.46,42995.0,2.2688,0.5103,2004
NV,565,2.4094,200.912,1.15092,18,5,101,4.957,43893.4,2.2159,0.5103,2004
NV,566,2.3915,201.331,1.16055,19,10,50,5.507,43163.2,2.1225,0.5103,2004
NV,567,2.4672,201.752,1.13741,15,13,31,5.953,43069.3,2.1309,0.5103,2004
NV,568,2.6113,202.173,1.23347,14,6,25,5.308,43667.1,2.1516,0.5103,2004
NV,569,2.6665,202.596,1.23737,12,11,35,4.971,43722.4,2.2103,0.5103,2004
NV,570,2.5647,203.019,1.23846,19,8,145,5.239,44240.5,2.3553,0.5103,2004
NV,571,2.526,203.443,1.30593,18,2,126,3.76,44071.4,2.3646,0.5103,2004
NV,572,2.5874,203.868,1.20304,21,31,37,4.519,44036.4,2.4214,0.5103,2004
NV,573,2.5333,204.294,1.192,14,6,112,5.104,44558.6,2.3762,0.5103,2004
NV,574,2.4628,204.72,1.20747,17,6,108,4.292,44753.8,2.4503,0.5103,2004
NV,575,2.3949,205.148,1.09318,16,6,112,5.2,44106.6,2.3332,0.5103,2004
NV,576,2.8381,205.576,1.06239,26,8,70,7.212,43664.4,2.544,0.5103,2004
NV,577,2.8882,206.006,1.10093,12,6,67,8.08,42995.9,2.3846,0.5103,2004
NV,578,2.941,206.436,1.0914,12,6,25,7.646,43221.0,2.4319,0.5103,2004
NV,579,3.0231,206.867,1.07717,25,10,62,8.415,42890.7,2.5288,0.5103,2004
NV,580,2.924,207.299,1.14473,13,5,32,7.496,43391.3,2.4072,0.5103,2004
NV,581,3.6461,207.732,1.1646,12,4,53,8.487,44230.7,2.487,0.5103,2004
NV,582,3.7173,208.166,1.16056,15,4,43,7.33,41986.1,2.4689,0.5103,2004
NV,583,3.0712,208.601,1.12663,21,13,76,7.775,43353.1,2.6549,0.5103,2004
NV,584,2.9931,209.037,1.16483,20,18,35,7.908,44332.4,2.6048,0.5103,2004
NV,585,2.94,209.474,1.10649,17,13,32,7.492,43845.7,2.5908,0.5103,2004
NV,586,1.9307,209.911,1.10931,28,10,42,7.208,43371.3,2.6431,0.5103,2004
NV,587,1.5088,210.35,1.07032,14,20,186,7.341,43772.1,2.5425,0.5103,2004
NV,588,2.0021,210.789,1.13428,18,8,32,7.613,44979.3,2.5233,0.5103,2004
NV,589,2.0093,211.229,1.14473,15,11,80,8.24,45338.5,2.3763,0.5103,2004
NV,590,1.9861,211.67,1.16357,17,3,21,7.626,44564.0,2.4339,0.5103,2004
NV,591,2.0644,212.113,1.25507,18,23,39,8.388,44557.4,2.4144,0.5103,2004
NV,592,2.1244,212.556,1.21194,28,8,62,8.405,43778.3,2.3779,0.5103,2004
NV,593,2.1759,213.0,1.29182,15,7,96,7.962,45240.9,2.4042,0.5103,2004
NV,594,2.1548,213.444,1.30725,19,10,165,7.575,44203.5,2.4226,0.5103,2004
NV,595,2.1518,213.89,1.32829,27,11,152,7.165,44715.5,2.5383,0.5103,2004
NV,596,2.1837,214.337,1.28638,17,12,68,7.75,44756.9,2.7169,0.5103,2004
NV,597,2.0877,214.785,1.21998,25,8,71,6.959,45142.5,2.6016,0.5103,2004
NV,598,2.0747,215.233,1.21649,22,6,40,8.035,45576.7,2.735,0.5103,2004
NV,599,2.0075,215.683,1.17102,24,10,130,8.1,44813.2,2.5221,0.5103,2004
NV,600,2.3931,216.133,1.13824,13,2,73,7.793,44893.0,2.4612,0.5103,2004
NV,601,2.4232,216.585,1.15095,15,19,38,7.631,45379.0,2.3058,0.5103,2004
NV,602,2.4489,217.037,1.16849,17,14,147,7.34,46576.4,2.2942,0.5103,2004
NV,603,2.5284,217.491,1.17809,18,7,23,8.161,45432.2,2.2604,0.5103,2004
NV,604,2.6019,217.945,1.26624,25,5,49,8.303,45680.9,2.272,0.5103,2004
NV,605,2.6124,218.4,1.24547,19,6,44,8.191,44879.3,2.2542,0.5103,2004
NV,606,2.5887,218.856,1.29241,17,17,36,7.947,46082.9,2.4402,0.5103,2004
NV,607,2.5969,219.313,1.23776,20,25,40,7.445,45694.4,2.5849,0.5103,2004
NV,608,2.5354,219.772,1.19785,22,4,57,7.291,45054.9,2.6973,0.5103,2004
NV,609,2.558,220.231,1.22507,18,16,139,6.43,45504.2,2.4975,0.5103,2004
NV,610,2.4027,220.691,1.16549,18,21,115,6.993,45446.8,2.6695,0.5103,2004
NV,611,2.3964,221.152,1.09727,24,12,34,7.39,46336.4,2.6208,0.5103,2004
NV,612,3.0017,221.614,1.21627,25,22,52,4.929,47726.9,2.0935,0.5103,2004
NV,613,3.0519,222.076,1.14883,22,8,7,4.537,47861.7,2.1219,0.5103,2004
NV,614,3.0765,222.54,1.18807,14,6,45,5.51,47212.5,2.2132,0.5103,2004
NV,615,3.0707,223.005,1.19591,17,9,215,5.851,47577.0,2.3025,0.5103,2004
NV,616,3.2084,223.471,1.2895,12,14,182,5.455,47051.1,2.3471,0.5103,2004
NV,617,3.2165,223.938,1.31577,17,11,93,4.921,48185.4,2.2243,0.5103,2004
NV,618,3.2479,224.405,1.32644,25,10,120,3.915,47960.9,2.2431,0.5103,2004
NV,619,3.2362,224.874,1.34699,22,12,43,4.151,49392.9,2.4647,0.5103,2004
NV,620,3.2608,225.344,1.28794,24,21,175,4.705,47430.4,2.4682,0.5103,2004
NV,621,3.178,225.815,1.2159,30,16,108,4.93,48460.8,2.3203,0.5103,2004
NV,622,3.1104,226.286,1.14237,13,18,87,4.892,48725.7,2.3638,0.5103,2004
NV,623,3.1442,226.759,1.15038,14,4,117,5.284,47993.8,2.3958,0.5103,2004
NV,624,3.0855,227.233,1.15797,23,4,104,5.692,47466.8,2.4223,0.5103,2004
NV,625,3.1465,227.707,1.21425,19,7,17,4.969,47911.4,2.2845,0.5103,2004
NV,626,3.1987,228.183,1.26636,11,4,56,5.869,48488.8,2.1164,0.5103,2004
NV,627,3.2473,228.659,1.24671,11,7,44,5.609,49003.3,2.0123,0.5103,2004
NV,628,3.3149,229.137,1.25081,15,10,76,5.54,48476.9,2.2697,0.5103,2004
NV,629,3.3507,229.616,1.31013,24,20,76,5.473,49221.9,2.1762,0.5103,2004
NV,630,3.2953,230.095,1.33317,23,13,112,4.921,50148.0,2.3349,0.5103,2004
NV,631,3.2777,230.576,1.32893,18,13,68,4.71,49433.6,2.3262,0.5103,2004
NV,632,3.2551,231.057,1.27196,20,16,95,4.407,49502.5,2.503,0.5103,2004
NV,633,3.2408,231.54,1.24464,15,12,45,5.06,49053.3,2.5137,0.5103,2004
NV,634,3.1843,232.024,1.16554,20,8,143,4.106,49334.0,2.3861,0.5103,2004
NV,635,3.1645,232.508,1.14595,18,3,194,4.746,48362.9,2.3583,0.5103,2004
NV,636,3.0374,232.994,1.1275,15,9,33,5.585,48911.4,2.4074,0.5103,2004
NV,637,3.0074,233.481,1.1966,18,11,129,4.725,49082.9,2.1881,0.5103,2004
NV,638,3.0468,233.968,1.20527,21,16,17,5.078,50073.1,2.053,0.5103,2004
NV,639,3.1983,234.457,1.23095,14,7,65,5.335,48809.1,2.1356,0.5103,2004
NV,640,3.2645,234.947,1.30106,12,12,126,5.327,49742.9,2.1471,0.5103,2004
NV,641,3.363,235.438,1.36872,18,19,90,4.901,49178.8,2.1483,0.5103,2004
NV,642,3.2453,235.929,1.31667,13,19,41,5.062,49642.0,2.3008,0.5103,2004
NV,643,3.1903,236.422,1.32003,14,27,57,4.628,49912.6,2.4238,0.5103,2004
NV,644,3.2161,236.916,1.29868,18,16,51,4.565,49785.0,2.508,0.5103,2004
NV,645,3.1909,237.411,1.28331,24,21,135,4.514,50985.6,2.4988,0.5103,2004
NV,646,3.2425,237.907,1.23271,14,6,61,4.593,50082.3,2.4989,0.5103,2004
NV,647,3.1651,238.404,1.21476,16,2,35,4.306,50592.1,2.4198,0.5103,2004
NV,648,2.9926,238.902,1.16706,17,12,82,4.697,49818.7,2.2629,0.5103,2004
NV,649,2.8915,239.401,1.19016,19,13,55,5.2,50125.7,2.1594,0.5103,2004
NV,650,2.9622,239.901,1.24647,27,7,64,5.359,50068.9,2.0703,0.5103,2004
NV,651,3.0949,240.402,1.32157,9,14,130,5.086,51176.3,2.2269,0.5103,2004
NV,652,3.1444,240.904,1.29429,14,10,40,5.884,49658.5,2.1934,0.5103,2004
NV,653,3.3565,241.407,1.33368,13,7,66,5.346,50532.6,2.2908,0.5103,2004
NV,654,3.2124,241.911,1.40567,25,8,51,5.084,50581.7,2.2449,0.5103,2004
NV,655,3.2293,242.417,1.386,23,25,104,4.624,51562.3,2.2382,0.5103,2004
NV,656,3.1141,242.923,1.31898,10,6,194,4.43,51371.8,2.505,0.5103,2004
NV,657,3.0468,243.43,1.3208,20,18,74,4.53,50751.4,2.5493,0.5103,2004
NV,658,2.9633,243.939,1.24366,22,5,33,4.796,50613.9,2.3048,0.5103,2004
NV,659,2.9414,244.448,1.19351,15,6,73,4.634,50668.9,2.4939,0.5103,2004
NV,660,1.9294,244.959,1.26292,15,4,36,5.041,50653.9,2.2431,0.5103,2004
NV,661,2.1093,245.471,1.28346,16,8,199,5.118,51415.3,2.1538,0.5103,2004
NV,662,2.1447,245.983,1.3089,10,5,28,5.572,51044.9,2.1892,0.5103,2004
NV,663,2.1764,246.497,1.41791,16,18,58,5.301,51175.2,2.1893,0.5103,2004
NV,664,2.3062,247.012,1.47351,19,21,79,5.072,51227.4,2.2176,0.5103,2004
NV,665,2.3616,247.528,1.49064,16,16,19,4.686,51165.2,2.2308,0.5103,2004
NV,666,2.359,248.045,1.49982,17,10,105,5.13,51224.1,2.2287,0.5103,2004
NV,667,2.2992,248.563,1.48114,21,4,156,5.079,51432.6,2.2209,0.5103,2004
NV,668,2.2558,249.082,1.46172,18,10,78,3.76,50959.1,2.5574,0.5103,2004
NV,669,2.1726,249.603,1.40051,19,9,188,5.007,51474.4,2.5307,0.5103,2004
NV,670,2.169,250.124,1.3428,12,18,137,4.986,51836.6,2.411,0.5103,2004
NV,671,2.1024,250.646,1.36036,17,6,39,5.137,51795.0,2.3975,0.5103,2004
NV,672,1.7929,251.17,1.35021,18,8,66,4.56,52335.2,2.287,0.5103,2004
NV,673,1.8012,251.694,1.41231,18,14,46,5.305,52226.4,2.3395,0.5103,2004
NV,674,1.8877,252.22,1.33015,19,13,56,5.93,52163.2,2.1655,0.5103,2004
NV,675,1.9357,252.747,1.51835,14,4,128,5.249,53165.5,2.1504,0.5103,2004
NV,676,1.9859,253.275,1.56761,23,13,51,4.724,53761.6,2.1994,0.5103,2004
NV,677,2.059,253.804,1.55015,14,8,13,5.391,52881.6,2.2871,0.5103,2004
NV,678,2.0247,254.334,1.5012,12,12,40,4.794,52060.4,2.2957,0.5103,2004
NV,679,2.0348,254.865,1.56878,20,6,125,5.038,52691.9,2.37,0.5103,2004
NV,680,1.9713,255.398,1.57608,14,15,45,5.038,52442.3,2.4118,0.5103,2004
NV,681,1.9434,255.931,1.46104,22,7,58,5.202,53190.5,2.4571,0.5103,2004
NV,682,1.8743,256.466,1.40818,22,6,114,5.622,52895.4,2.5423,0.5103,2004
NV,683,1.7635,257.001,1.33627,23,8,89,5.373,53436.2,2.3272,0.5103,2004
NV,684,2.0106,257.538,1.39435,12,11,27,4.959,52901.0,2.3774,0.5103,2004
NV,685,2.0313,258.076,1.35873,14,11,15,5.099,53074.7,2.3319,0.5103,2004
NV,686,2.1512,258.615,1.46463,15,11,60,5.094,53706.3,2.1636,0.5103,2004
NV,687,2.2099,259.155,1.49385,15,10,62,4.575,54022.2,2.1607,0.5103,2004
NV,688,2.259,259.697,1.45945,21,20,32,4.545,53565.9,2.3179,0.5103,2004
NV,689,2.2454,260.239,1.48191,12,11,99,4.645,54329.7,2.3266,0.5103,2004
NV,690,2.3057,260.783,1.5378,19,11,124,5.249,54049.6,2.064,0.5103,2004
NV,691,2.2938,261.327,1.53616,16,11,29,4.432,54299.0,2.3632,0.5103,2004
NV,692,2.2678,261.873,1.556,17,17,65,3.907,55574.5,2.3469,0.5103,2004
NV,693,2.1864,262.42,1.49428,21,11,170,4.982,55557.2,2.4439,0.5103,2004
NV,694,2.0877,262.968,1.403,24,13,41,5.015,54967.5,2.4024,0.5103,2004
NV,695,2.0823,263.518,1.45414,18,7,59,4.471,54382.4,2.4867,0.5103,2004
NV,696,2.3425,264.068,1.37717,13,11,122,5.27,54361.5,2.2298,0.5103,2004
NV,697,2.3839,264.62,1.45479,18,3,99,4.976,56153.4,2.2614,0.5103,2004
NV,698,2.4055,265.172,1.39362,12,23,64,5.49,55009.0,2.2337,0.5103,2004
NV,699,2.4463,265.726,1.42039,13,8,82,5.456,55054.0,2.1317,0.5103,2004
NV,700,2.5133,266.281,1.45176,20,6,107,5.114,54119.5,2.0884,0.5103,2004
NV,701,2.5133,266.838,1.54269,14,23,161,4.678,55250.5,2.2966,0.5103,2004
NV,702,2.49,267.395,1.55494,23,17,67,4.548,54203.0,2.2774,0.5103,2004
NV,703,2.438,267.953,1.51631,13,11,56,4.606,54643.3,2.1935,0.5103,2004
NV,704,2.4223,268.513,1.55759,28,6,173,4.312,54977.0,2.5299,0.5103,2004
NV,705,2.4171,269.074,1.48316,20,16,241,5.223,55626.5,2.5109,0.5103,2004
NV,706,2.3755,269.636,1.41584,12,12,65,4.53,55479.3,2.5032,0.5103,2004
NV,707,2.2966,270.199,1.31454,10,21,26,4.944,54657.8,2.3667,0.5103,2004
NV,708,2.1891,270.764,1.40287,14,15,33,4.782,56430.6,2.1754,0.5103,2004
NV,709,2.1913,271.329,1.38137,25,12,7,5.108,56090.1,2.22,0.5103,2004
NV,710,2.215,271.896,1.45932,16,10,43,5.006,56623.2,2.0745,0.5103,2004
NV,711,2.2534,272.464,1.53636,11,5,66,4.852,55772.5,2.1359,0.5103,2004
NV,712,2.3513,273.033,1.52848,19,6,48,4.558,56148.8,2.2441,0.5103,2004
NV,713,2.4624,273.603,1.58789,11,24,32,5.069,55234.0,2.0556,0.5103,2004
NV,714,2.471,274.175,1.67099,21,8,58,4.154,56915.8,2.2554,0.5103,2004
NV,715,2.463,274.747,1.62828,18,5,95,4.313,56797.4,2.353,0.5103,2004
NV,716,2.3932,275.321,1.58154,18,18,58,4.823,55226.9,2.505,0.5103,2004
NV,717,2.2999,275.896,1.50781,19,15,42,5.386,56737.3,2.4276,0.5103,2004
NV,718,2.2874,276.473,1.45455,24,10,17,5.092,56833.0,2.341,0.5103,2004
NV,719,2.2975,277.05,1.43337,18,25,178,4.825,56536.0,2.4154,0.5103,2004
NV,720,1.8321,277.629,1.37883,32,16,39,9.234,57611.7,2.374,0.5103,2004
NV,721,1.8485,278.209,1.44341,23,14,120,9.263,57858.4,2.3357,0.5103,2004
NV,722,1.8545,278.79,1.22505,21,9,31,9.306,57490.0,2.1032,0.5103,2004
NV,723,1.5852,279.372,0.99464,21,3,19,9.622,57990.1,2.1347,0.5103,2004
NV,724,1.6454,279.956,1.17651,16,10,63,10.56,56624.9,2.0645,0.5103,2004
NV,725,2.017,280.54,1.39689,25,6,195,9.473,57358.6,2.1692,0.5103,2004
NV,726,2.031,281.126,1.51382,21,3,49,9.662,56808.7,2.2805,0.5103,2004
NV,727,2.0502,281.714,1.66891,26,16,125,8.496,56868.1,2.2279,0.5103,2004
NV,728,1.9914,282.302,1.63751,22,14,148,9.103,57715.3,2.2774,0.5103,2004
NV,729,1.9868,282.892,1.56764,22,3,219,8.272,56551.2,2.4838,0.5103,2004
NV,730,1.8953,283.483,1.44441,26,3,44,8.854,55706.4,2.4005,0.5103,2004
NV,731,1.856,284.075,1.42546,24,9,196,9.555,56814.7,2.2814,0.5103,2004
NV,732,2.5683,284.668,1.50867,20,20,144,5.251,58626.9,2.1775,0.5103,2004
NV,733,2.6452,285.263,1.46758,19,5,76,5.097,58383.9,2.1577,0.5103,2004
NV,734,2.7105,285.859,1.50361,16,31,81,5.611,58022.1,2.328,0.5103,2004
NV,735,2.7295,286.456,1.53015,25,14,76,5.674,57676.2,2.0679,0.5103,2004
NV,736,2.7477,287.054,1.55829,8,13,26,6.009,57737.1,2.2927,0.5103,2004
NV,737,2.766,287.654,1.57859,21,15,21,5.133,58165.4,2.2787,0.5103,2004
NV,738,2.737,288.254,1.57041,19,14,160,5.021,58297.5,2.3294,0.5103,2004
NV,739,2.6993,288.856,1.58838,22,14,289,5.034,58849.7,2.179,0.5103,2004
NV,740,2.7021,289.46,1.57926,17,8,112,4.248,56783.7,2.4976,0.5103,2004
NV,741,2.7145,290.064,1.48776,18,2,51,4.386,58318.4,2.3269,0.5103,2004
NV,742,2.6945,290.67,1.46204,25,6,92,4.759,60031.8,2.4975,0.5103,2004
NV,743,2.6268,291.277,1.46174,14,18,49,5.186,58330.0,2.3712,0.5103,2004
NV,744,3.405,291.886,1.4335,18,22,61,5.531,59335.7,2.39,0.5103,2004
NV,745,3.4926,292.496,1.36629,17,35,67,5.671,58473.4,2.299,0.5103,2004
NV,746,3.5193,293.106,1.44847,13,8,31,5.21,59616.8,2.3056,0.5103,2004
NV,747,3.4572,293.719,1.43569,12,15,131,4.736,58761.5,2.3228,0.5103,2004
NV,748,3.9764,294.332,1.45497,16,14,286,5.091,59713.4,2.2914,0.5103,2004
NV,749,4.3162,294.947,1.52807,13,9,71,5.028,59745.3,2.2685,0.5103,2004
NV,750,3.558,295.563,1.51009,20,10,81,4.458,59261.3,2.2961,0.5103,2004
NV,751,3.5702,296.18,1.57273,17,8,103,3.934,58968.9,2.2534,0.5103,2004
NV,752,3.5609,296.799,1.51026,13,9,145,5.853,60510.4,2.4711,0.5103,2004
NV,753,3.4944,297.419,1.45685,21,15,186,4.618,60201.1,2.426,0.5103,2004
NV,754,3.4997,298.04,1.39413,16,11,224,4.962,59970.4,2.4762,0.5103,2004
NV,755,3.3883,298.663,1.44002,16,11,65,5.525,59702.5,2.4563,0.5103,2004
NV,756,2.9642,299.287,1.38,21,14,30,5.213,61304.5,2.4037,0.5103,2004
NV,757,3.0209,299.912,1.42298,16,7,53,5.992,61598.9,2.1386,0.5103,2004
NV,758,3.0718,300.538,1.48639,25,6,26,4.911,61205.5,2.2411,0.5103,2004
NV,759,3.0827,301.166,1.5076,19,12,41,4.688,59471.1,2.1843,0.5103,2004
NV,760,3.1719,301.795,1.61272,19,13,62,4.961,61238.6,2.1385,0.5103,2004
NV,761,3.2188,302.425,1.63882,19,5,146,5.44,60332.6,2.2038,0.5103,2004
NV,762,3.2733,303.057,1.63671,21,8,162,4.976,60224.8,2.3979,0.5103,2004
NV,763,3.2688,303.69,1.56435,14,4,51,4.921,60921.3,2.352,0.5103,2004
NV,764,3.2276,304.324,1.55227,26,39,190,4.688,61611.3,2.4246,0.5103,2004
NV,765,3.0476,304.96,1.55361,22,13,157,3.982,60875.1,2.4472,0.5103,2004
NV,766,3.0534,305.597,1.50691,18,17,356,4.872,60500.6,2.4909,0.5103,2004
NV,767,3.0726,306.235,1.39707,20,20,89,5.596,61915.7,2.359,0.5103,2004
NV,768,2.7728,306.875,1.44223,21,9,105,4.355,59699.8,2.3161,0.5103,2004
NV,769,2.8214,307.516,1.46491,12,9,60,5.332,61773.5,2.0303,0.5103,2004
NV,770,2.8308,308.158,1.49031,14,13,83,5.434,62184.2,2.2284,0.5103,2004
NV,771,2.8672,308.802,1.5569,22,10,31,5.302,60324.2,2.2039,0.5103,2004
NV,772,3.0114,309.447,1.59546,15,11,26,5.475,62134.0,2.213,0.5103,2004
NV,773,3.1027,310.093,1.61412,20,4,90,5.207,61609.7,2.1409,0.5103,2004
NV,774,3.177,310.741,1.653,20,31,54,5.221,62211.9,2.3224,0.5103,2004
NV,775,3.0514,311.39,1.67641,10,31,27,4.611,61554.2,2.2756,0.5103,2004
NV,776,3.0247,312.041,1.61924,15,17,112,4.481,62090.7,2.3171,0.5103,2004
NV,777,2.8714,312.692,1.59919,25,19,208,4.633,62281.9,2.4719,0.5103,2004
NV,778,2.8091,313.345,1.6119,21,11,117,3.654,62021.7,2.4105,0.5103,2004
NV,779,2.8206,314.0,1.52425,11,9,59,4.428,63706.6,2.3482,0.5103,2004
NH,540,2.1752,190.7,2.61269,46,60,84,4.521,41736.8,2.2622,0.5366,2008
NH,541,2.1595,191.098,2.63834,38,11,89,5.379,42192.5,2.1398,0.5366,2008
NH,542,2.1415,191.497,2.81791,44,15,55,4.725,42342.0,2.2064,0.5366,2008
NH,543,2.2705,191.897,2.89532,41,14,168,5.536,42863.6,2.155,0.5366,2008
NH,544,2.3662,192.298,2.91652,30,23,376,5.568,42140.5,2.1353,0.5366,2008
NH,545,2.5077,192.7,2.94323,46,24,306,5.232,41784.7,2.2157,0.5366,2008
NH,546,2.4421,193.102,3.07101,43,40,211,4.91,42681.7,2.334,0.5366,2008
NH,547,2.414,193.506,2.94453,40,60,92,4.454,41530.8,2.3829,0.5366,2008
NH,548,2.3787,193.91,2.87712,40,16,152,5.205,42379.6,2.4055,0.5366,2008
NH,549,2.298,194.315,2.97564,53,24,173,4.86,43493.7,2.4776,0.5366,2008
NH,550,2.2301,194.721,2.72992,59,36,151,4.195,43078.6,2.4067,0.5366,2008
NH,551,2.1752,195.128,2.64684,35,2,164,5.014,43181.6,2.1638,0.5366,2008
NH,552,2.444,195.535,2.75006,43,28,121,5.391,42914.2,2.2543,0.5366,2008
NH,553,2.4084,195.944,2.80251,48,13,101,4.921,42602.8,2.2225,0.5366,2008
NH,554,2.4526,196.353,2.79945,39,21,123,5.55,43545.3,2.1922,0.5366,2008
NH,555,2.4968,196.763,2.77344,43,9,81,5.052,43319.2,2.1685,0.5366,2008
NH,556,2.5786,197.174,2.99698,41,20,148,5.311,42112.1,1.9855,0.5366,2008
NH,557,2.6856,197.586,3.07535,32,19,225,5.337,44209.7,2.2701,0.5366,2008
NH,558,2.6812,197.999,2.98671,40,14,79,4.57,43077.2,2.2973,0.5366,2008
NH,559,2.6653,198.412,3.05985,48,27,192,5.817,43547.1,2.3998,0.5366,2008
NH,560,2.6915,198.827,2.97867,31,35,99,4.673,43828.4,2.4449,0.5366,2008
NH,561,2.6123,199.242,2.70318,45,8,576,5.603,43673.1,2.3984,0.5366,2008
NH,562,2.5316,199.658,2.78249,46,33,378,5.109,43510.5,2.3955,0.5366,2008
NH,563,2.4516,200.075,2.72057,46,8,88,4.898,43838.1,2.3711,0.5366,2008
NH,564,2.6115,200.493,2.65375,38,32,174,5.245,42894.3,2.3211,0.5366,2008
NH,565,2.6473,200.912,2.75436,37,6,70,5.595,43855.0,2.1801,0.5366,2008
NH,566,2.7341,201.331,2.74383,39,15,93,5.447,44105.0,2.0728,0.5366,2008
NH,567,2.7561,201.752,2.78109,34,11,77,5.705,44341.7,2.1331,0.5366,2008
NH,568,2.7689,202.173,2.90822,36,28,291,5.468,43539.6,2.2564,0.5366,2008
NH,569,2.8659,202.596,3.00049,34,40,66,5.225,44102.8,2.2175,0.5366,2008
NH,570,2.9464,203.019,3.22008,44,23,141,4.787,44536.3,2.2742,0.5366,2008
NH,571,2.9417,203.443,2.96768,48,12,76,4.447,44283.7,2.2979,0.5366,2008
NH,572,2.8813,203.868,3.00221,44,27,283,4.348,44230.2,2.3316,0.5366,2008
NH,573,2.7722,204.294,2.81237,44,23,188,4.781,44119.0,2.353,0.5366,2008
NH,574,2.6812,204.72,2.74998,38,20,194,4.925,44219.5,2.4523,0.5366,2008
NH,575,2.6162,205.148,2.66847,44,36,528,4.581,44274.5,2.5075,0.5366,2008
NH,576,3.1472,205.576,2.62791,60,28,176,7.924,43460.3,2.47,0.5366,2008
NH,577,3.2116,206.006,2.64352,49,23,13,7.423,43746.5,2.3609,0.5366,2008
NH,578,3.2237,206.436,2.63171,43,17,204,8.154,43624.9,2.3535,0.5366,2008
NH,579,3.3518,206.867,2.65349,38,21,46,8.625,42940.4,2.3425,0.5366,2008
NH,580,3.4289,207.299,2.81168,32,13,97,7.805,43719.7,2.3953,0.5366,2008
NH,581,4.1197,207.732,2.86523,35,54,336,7.733,42894.5,2.3377,0.5366,2008
NH,582,4.1213,208.166,2.89422,43,31,218,7.268,43655.2,2.3843,0.5366,2008
NH,583,3.4717,208.601,2.77349,37,27,132,8.325,44228.5,2.3947,0.5366,2008
NH,584,3.3683,209.037,2.99943,55,44,276,7.043,43226.4,2.5493,0.5366,2008
NH,585,3.3486,209.474,2.68778,46,20,299,7.446,43688.8,2.6682,0.5366,2008
NH,586,2.152,209.911,2.66425,45,17,505,7.667,44622.8,2.6306,0.5366,2008
NH,587,1.7191,210.35,2.53882,32,29,135,7.711,43315.6,2.4935,0.5366,2008
NH,588,2.203,210.789,2.79222,37,11,180,8.017,44009.8,2.5298,0.5366,2008
NH,589,2.2597,211.229,2.77897,45,2,218,8.453,45656.4,2.3108,0.5366,2008
NH,590,2.2424,211.67,2.87603,29,8,21,7.98,44755.6,2.4823,0.5366,2008
NH,591,2.3688,212.113,2.89935,41,15,124,8.024,44033.5,2.3218,0.5366,2008
NH,592,2.4131,212.556,3.0246,38,15,102,7.806,44945.5,2.4173,0.5366,2008
NH,593,2.447,213.0,3.12658,39,18,311,8.394,44533.8,2.3816,0.5366,2008
NH,594,2.5325,213.444,3.29173,38,26,492,7.128,44436.2,2.5775,0.5366,2008
NH,595,2.4704,213.89,3.12979,45,20,247,7.63,43633.8,2.4553,0.5366,2008
NH,596,2.436,214.337,3.04932,42,14,142,7.095,44787.4,2.5854,0.5366,2008
NH,597,2.3557,214.785,3.01448,51,45,228,7.252,44818.9,2.6864,0.5366,2008
NH,598,2.2766,215.233,2.90947,67,9,202,7.073,44372.8,2.5948,0.5366,2008
NH,599,2.2554,215.683,2.71629,48,46,245,8.213,44175.1,2.5603,0.5366,2008
NH,600,2.6888,216.133,2.78722,55,71,46,8.177,45657.0,2.5967,0.5366,2008
NH,601,2.7075,216.585,2.68877,37,12,187,8.044,44419.8,2.3559,0.5366,2008
NH,602,2.7327,217.037,2.78564,45,29,96,8.24,45963.6,2.5375,0.5366,2008
NH,603,2.8016,217.491,2.94339,43,19,118,8.032,44800.8,2.395,0.5366,2008
NH,604,2.8622,217.945,2.95563,32,17,122,8.64,45387.2,2.4103,0.5366,2008
NH,605,2.9693,218.4,3.06647,50,26,131,8.182,45402.8,2.5645,0.5366,2008
NH,606,3.0017,218.856,3.04901,50,18,38,7.402,45385.1,2.4955,0.5366,2008
NH,607,2.9369,219.313,3.06157,44,18,63,7.872,45137.4,2.6111,0.5366,2008
NH,608,2.862,219.772,2.89176,57,49,130,7.621,44874.1,2.5947,0.5366,2008
NH,609,2.7348,220.231,2.85224,50,36,127,7.011,45562.1,2.6931,0.5366,2008
NH,610,2.7057,220.691,2.77694,43,22,134,7.211,45336.0,2.7161,0.5366,2008
NH,611,2.6864,221.152,2.75896,45,15,411,6.872,47607.5,2.6713,0.5366,2008
NH,612,3.4457,221.614,2.77078,28,38,305,5.042,47132.1,2.3762,0.5366,2008
NH,613,3.4836,222.076,2.71979,39,7,99,4.637,46514.6,2.068,0.5366,2008
NH,614,3.5057,222.54,2.88782,32,24,93,5.746,47331.9,2.1831,0.5366,2008
NH,615,3.4659,223.005,2.97468,48,30,140,5.943,47191.6,2.1026,0.5366,2008
NH,616,3.5636,223.471,3.14604,30,30,105,5.11,47668.6,2.1914,0.5366,2008
NH,617,3.6121,223.938,3.16506,29,54,97,5.301,47031.5,2.2549,0.5366,2008
NH,618,3.5884,224.405,3.14024,37,24,207,4.927,47552.7,2.2183,0.5366,2008
NH,619,3.5392,224.874,3.24855,40,25,284,4.902,48870.2,2.4224,0.5366,2008
NH,620,3.6171,225.344,3.11087,52,36,320,5.057,47797.5,2.5036,0.5366,2008
NH,621,3.4479,225.815,2.96173,37,53,92,5.245,47606.5,2.3662,0.5366,2008
NH,622,3.4535,226.286,2.82079,42,32,111,5.693,48035.0,2.5251,0.5366,2008
NH,623,3.5062,226.759,2.79426,48,31,139,4.996,48291.3,2.2566,0.5366,2008
NH,624,3.5792,227.233,2.72273,42,16,147,5.141,47931.0,2.0949,0.5366,2008
NH,625,3.5149,227.707,2.76167,49,18,130,5.619,48292.0,2.2399,0.5366,2008
NH,626,3.5622,228.183,2.86037,41,35,152,5.716,48822.6,2.1578,0.5366,2008
NH,627,3.6447,228.659,3.02309,34,26,173,4.688,48499.7,2.1746,0.5366,2008
NH,628,3.5867,229.137,3.08896,34,17,42,5.891,47749.3,2.1205,0.5366,2008
NH,629,3.655,229.616,3.16589,33,21,189,5.019,48162.4,2.3632,0.5366,2008
NH,630,3.6337,230.095,3.2726,49,48,666,4.858,48585.3,2.1915,0.5366,2008
NH,631,3.6956,230.576,3.1486,58,25,73,5.303,48345.9,2.3218,0.5366,2008
NH,632,3.6132,231.057,3.04467,56,16,96,5.401,48607.1,2.6073,0.5366,2008
NH,633,3.611,231.54,3.09274,50,13,401,4.512,50998.3,2.5703,0.5366,2008
NH,634,3.5494,232.024,2.96615,38,25,130,5.268,49015.5,2.5404,0.5366,2008
NH,635,3.5235,232.508,2.94148,54,10,246,5.208,50771.3,2.3427,0.5366,2008
NH,636,3.3839,232.994,2.79678,40,25,51,4.976,49855.0,2.3402,0.5366,2008
NH,637,3.4415,233.481,2.88114,41,30,52,4.911,50413.5,2.1824,0.5366,2008
NH,638,3.4743,233.968,3.06216,38,14,105,5.599,50071.4,2.1432,0.5366,2008
NH,639,3.5781,234.457,3.01546,38,10,57,4.892,49502.4,2.162,0.5366,2008
NH,640,3.5798,234.947,3.13661,28,30,52,5.576,49735.1,2.299,0.5366,2008
NH,641,3.6148,235.438,3.21615,50,6,171,4.595,48846.0,2.244,0.5366,2008
NH,642,3.5614,235.929,3.23443,50,28,130,5.294,49293.7,2.3946,0.5366,2008
NH,643,3.5337,236.422,3.34,42,28,377,5.107,50192.6,2.4187,0.5366,2008
NH,644,3.574,236.916,3.21847,38,8,110,5.222,49877.4,2.4736,0.5366,2008
NH,645,3.5399,237.411,3.12971,55,10,374,4.694,49859.8,2.4444,0.5366,2008
NH,646,3.4684,237.907,2.93637,53,12,214,4.471,50271.7,2.5226,0.5366,2008
NH,647,3.3947,238.404,2.86158,52,28,70,4.709,49814.9,2.394,0.5366,2008
NH,648,3.2982,238.902,2.9975,42,39,231,4.492,50931.6,2.2642,0.5366,2008
NH,649,3.3237,239.401,2.85208,45,37,109,4.147,50863.8,2.3161,0.5366,2008
NH,650,3.2886,239.901,3.00314,45,27,132,4.887,50247.1,2.2302,0.5366,2008
NH,651,3.3853,240.402,3.21268,37,21,123,5.886,50303.9,2.1346,0.5366,2008
NH,652,3.3036,240.904,3.19562,42,10,25,5.121,50524.6,2.2688,0.5366,2008
NH,653,3.6903,241.407,3.38455,39,15,264,6.066,51007.9,2.3005,0.5366,2008
NH,654,3.5627,241.911,3.37739,48,22,192,4.063,50842.1,2.2951,0.5366,2008
NH,655,3.4435,242.417,3.33849,40,6,377,4.463,50813.2,2.5046,0.5366,2008
NH,656,3.3927,242.923,3.27146,41,14,575,4.194,50457.3,2.3594,0.5366,2008
NH,657,3.3672,243.43,3.18847,50,40,320,4.537,51091.8,2.5189,0.5366,2008
NH,658,3.2799,243.939,3.09799,35,9,333,5.051,50581.1,2.4201,0.5366,2008
NH,659,3.3333,244.448,3.03459,35,41,131,4.542,52158.2,2.3707,0.5366,2008
NH,660,2.1827,244.959,2.99906,48,10,191,5.495,51557.2,2.1648,0.5366,2008
NH,661,2.4114,245.471,3.11604,50,23,42,4.982,50999.7,2.246,0.5366,2008
NH,662,2.4934,245.983,3.11492,42,9,240,5.813,50671.0,2.1457,0.5366,2008
NH,663,2.4691,246.497,3.35949,42,19,273,5.659,51757.2,2.2659,0.5366,2008
NH,664,2.5377,247.012,3.33489,45,24,129,4.878,51371.5,2.2345,0.5366,2008
NH,665,2.6165,247.528,3.68663,45,32,160,4.884,51444.1,2.1411,0.5366,2008
NH,666,2.4945,248.045,3.76495,46,43,256,5.57,52622.4,2.3138,0.5366,2008
NH,667,2.4387,248.563,3.54585,51,29,258,5.084,52309.4,2.3786,0.5366,2008
NH,668,2.4466,249.082,3.55496,55,26,304,4.615,51590.0,2.3075,0.5366,2008
NH,669,2.4328,249.603,3.51013,41,29,637,4.538,53175.8,2.4853,0.5366,2008
NH,670,2.3867,250.124,3.29805,47,44,372,4.786,51540.7,2.4303,0.5366,2008
NH,671,2.3567,250.646,3.25674,43,20,194,4.613,52748.9,2.3429,0.5366,2008
NH,672,2.0053,251.17,3.11592,47,30,168,4.884,51308.9,2.2456,0.5366,2008
NH,673,2.0192,251.694,3.37184,43,28,49,4.786,53144.2,2.1186,0.5366,2008
NH,674,2.0854,252.22,3.51364,34,25,310,4.885,54335.3,2.0515,0.5366,2008
NH,675,2.1394,252.747,3.60421,43,9,102,5.665,51590.4,2.1975,0.5366,2008
NH,676,2.1995,253.275,3.70292,42,12,222,5.779,52395.8,2.1689,0.5366,2008
NH,677,2.193,253.804,3.83671,55,10,176,4.825,53573.5,2.1613,0.5366,2008
NH,678,2.247,254.334,3.82794,43,13,344,4.691,53083.5,2.3342,0.5366,2008
NH,679,2.1629,254.865,3.77069,51,25,116,5.04,53347.2,2.3229,0.5366,2008
NH,680,2.0973,255.398,3.81253,40,65,359,5.354,52705.4,2.393,0.5366,2008
NH,681,2.0882,255.931,3.51098,51,18,256,5.269,53166.6,2.5318,0.5366,2008
NH,682,2.0152,256.466,3.62098,56,17,27,4.742,53636.9,2.3442,0.5366,2008
NH,683,1.9311,257.001,3.36754,52,47,127,4.731,52170.6,2.3304,0.5366,2008
NH,684,2.2968,257.538,3.51299,52,36,135,4.776,54474.1,2.3201,0.5366,2008
NH,685,2.3109,258.076,3.29122,48,25,180,4.815,52407.2,2.1906,0.5366,2008
NH,686,2.419,258.615,3.51166,52,23,62,5.403,53113.4,2.1558,0.5366,2008
NH,687,2.434,259.155,3.6988,42,14,227,4.803,53770.4,2.1567,0.5366,2008
NH,688,2.4684,259.697,3.80025,40,20,346,5.455,53942.5,2.2662,0.5366,2008
NH,689,2.5016,260.239,3.86163,35,18,113,5.025,53806.5,2.242,0.5366,2008
NH,690,2.4958,260.783,3.83228,69,12,323,4.824,53328.3,2.2606,0.5366,2008
NH,691,2.4109,261.327,3.72653,42,24,133,4.84,53723.8,2.4017,0.5366,2008
NH,692,2.4295,261.873,3.7318,52,22,103,5.156,54452.2,2.3306,0.5366,2008
NH,693,2.3145,262.42,3.65426,43,32,133,4.601,53918.0,2.4675,0.5366,2008
NH,694,2.2904,262.968,3.52264,37,44,223,4.604,53526.6,2.3471,0.5366,2008
NH,695,2.2503,263.518,3.36641,54,23,16,5.101,54719.4,2.4343,0.5366,2008
NH,696,2.5515,264.068,3.29227,43,26,157,5.105,55074.9,2.3374,0.5366,2008
NH,697,2.587,264.62,3.3588,42,60,98,5.865,54586.2,2.0439,0.5366,2008
NH,698,2.7714,265.172,3.39516,30,40,25,4.808,54947.2,2.2298,0.5366,2008
NH,699,2.7284,265.726,3.56992,40,23,186,5.307,55258.6,2.1607,0.5366,2008
NH,700,2.7243,266.281,3.5584,41,13,96,5.26,54194.7,2.135,0.5366,2008
NH,701,2.7545,266.838,3.81919,44,9,31,4.552,55163.0,2.0898,0.5366,2008
NH,702,2.8613,267.395,3.71045,33,25,258,5.352,55049.2,2.3087,0.5366,2008
NH,703,2.8012,267.953,3.7791,52,21,199,5.391,55035.5,2.3569,0.5366,2008
NH,704,2.7394,268.513,3.55094,51,52,467,5.142,55795.5,2.4824,0.5366,2008
NH,705,2.7394,269.074,3.55055,54,46,418,4.648,55410.5,2.4654,0.5366,2008
NH,706,2.6133,269.636,3.38901,44,17,19,4.86,55234.2,2.3735,0.5366,2008
NH,707,2.5813,270.199,3.38573,35,54,361,3.969,55630.7,2.4511,0.5366,2008
NH,708,2.4557,270.764,3.3912,46,41,139,5.187,56499.0,2.3471,0.5366,2008
NH,709,2.4566,271.329,3.41007,50,27,136,5.458,56137.7,2.2667,0.5366,2008
NH,710,2.5433,271.896,3.48028,28,20,184,5.301,56028.4,2.3446,0.5366,2008
NH,711,2.5792,272.464,3.63983,37,46,70,5.04,55532.1,2.1446,0.5366,2008
NH,712,2.6236,273.033,3.70485,37,30,231,5.332,56688.9,2.0456,0.5366,2008
NH,713,2.7449,273.603,3.82752,37,11,623,5.338,56852.8,2.2599,0.5366,2008
NH,714,2.6939,274.175,3.97292,49,43,411,5.029,56811.7,2.3203,0.5366,2008
NH,715,2.6317,274.747,3.80767,55,18,571,4.809,57029.1,2.4174,0.5366,2008
NH,716,2.5929,275.321,3.8075,37,50,164,4.94,56786.6,2.4088,0.5366,2008
NH,717,2.5879,275.896,3.58091,52,31,139,4.137,55367.5,2.6492,0.5366,2008
NH,718,2.5564,276.473,3.54651,58,35,61,4.877,56976.2,2.4509,0.5366,2008
NH,719,2.4315,277.05,3.30421,34,12,403,5.355,57352.3,2.2432,0.5366,2008
NH,720,2.0603,277.629,3.4016,56,44,195,8.758,57315.7,2.2738,0.5366,2008
NH,721,2.0276,278.209,3.33895,41,54,329,9.204,56429.3,2.2996,0.5366,2008
NH,722,2.1142,278.79,2.84797,43,32,337,9.994,56636.7,2.3093,0.5366,2008
NH,723,1.8269,279.372,2.49618,46,15,147,9.272,58030.3,2.2055,0.5366,2008
NH,724,1.8713,279.956,2.92753,48,27,336,9.784,56346.1,2.1674,0.5366,2008
NH,725,2.2689,280.54,3.44468,44,19,135,9.793,57450.8,2.1431,0.5366,2008
NH,726,2.3437,281.126,3.50125,38,35,188,9.908,57575.0,2.2726,0.5366,2008
NH,727,2.2934,281.714,3.99078,38,60,241,9.042,56828.6,2.4171,0.5366,2008
NH,728,2.205,282.302,3.85356,42,14,336,9.395,57974.6,2.4066,0.5366,2008
NH,729,2.1063,282.892,3.6207,57,53,380,9.528,56533.8,2.5308,0.5366,2008
NH,730,2.0323,283.483,3.6112,59,24,155,9.201,57121.0,2.4489,0.5366,2008
NH,731,2.0729,284.075,3.40814,46,33,162,8.991,57954.9,2.3625,0.5366,2008
NH,732,2.9506,284.668,3.66978,49,29,311,4.525,56616.3,2.3652,0.5366,2008
NH,733,2.8487,285.263,3.628,40,31,180,5.02,58293.1,2.2795,0.5366,2008
NH,734,2.8396,285.859,3.55434,31,21,94,5.275,59176.7,2.3403,0.5366,2008
NH,735,3.0296,286.456,3.5683,34,13,293,5.501,57452.1,2.1293,0.5366,2008
NH,736,3.0811,287.054,3.69274,39,21,87,5.705,58628.8,2.2943,0.5366,2008
NH,737,3.1627,287.654,3.91877,42,25,95,4.62,57684.4,2.2863,0.5366,2008
NH,738,3.1697,288.254,3.8249,47,26,116,5.182,59122.7,2.2326,0.5366,2008
NH,739,3.1354,288.856,3.84624,47,58,215,4.0,58687.9,2.3714,0.5366,2008
NH,740,3.0838,289.46,3.88468,45,32,173,4.833,58510.3,2.3288,0.5366,2008
NH,741,3.0736,290.064,3.78879,61,30,263,4.799,58984.4,2.4646,0.5366,2008
NH,742,2.9284,290.67,3.61102,42,19,117,4.203,59093.6,2.417,0.5366,2008
NH,743,2.8803,291.277,3.54089,40,23,76,4.196,59777.0,2.4946,0.5366,2008
NH,744,3.839,291.886,3.57344,34,66,138,4.792,59684.0,2.2929,0.5366,2008
NH,745,3.8358,292.496,3.41356,42,34,204,5.078,59656.6,2.2442,0.5366,2008
NH,746,3.8134,293.106,3.37756,26,4,46,5.302,60184.3,2.0839,0.5366,2008
NH,747,3.9125,293.719,3.71734,37,40,108,5.081,59733.0,2.2415,0.5366,2008
NH,748,4.532,294.332,3.64435,25,42,116,5.293,59143.2,2.1376,0.5366,2008
NH,749,4.9893,294.947,3.76617,42,25,68,4.831,59777.6,2.1824,0.5366,2008
NH,750,4.02,295.563,3.76521,38,16,167,4.891,59806.3,2.2469,0.5366,2008
NH,751,4.0103,296.18,3.73023,46,26,459,4.793,58974.3,2.2085,0.5366,2008
NH,752,4.0437,296.799,3.60457,31,52,251,4.546,57861.9,2.3628,0.5366,2008
NH,753,3.9622,297.419,3.53887,66,48,473,4.327,59828.5,2.3491,0.5366,2008
NH,754,3.9571,298.04,3.50278,33,41,227,4.637,58743.1,2.4017,0.5366,2008
NH,755,3.9941,298.663,3.25263,39,11,107,5.719,60037.1,2.4186,0.5366,2008
NH,756,3.4531,299.287,3.32528,42,15,384,5.117,58463.9,2.3622,0.5366,2008
NH,757,3.4507,299.912,3.57703,43,44,55,5.11,60775.2,2.2842,0.5366,2008
NH,758,3.5127,300.538,3.42742,43,29,43,5.114,59535.2,2.0247,0.5366,2008
NH,759,3.5205,301.166,3.69475,44,25,348,5.515,60087.7,2.1972,0.5366,2008
NH,760,3.549,301.795,3.67697,32,46,69,5.49,60526.6,2.2173,0.5366,2008
NH,761,3.6262,302.425,3.92735,54,52,311,4.892,60413.4,2.323,0.5366,2008
NH,762,3.5602,303.057,3.89259,44,75,607,4.866,60991.1,2.2851,0.5366,2008
NH,763,3.5751,303.69,3.83494,44,31,303,4.642,61482.5,2.3496,0.5366,2008
NH,764,3.5549,304.324,3.81204,40,21,205,4.578,60385.8,2.4288,0.5366,2008
NH,765,3.512,304.96,3.70162,44,36,338,4.562,61398.1,2.3831,0.5366,2008
NH,766,3.4058,305.597,3.55011,46,42,285,4.189,60944.1,2.4786,0.5366,2008
NH,767,3.3837,306.235,3.67544,55,30,111,4.377,61257.4,2.304,0.5366,2008
NH,768,3.1926,306.875,3.65164,34,39,320,4.817,61732.0,2.2886,0.5366,2008
NH,769,3.267,307.516,3.481,29,36,52,4.952,62085.9,2.2421,0.5366,2008
NH,770,3.3276,308.158,3.63425,32,14,243,5.744,61252.7,2.0606,0.5366,2008
NH,771,3.2582,308.802,3.83286,29,17,257,4.95,61924.1,2.1235,0.5366,2008
NH,772,3.2892,309.447,3.9007,39,28,132,5.683,60957.0,2.1633,0.5366,2008
NH,773,3.3766,310.093,3.9593,53,57,55,4.676,62062.2,2.3642,0.5366,2008
NH,774,3.4087,310.741,3.89697,49,45,184,5.253,63148.7,2.3678,0.5366,2008
NH,775,3.3622,311.39,4.04871,43,43,310,5.079,62949.1,2.3816,0.5366,2008
NH,776,3.2226,312.041,3.96797,50,78,267,4.932,62322.6,2.4141,0.5366,2008
NH,777,3.1936,312.692,3.66742,45,59,381,4.498,62518.4,2.3793,0.5366,2008
NH,778,3.1312,313.345,3.5758,47,39,196,4.861,61975.2,2.4436,0.5366,2008
NH,779,3.1897,314.0,3.60883,45,42,283,4.464,61889.9,2.4158,0.5366,2008
NJ,540,2.1957,190.7,16.61589,261,197,334,5.497,41503.9,2.1778,0.0514,2010
NJ,541,2.2442,191.098,17.72758,256,166,1401,5.336,42851.6,2.4391,0.0514,2010
NJ,542,2.2723,191.497,17.18171,254,304,892,5.202,41798.4,2.013,0.0514,2010
NJ,543,2.3361,191.897,16.57844,235,154,1024,5.671,41711.8,2.3272,0.0514,2010
NJ,544,2.3604,192.298,18.5241,243,107,1474,5.078,42378.3,2.4263,0.0514,2010
NJ,545,2.4955,192.7,19.73842,231,108,1539,5.256,43225.3,2.3026,0.0514,2010
NJ,546,2.4463,193.102,19.33609,260,186,691,5.029,43500.6,2.3393,0.0514,2010
NJ,547,2.4123,193.506,19.34787,307,211,660,4.292,41985.5,2.3593,0.0514,2010
NJ,548,2.3377,193.91,18.87994,313,219,710,4.893,42523.5,2.3962,0.0514,2010
NJ,549,2.3504,194.315,17.82852,349,178,1219,4.372,41108.4,2.2839,0.0514,2010
NJ,550,2.3398,194.721,17.51956,305,215,398,4.666,42782.2,2.5383,0.0514,2010
NJ,551,2.284,195.128,17.3001,317,108,2720,4.802,42218.7,2.5189,0.0514,2010
NJ,552,2.5275,195.535,16.57279,282,195,784,5.182,42755.2,2.3183,0.0514,2010
NJ,553,2.5222,195.944,17.19313,278,222,1030,4.555,43752.2,2.2132,0.0514,2010
NJ,554,2.5754,196.353,17.09314,292,106,1458,4.905,43706.8,1.928,0.0514,2010
NJ,555,2.5952,196.763,18.00639,225,150,949,5.761,42825.5,2.1658,0.0514,2010
NJ,556,2.6218,197.174,18.15894,256,236,586,5.074,42567.8,2.0816,0.0514,2010
NJ,557,2.624,197.586,19.09963,233,206,175,5.232,42886.9,2.2159,0.0514,2010
NJ,558,2.6739,197.999,20.11644,252,298,893,4.971,43593.5,2.3531,0.0514,2010
NJ,559,2.6651,198.412,19.35368,275,138,842,5.069,43138.4,2.2327,0.0514,2010
NJ,560,2.5946,198.827,18.83187,309,162,748,5.014,43146.2,2.277,0.0514,2010
NJ,561,2.5132,199.242,18.28381,320,53,1231,4.397,43106.2,2.4433,0.0514,2010
NJ,562,2.5169,199.658,17.24344,302,239,3319,4.49,43322.4,2.3564,0.0514,2010
NJ,563,2.4536,200.075,17.04838,249,130,657,5.123,43583.6,2.2349,0.0514,2010
NJ,564,2.6408,200.493,17.28817,255,76,283,4.787,44603.6,2.2435,0.0514,2010
NJ,565,2.6721,200.912,17.24299,283,50,437,5.556,43970.7,2.1857,0.0514,2010
NJ,566,2.7239,201.331,17.66495,240,173,271,5.035,44311.2,2.2578,0.0514,2010
NJ,567,2.8187,201.752,17.92202,260,176,620,3.89,42871.7,2.2256,0.0514,2010
NJ,568,2.9217,202.173,19.00952,235,74,1089,5.078,44176.7,2.2209,0.0514,2010
NJ,569,2.968,202.596,18.40394,250,82,307,5.122,44196.3,2.2932,0.0514,2010
NJ,570,2.9504,203.019,19.69757,266,119,434,4.634,44586.3,2.3797,0.0514,2010
NJ,571,2.9721,203.443,19.78423,307,129,1043,4.301,44086.9,2.2857,0.0514,2010
NJ,572,2.8245,203.868,18.703,345,108,2001,4.81,44471.3,2.4127,0.0514,2010
NJ,573,2.8737,204.294,18.11954,343,77,1742,5.015,45202.0,2.5145,0.0514,2010
NJ,574,2.7851,204.72,17.49821,301,252,339,4.496,43644.4,2.3249,0.0514,2010
NJ,575,2.689,205.148,16.50082,311,112,980,4.966,44367.5,2.5897,0.0514,2010
NJ,576,3.1453,205.576,15.64079,248,318,1961,7.951,42038.5,2.6938,0.0514,2010
NJ,577,3.1381,206.006,16.39355,268,202,385,8.122,42990.7,2.3637,0.0514,2010
NJ,578,3.1106,206.436,16.54475,250,73,985,8.593,43695.3,2.2982,0.0514,2010
NJ,579,3.1513,206.867,17.64237,261,146,1442,8.523,43979.4,2.2261,0.0514,2010
NJ,580,3.3336,207.299,18.39668,285,152,1668,8.552,44564.1,2.5005,0.0514,2010
NJ,581,4.0508,207.732,18.52091,249,129,349,7.781,43765.3,2.5067,0.0514,2010
NJ,582,4.1498,208.166,18.31496,255,304,2343,7.531,43322.9,2.6105,0.0514,2010
NJ,583,3.4425,208.601,18.34803,287,117,1448,8.402,43859.6,2.697,0.0514,2010
NJ,584,3.4612,209.037,17.41918,282,304,1329,7.134,44089.4,2.6977,0.0514,2010
NJ,585,3.4012,209.474,17.16427,297,136,1197,7.392,44311.6,2.7866,0.0514,2010
NJ,586,2.2104,209.911,16.8926,311,51,824,8.02,44718.4,2.515,0.0514,2010
NJ,587,1.7778,210.35,17.24783,334,60,3076,7.787,44423.2,2.6393,0.0514,2010
NJ,588,2.2685,210.789,17.04415,299,211,961,8.173,43983.2,2.4678,0.0514,2010
NJ,589,2.2494,211.229,17.86003,280,122,1339,7.375,43942.3,2.3986,0.0514,2010
NJ,590,2.2663,211.67,18.0937,252,145,582,8.325,44687.7,2.3237,0.0514,2010
NJ,591,2.3707,212.113,18.38644,264,150,714,8.378,45042.1,2.416,0.0514,2010
NJ,592,2.3946,212.556,19.67449,266,264,826,7.641,45433.0,2.3217,0.0514,2010
NJ,593,2.4444,213.0,20.26137,238,456,1560,8.081,44761.4,2.4275,0.0514,2010
NJ,594,2.5144,213.444,19.46546,269,254,1794,7.764,44748.8,2.3775,0.0514,2010
NJ,595,2.5436,213.89,19.78974,287,278,314,8.924,44038.2,2.4741,0.0514,2010
NJ,596,2.5099,214.337,19.8382,346,132,1217,7.859,44620.2,2.5068,0.0514,2010
NJ,597,2.3628,214.785,18.68069,307,225,1094,7.691,45649.2,2.6186,0.0514,2010
NJ,598,2.3601,215.233,17.96778,299,94,1371,8.221,44719.6,2.6089,0.0514,2010
NJ,599,2.2868,215.683,17.74815,280,214,3144,7.53,44562.0,2.5234,0.0514,2010
NJ,600,2.718,216.133,17.86748,314,71,792,7.714,45722.4,2.3946,0.0514,2010
NJ,601,2.7221,216.585,17.90901,270,151,475,8.206,44797.1,2.4193,0.0514,2010
NJ,602,2.8501,217.037,17.43911,277,41,826,7.911,44609.9,2.3913,0.0514,2010
NJ,603,2.8674,217.491,18.30793,245,99,1316,7.998,45732.7,2.5039,0.0514,2010
NJ,604,2.8408,217.945,19.17834,288,180,733,7.779,45708.2,2.3153,0.0514,2010
NJ,605,2.8766,218.4,19.58453,256,114,1057,8.281,45470.4,2.3877,0.0514,2010
NJ,606,2.9671,218.856,19.89527,254,336,423,7.193,44690.1,2.4438,0.0514,2010
NJ,607,2.9098,219.313,19.01494,319,99,262,7.789,45736.2,2.7121,0.0514,2010
NJ,608,2.8823,219.772,19.15892,318,156,1652,6.686,45174.2,2.6408,0.0514,2010
NJ,609,2.776,220.231,18.82417,315,308,353,7.426,45634.3,2.7479,0.0514,2010
NJ,610,2.7601,220.691,17.76015,315,271,1676,8.049,46266.5,2.6867,0.0514,2010
NJ,611,2.6781,221.152,17.27435,293,259,1156,7.138,46155.9,2.6431,0.0514,2010
NJ,612,3.491,221.614,16.97089,252,143,775,5.145,47008.7,2.3548,0.0514,2010
NJ,613,3.5685,222.076,17.96647,237,105,1751,4.859,46903.4,2.2916,0.0514,2010
NJ,614,3.5465,222.54,18.07336,223,72,684,5.15,48473.7,2.2294,0.0514,2010
NJ,615,3.562,223.005,18.68637,238,179,697,4.925,47637.0,2.3397,0.0514,2010
NJ,616,3.5835,223.471,18.36598,281,155,1023,5.218,46682.3,2.1915,0.0514,2010
NJ,617,3.5901,223.938,20.27538,234,151,1163,4.254,48576.8,2.33,0.0514,2010
NJ,618,3.5888,224.405,20.29196,280,208,756,4.748,48555.0,2.3758,0.0514,2010
NJ,619,3.5738,224.874,19.31245,275,165,680,4.569,46826.2,2.4923,0.0514,2010
NJ,620,3.6743,225.344,19.67043,326,236,1459,4.555,48221.7,2.3616,0.0514,2010
NJ,621,3.6416,225.815,18.83181,273,115,658,4.764,47886.7,2.362,0.0514,2010
NJ,622,3.5603,226.286,18.0727,300,149,799,4.922,48455.6,2.4215,0.0514,2010
NJ,623,3.5473,226.759,17.63076,257,117,1909,5.116,48299.1,2.2264,0.0514,2010
NJ,624,3.5027,227.233,17.63121,264,322,394,4.873,48223.5,2.2969,0.0514,2010
NJ,625,3.511,227.707,16.84346,236,204,732,5.345,47786.1,2.2213,0.0514,2010
NJ,626,3.5651,228.183,17.87444,261,100,863,4.986,48517.7,2.2832,0.0514,2010
NJ,627,3.6864,228.659,18.85586,234,106,252,4.508,48488.3,2.1645,0.0514,2010
NJ,628,3.7321,229.137,18.92307,262,244,525,5.048,48751.6,2.1756,0.0514,2010
NJ,629,3.7144,229.616,20.09832,249,129,391,5.259,48842.4,2.173,0.0514,2010
NJ,630,3.708,230.095,21.04729,261,137,1534,5.132,49018.2,2.3107,0.0514,2010
NJ,631,3.6824,230.576,20.50782,257,84,1961,4.123,49142.9,2.2721,0.0514,2010
NJ,632,3.6902,231.057,19.42573,305,193,786,4.16,49510.2,2.5852,0.0514,2010
NJ,633,3.7104,231.54,19.88029,266,151,2447,4.381,49955.5,2.3945,0.0514,2010
NJ,634,3.6141,232.024,17.68634,274,47,479,4.307,49417.0,2.5929,0.0514,2010
NJ,635,3.5463,232.508,17.90971,298,105,563,4.904,49214.4,2.3975,0.0514,2010
NJ,636,3.4633,232.994,17.76184,264,102,460,5.551,49346.2,2.366,0.0514,2010
NJ,637,3.5633,233.481,17.90183,290,59,880,4.442,49185.8,2.3125,0.0514,2010
NJ,638,3.5051,233.968,18.9699,248,41,1029,5.159,50016.9,2.0804,0.0514,2010
NJ,639,3.5696,234.457,18.98075,245,21,328,5.843,48562.1,2.1257,0.0514,2010
NJ,640,3.5663,234.947,20.65496,238,94,300,5.564,49590.0,2.1493,0.0514,2010
NJ,641,3.7039,235.438,20.33023,239,337,1023,4.819,49178.6,2.2966,0.0514,2010
NJ,642,3.6056,235.929,20.11553,251,99,1009,5.362,49716.4,2.1954,0.0514,2010
NJ,643,3.6721,236.422,20.90332,316,201,1711,5.29,49977.6,2.2959,0.0514,2010
NJ,644,3.5465,236.916,19.84088,291,164,1152,4.34,49654.6,2.5774,0.0514,2010
NJ,645,3.6066,237.411,19.36997,291,222,691,4.634,49289.3,2.4082,0.0514,2010
NJ,646,3.5075,237.907,19.14099,247,201,1206,4.554,49995.9,2.4067,0.0514,2010
NJ,647,3.4607,238.404,17.91607,279,198,296,5.3,49892.1,2.3166,0.0514,2010
NJ,648,3.2544,238.902,18.25709,283,117,1857,5.549,50890.6,2.3194,0.0514,2010
NJ,649,3.2512,239.401,19.01345,236,164,541,5.181,49266.0,2.1345,0.0514,2010
NJ,650,3.3437,239.901,19.1532,293,197,1137,6.091,50316.0,2.2546,0.0514,2010
NJ,651,3.3984,240.402,19.57931,255,48,707,5.868,50406.1,2.146,0.0514,2010
NJ,652,3.5196,240.904,19.76044,228,330,668,4.932,50444.2,2.1482,0.0514,2010
NJ,653,3.7502,241.407,21.17832,296,210,229,6.064,49957.8,2.2624,0.0514,2010
NJ,654,3.6371,241.911,21.04133,283,175,1187,5.225,51556.2,2.2917,0.0514,2010
NJ,655,3.5456,242.417,20.59225,301,446,1071,5.083,50775.1,2.3027,0.0514,2010
NJ,656,3.5022,242.923,20.08516,276,124,1340,4.597,49695.0,2.4641,0.0514,2010
NJ,657,3.3525,243.43,19.66896,321,126,821,4.728,51612.7,2.5431,0.0514,2010
NJ,658,3.3772,243.939,19.75416,321,145,1196,4.008,51676.0,2.5472,0.0514,2010
NJ,659,3.2727,244.448,18.89748,282,81,1109,4.233,51303.0,2.4372,0.0514,2010
NJ,660,2.1091,244.959,19.63842,298,85,2630,4.855,51626.0,2.3349,0.0514,2010
NJ,661,2.4012,245.471,19.7167,272,131,1032,4.846,51511.8,2.2638,0.0514,2010
NJ,662,2.3991,245.983,20.29784,269,142,961,5.369,52289.0,2.027,0.0514,2010
NJ,663,2.4442,246.497,21.90423,265,192,433,5.064,51821.4,2.1078,0.0514,2010
NJ,664,2.4969,247.012,22.23315,259,40,656,4.693,51746.2,2.1983,0.0514,2010
NJ,665,2.5375,247.528,22.61226,288,344,1207,4.944,52299.1,2.0842,0.0514,2010
NJ,666,2.5072,248.045,23.1966,253,217,502,4.937,51956.5,2.25,0.0514,2010
NJ,667,2.53,248.563,23.19376,303,338,425,5.088,51964.2,2.3047,0.0514,2010
NJ,668,2.5047,249.082,22.5766,309,137,945,4.912,51762.3,2.4619,0.0514,2010
NJ,669,2.4535,249.603,21.6605,279,356,1346,3.777,50866.4,2.4373,0.0514,2010
NJ,670,2.432,250.124,20.64401,320,56,907,4.802,51902.7,2.3075,0.0514,2010
NJ,671,2.4685,250.646,20.73615,282,114,2465,4.89,52675.0,2.4681,0.0514,2010
NJ,672,2.0298,251.17,20.37381,316,148,974,5.511,51986.9,2.376,0.0514,2010
NJ,673,2.0615,251.694,20.64618,246,116,744,5.103,52513.4,2.3327,0.0514,2010
NJ,674,2.0266,252.22,21.70088,254,92,987,5.487,52987.7,2.1543,0.0514,2010
NJ,675,2.1098,252.747,22.56843,261,72,528,5.025,52629.2,2.1617,0.0514,2010
NJ,676,2.1525,253.275,23.49496,257,121,1312,5.42,52636.9,2.2178,0.0514,2010
NJ,677,2.2233,253.804,24.70437,257,177,627,5.037,52679.9,2.188,0.0514,2010
NJ,678,2.2629,254.334,25.05501,302,126,962,4.597,53454.6,2.2936,0.0514,2010
NJ,679,2.2932,254.865,23.27195,325,252,626,5.436,52865.3,2.2979,0.0514,2010
NJ,680,2.1923,255.398,23.49365,320,320,483,4.568,51543.6,2.3693,0.0514,2010
NJ,681,2.0664,255.931,22.73053,304,205,721,4.614,53441.8,2.3502,0.0514,2010
NJ,682,2.0139,256.466,22.57914,289,124,907,3.744,52329.6,2.5188,0.0514,2010
NJ,683,2.0233,257.001,21.81108,337,259,2888,4.608,53061.0,2.4089,0.0514,2010
NJ,684,2.2811,257.538,21.67217,305,97,2586,5.034,52916.8,2.3329,0.0514,2010
NJ,685,2.3453,258.076,20.84022,287,260,946,5.636,53570.6,2.315,0.0514,2010
NJ,686,2.3824,258.615,21.8102,249,170,1224,4.445,52283.3,2.157,0.0514,2010
NJ,687,2.4854,259.155,22.07961,237,32,1476,5.573,53733.1,2.0172,0.0514,2010
NJ,688,2.5288,259.697,24.3543,263,242,1969,4.784,54163.8,2.1161,0.0514,2010
NJ,689,2.636,260.239,23.95575,264,178,945,4.907,53761.6,2.2333,0.0514,2010
NJ,690,2.6048,260.783,23.55681,264,94,2335,5.085,54451.9,2.4151,0.0514,2010
NJ,691,2.556,261.327,23.35979,289,357,3273,5.004,54285.9,2.3646,0.0514,2010
NJ,692,2.516,261.873,23.35016,311,371,1534,4.701,53946.3,2.4779,0.0514,2010
NJ,693,2.4276,262.42,22.05618,326,240,1290,4.438,54457.0,2.426,0.0514,2010
NJ,694,2.3872,262.968,21.60739,311,201,776,5.281,53563.7,2.671,0.0514,2010
NJ,695,2.368,263.518,20.63965,296,338,1304,5.162,54377.7,2.2698,0.0514,2010
NJ,696,2.717,264.068,20.74568,267,110,2467,5.599,54171.5,2.4571,0.0514,2010
NJ,697,2.6833,264.62,20.70217,249,124,1728,5.307,54729.5,2.2547,0.0514,2010
NJ,698,2.6956,265.172,21.43733,251,228,1640,5.387,55322.0,2.1513,0.0514,2010
NJ,699,2.7359,265.726,21.74026,253,446,748,5.558,55703.2,2.0758,0.0514,2010
NJ,700,2.7459,266.281,23.76409,248,183,1407,4.351,54870.8,2.2751,0.0514,2010
NJ,701,2.7666,266.838,23.40777,266,649,2264,5.35,55213.1,2.2416,0.0514,2010
NJ,702,2.8164,267.395,24.15062,254,125,496,5.126,55003.0,2.2269,0.0514,2010
NJ,703,2.8538,267.953,22.91439,312,162,890,4.569,55355.9,2.3201,0.0514,2010
NJ,704,2.8836,268.513,23.03429,294,181,1217,5.344,55361.6,2.5109,0.0514,2010
NJ,705,2.7759,269.074,22.97748,301,193,3932,4.646,55580.3,2.4838,0.0514,2010
NJ,706,2.7023,269.636,21.98896,357,93,1406,4.559,55388.5,2.4566,0.0514,2010
NJ,707,2.6738,270.199,21.93758,295,54,1719,5.398,56053.2,2.309,0.0514,2010
NJ,708,2.4906,270.764,21.10131,282,215,1062,4.991,56101.7,2.2775,0.0514,2010
NJ,709,2.5,271.329,21.56467,299,57,1413,5.082,56201.9,2.1325,0.0514,2010
NJ,710,2.5557,271.896,21.64054,272,280,915,5.617,55033.4,2.1154,0.0514,2010
NJ,711,2.5903,272.464,23.974,270,201,1278,5.275,55852.6,2.0718,0.0514,2010
NJ,712,2.5988,273.033,23.71296,254,202,1665,5.512,55482.9,2.3002,0.0514,2010
NJ,713,2.6381,273.603,24.46351,307,233,1481,5.661,56182.6,2.0714,0.0514,2010
NJ,714,2.7525,274.175,25.34944,323,145,726,5.408,56882.9,2.323,0.0514,2010
NJ,715,2.6595,274.747,24.85148,278,374,3023,4.617,56860.7,2.1577,0.0514,2010
NJ,716,2.6898,275.321,24.46646,293,237,4450,4.624,56765.9,2.4497,0.0514,2010
NJ,717,2.6437,275.896,23.83947,306,178,1968,4.661,56816.4,2.4416,0.0514,2010
NJ,718,2.5534,276.473,22.28137,302,87,1894,4.647,56988.5,2.4284,0.0514,2010
NJ,719,2.6084,277.05,22.81256,305,173,3559,4.707,55892.2,2.4179,0.0514,2010
NJ,720,2.1586,277.629,21.25316,312,230,706,10.19,56244.6,2.3167,0.0514,2010
NJ,721,2.1964,278.209,21.45795,302,138,1061,9.707,56883.2,2.2491,0.0514,2010
NJ,722,2.1372,278.79,18.95593,283,211,538,9.519,57343.4,2.2563,0.0514,2010
NJ,723,1.8148,279.372,15.47823,321,74,1304,9.388,56902.7,2.1401,0.0514,2010
NJ,724,1.8115,279.956,18.49616,275,174,1423,10.193,56910.0,2.2973,0.0514,2010
NJ,725,2.2149,280.54,21.01256,254,84,1546,9.791,56136.7,2.1264,0.0514,2010
NJ,726,2.2223,281.126,22.64985,302,517,1259,8.717,58211.5,2.2307,0.0514,2010
NJ,727,2.261,281.714,24.97456,318,213,2433,9.548,57793.2,2.5126,0.0514,2010
NJ,728,2.248,282.302,24.06579,322,228,2026,9.15,57794.9,2.5961,0.0514,2010
NJ,729,2.2135,282.892,23.37731,327,142,2683,9.811,57815.2,2.4493,0.0514,2010
NJ,730,2.1405,283.483,21.24011,307,154,3218,9.141,56945.2,2.5185,0.0514,2010
NJ,731,2.0758,284.075,21.62023,362,202,1045,9.974,58185.9,2.2953,0.0514,2010
NJ,732,2.9328,284.668,23.09908,300,196,247,4.689,57813.6,2.351,0.0514,2010
NJ,733,2.9112,285.263,22.2814,276,181,449,4.758,57388.4,2.2959,0.0514,2010
NJ,734,2.9748,285.859,23.36454,215,169,467,5.011,58123.0,2.0408,0.0514,2010
NJ,735,3.0036,286.456,22.78556,258,232,716,5.764,58997.7,2.219,0.0514,2010
NJ,736,3.0756,287.054,23.69183,250,248,933,5.581,56861.5,2.0215,0.0514,2010
NJ,737,3.1411,287.654,23.91619,237,339,2971,5.168,58173.4,2.2738,0.0514,2010
NJ,738,3.1289,288.254,24.91439,255,100,1551,5.129,57589.4,2.4082,0.0514,2010
NJ,739,3.1197,288.856,24.28424,296,148,1079,5.199,58126.0,2.4812,0.0514,2010
NJ,740,3.1712,289.46,24.6053,304,496,1255,5.184,59422.7,2.4563,0.0514,2010
NJ,741,3.1281,290.064,23.9253,315,533,597,5.103,59910.8,2.3756,0.0514,2010
NJ,742,3.0486,290.67,22.26299,321,311,1599,4.932,58245.7,2.5108,0.0514,2010
NJ,743,2.9562,291.277,22.04215,298,193,1349,5.239,59873.3,2.3437,0.0514,2010
NJ,744,3.8752,291.886,22.32911,295,228,1352,4.99,58545.2,2.3294,0.0514,2010
NJ,745,3.9397,292.496,22.37423,257,89,1308,5.201,58690.0,2.2795,0.0514,2010
NJ,746,4.0297,293.106,21.32399,231,223,600,5.809,58275.2,2.067,0.0514,2010
NJ,747,3.9453,293.719,22.10444,271,249,871,5.467,59842.1,2.0973,0.0514,2010
NJ,748,4.5966,294.332,22.86264,228,189,1950,5.294,60451.6,2.1049,0.0514,2010
NJ,749,5.0673,294.947,22.91575,258,141,1108,4.545,57483.3,2.1692,0.0514,2010
NJ,750,4.1641,295.563,23.40179,270,163,949,4.585,60293.4,2.5155,0.0514,2010
NJ,751,4.073,296.18,23.52353,259,94,1989,4.758,60465.1,2.3733,0.0514,2010
NJ,752,4.0691,296.799,22.58092,305,193,1223,4.225,59317.5,2.3186,0.0514,2010
NJ,753,4.026,297.419,22.63425,286,177,743,4.48,59667.4,2.5854,0.0514,2010
NJ,754,4.0036,298.04,20.61984,291,294,588,5.03,58656.0,2.5583,0.0514,2010
NJ,755,3.9806,298.663,21.05449,243,151,2238,3.362,60702.6,2.444,0.0514,2010
NJ,756,3.5049,299.287,20.79652,254,198,251,4.859,60477.0,2.2853,0.0514,2010
NJ,757,3.4474,299.912,22.15102,245,332,1492,5.079,60633.5,2.2832,0.0514,2010
NJ,758,3.4507,300.538,22.44069,260,294,1717,5.491,60165.3,2.1362,0.0514,2010
NJ,759,3.4442,301.166,23.73196,293,209,1259,4.975,62147.9,2.3076,0.0514,2010
NJ,760,3.5573,301.795,24.05417,268,111,1348,5.206,60416.0,2.2977,0.0514,2010
NJ,761,3.6366,302.425,25.33443,245,174,1535,4.982,60532.5,2.1682,0.0514,2010
NJ,762,3.6958,303.057,24.23557,250,117,1566,5.337,61494.8,2.2492,0.0514,2010
NJ,763,3.7103,303.69,24.54723,322,237,4138,4.878,61624.9,2.2252,0.0514,2010
NJ,764,3.5681,304.324,23.79924,281,276,1606,5.194,60257.8,2.4533,0.0514,2010
NJ,765,3.5004,304.96,23.17012,310,240,1394,5.427,59932.2,2.5057,0.0514,2010
NJ,766,3.4355,305.597,22.35536,311,221,3420,4.296,60015.0,2.3066,0.0514,2010
NJ,767,3.3966,306.235,21.61522,286,81,313,4.647,60912.1,2.3915,0.0514,2010
NJ,768,3.1778,306.875,22.36149,284,340,1019,5.199,61568.8,2.1861,0.0514,2010
NJ,769,3.2817,307.516,23.02397,259,327,1988,4.744,61382.0,2.3236,0.0514,2010
NJ,770,3.2698,308.158,22.6531,232,159,865,4.97,63059.1,2.2312,0.0514,2010
NJ,771,3.3189,308.802,24.50239,200,237,1707,5.147,60977.2,2.1613,0.0514,2010
NJ,772,3.4351,309.447,24.81122,245,154,669,4.95,61610.3,2.1059,0.0514,2010
NJ,773,3.4726,310.093,25.4439,263,62,461,5.21,61101.2,2.2028,0.0514,2010
NJ,774,3.5066,310.741,26.1073,248,321,1103,5.026,61340.0,2.2704,0.0514,2010
NJ,775,3.4546,311.39,25.6008,317,105,1838,4.64,62123.3,2.3388,0.0514,2010
NJ,776,3.5147,312.041,24.77172,304,113,790,4.689,61470.7,2.4756,0.0514,2010
NJ,777,3.4019,312.692,23.64614,293,150,393,5.173,63183.2,2.4793,0.0514,2010
NJ,778,3.2191,313.345,23.86767,276,78,2635,4.771,62450.3,2.3795,0.0514,2010
NJ,779,3.1181,314.0,22.89241,299,564,1536,4.777,61591.2,2.4538,0.0514,2010
NM,540,2.1328,190.7,5.07465,86,12,416,5.555,42910.3,2.2063,0.618,2007
NM,541,2.1752,191.098,5.39922,77,62,47,5.281,42541.0,2.257,0.618,2007
NM,542,2.2579,191.497,5.37189,82,38,345,5.658,41933.6,2.0351,0.618,2007
NM,543,2.3093,191.897,5.4634,70,21,188,5.616,42787.3,2.3057,0.618,2007
NM,544,2.4075,192.298,5.58176,70,61,311,5.244,43268.2,2.2275,0.618,2007
NM,545,2.4234,192.7,6.06849,84,16,762,5.213,43014.2,2.1674,0.618,2007
NM,546,2.3829,193.102,5.92761,100,7,183,4.787,42140.8,2.2291,0.618,2007
NM,547,2.3506,193.506,5.97468,78,33,469,4.503,43151.7,2.3759,0.618,2007
NM,548,2.3168,193.91,5.77781,83,80,302,5.467,43363.1,2.5046,0.618,2007
NM,549,2.2393,194.315,5.82277,94,45,394,4.413,42947.5,2.5599,0.618,2007
NM,550,2.2312,194.721,5.60086,79,36,615,4.949,43790.4,2.4477,0.618,2007
NM,551,2.1447,195.128,5.26674,105,43,282,4.85,42990.1,2.3437,0.618,2007
NM,552,2.4216,195.535,5.44869,113,58,66,5.298,43104.1,2.3599,0.618,2007
NM,553,2.438,195.944,5.40959,83,66,97,5.126,42931.6,2.2234,0.618,2007
NM,554,2.4565,196.353,5.59027,74,90,205,5.365,43267.6,2.067,0.618,2007
NM,555,2.5633,196.763,5.71332,68,81,398,5.697,42589.7,2.2101,0.618,2007
NM,556,2.6014,197.174,5.77139,70,81,484,5.08,43618.1,2.1782,0.618,2007
NM,557,2.6803,197.586,5.70463,66,92,332,4.735,42879.5,2.2709,0.618,2007
NM,558,2.7478,197.999,6.06898,86,63,139,5.236,42969.0,2.3453,0.618,2007
NM,559,2.6832,198.412,5.88923,92,79,785,5.005,42943.9,2.4011,0.618,2007
NM,560,2.619,198.827,5.82601,96,59,109,4.21,43577.7,2.5646,0.618,2007
NM,561,2.4952,199.242,5.56128,91,40,500,4.81,42778.4,2.4033,0.618,2007
NM,562,2.4269,199.658,5.51043,82,50,459,4.335,44148.3,2.418,0.618,2007
NM,563,2.3093,200.075,5.54555,89,38,670,5.133,43009.6,2.383,0.618,2007
NM,564,2.6028,200.493,5.4,87,54,210,4.75,43467.4,2.3685,0.618,2007
NM,565,2.6249,200.912,5.22569,86,57,240,5.475,43783.4,2.1901,0.618,2007
NM,566,2.7061,201.331,5.4855,71,14,243,5.172,44389.9,2.0739,0.618,2007
NM,567,2.73,201.752,5.5953,90,64,221,5.107,44769.8,2.1303,0.618,2007
NM,568,2.8039,202.173,5.85213,79,40,455,4.811,43333.7,2.2439,0.618,2007
NM,569,2.8229,202.596,6.20833,81,42,1044,5.637,44236.0,2.2247,0.618,2007
NM,570,2.8181,203.019,5.95517,76,52,156,5.685,44514.6,2.254,0.618,2007
NM,571,2.792,203.443,5.85977,76,80,147,4.358,43866.3,2.3344,0.618,2007
NM,572,2.7373,203.868,5.90405,92,44,351,4.388,43644.5,2.4476,0.618,2007
NM,573,2.7583,204.294,5.62123,92,47,511,4.683,44729.5,2.442,0.618,2007
NM,574,2.7444,204.72,5.50321,94,133,350,4.783,43994.7,2.2584,0.618,2007
NM,575,2.6992,205.148,5.28959,89,51,727,4.641,44521.5,2.2927,0.618,2007
NM,576,3.1153,205.576,5.22781,88,34,672,8.134,43122.8,2.4362,0.618,2007
NM,577,3.0929,206.006,5.17281,102,47,259,8.624,44468.3,2.3839,0.618,2007
NM,578,3.1953,206.436,5.3478,72,65,172,8.016,43317.8,2.3742,0.618,2007
NM,579,3.1993,206.867,5.4535,73,62,481,7.651,43622.3,2.3303,0.618,2007
NM,580,3.2018,207.299,5.56006,61,21,532,9.144,43291.1,2.2178,0.618,2007
NM,581,3.9898,207.732,5.53052,77,45,351,8.504,44016.6,2.5664,0.618,2007
NM,582,3.9746,208.166,5.64698,92,60,616,7.857,44321.3,2.5874,0.618,2007
NM,583,3.2492,208.601,5.4424,80,18,682,7.314,43239.8,2.7581,0.618,2007
NM,584,3.2396,209.037,5.39042,97,54,242,8.355,43842.9,2.7049,0.618,2007
NM,585,3.1359,209.474,5.44216,99,85,439,7.172,44058.7,2.4533,0.618,2007
NM,586,2.0314,209.911,5.37557,118,45,279,7.107,44675.1,2.6467,0.618,2007
NM,587,1.6027,210.35,5.40328,74,78,493,7.464,44176.3,2.5542,0.618,2007
NM,588,2.0891,210.789,5.51891,83,29,534,7.584,44673.9,2.5323,0.618,2007
NM,589,2.1442,211.229,5.40653,75,20,455,7.839,43605.5,2.4462,0.618,2007
NM,590,2.2446,211.67,5.62845,78,37,207,8.365,43950.4,2.3886,0.618,2007
NM,591,2.3005,212.113,5.86921,76,27,169,8.115,44311.2,2.2364,0.618,2007
NM,592,2.3431,212.556,5.9964,85,45,298,7.953,43922.7,2.3061,0.618,2007
NM,593,2.4293,213.0,6.12574,87,80,401,7.876,44927.0,2.5649,0.618,2007
NM,594,2.4355,213.444,6.24973,98,67,92,7.691,44941.6,2.6364,0.618,2007
NM,595,2.4236,213.89,6.23481,92,17,285,7.759,44225.7,2.6185,0.618,2007
NM,596,2.3638,214.337,5.99598,88,39,996,7.593,44872.3,2.7213,0.618,2007
NM,597,2.3823,214.785,5.76874,111,61,315,7.42,45097.2,2.746,0.618,2007
NM,598,2.2963,215.233,5.61479,101,72,147,7.207,43852.0,2.6826,0.618,2007
NM,599,2.2518,215.683,5.56258,91,31,523,7.535,43897.8,2.5878,0.618,2007
NM,600,2.5764,216.133,5.517,87,20,59,7.559,45350.2,2.5361,0.618,2007
NM,601,2.6118,216.585,5.43788,80,14,198,8.035,46837.3,2.3174,0.618,2007
NM,602,2.7159,217.037,5.66929,74,51,467,8.164,45578.5,2.3462,0.618,2007
NM,603,2.7334,217.491,5.81187,63,59,424,7.923,45732.1,2.2115,0.618,2007
NM,604,2.7648,217.945,5.82583,92,53,109,7.932,44617.8,2.5271,0.618,2007
NM,605,2.8364,218.4,6.07729,76,107,101,8.25,45625.9,2.2706,0.618,2007
NM,606,2.9001,218.856,6.27584,84,52,213,7.574,44955.1,2.551,0.618,2007
NM,607,2.873,219.313,5.91157,75,15,505,8.334,46141.8,2.5712,0.618,2007
NM,608,2.7756,219.772,6.1082,87,65,276,7.121,46222.3,2.5899,0.618,2007
NM,609,2.6852,220.231,5.87461,108,69,722,8.136,45966.3,2.5915,0.618,2007
NM,610,2.6857,220.691,5.48682,85,29,335,7.354,45814.0,2.6241,0.618,2007
NM,611,2.6358,221.152,5.3952,90,31,665,7.297,45844.7,2.5855,0.618,2007
NM,612,3.3526,221.614,5.74181,74,38,259,5.352,47651.6,2.2775,0.618,2007
NM,613,3.3787,222.076,5.40817,72,33,285,5.379,47747.3,2.1839,0.618,2007
NM,614,3.3803,222.54,5.75306,78,62,265,5.403,47615.6,2.325,0.618,2007
NM,615,3.3803,223.005,5.80396,77,90,672,5.271,47114.4,2.1696,0.618,2007
NM,616,3.4857,223.471,5.94022,85,28,422,5.206,47275.1,2.0334,0.618,2007
NM,617,3.5447,223.938,6.07982,90,27,76,5.039,47491.9,2.1417,0.618,2007
NM,618,3.6138,224.405,6.05646,83,16,251,5.169,47979.2,2.2588,0.618,2007
NM,619,3.5189,224.874,6.22401,70,35,299,4.502,47946.9,2.3179,0.618,2007
NM,620,3.5282,225.344,6.05682,102,102,562,5.314,48145.0,2.5132,0.618,2007
NM,621,3.474,225.815,5.97428,87,69,434,4.585,47442.1,2.4657,0.618,2007
NM,622,3.3879,226.286,5.55354,89,52,309,4.644,48158.5,2.4145,0.618,2007
NM,623,3.3503,226.759,5.5293,102,34,625,5.084,47995.7,2.4305,0.618,2007
NM,624,3.4176,227.233,5.54779,65,28,218,4.766,47751.5,2.2149,0.618,2007
NM,625,3.4491,227.707,5.50065,91,16,243,4.517,48883.8,2.1027,0.618,2007
NM,626,3.4903,228.183,5.58697,77,26,532,5.525,48933.5,1.9751,0.618,2007
NM,627,3.5782,228.659,5.94977,87,26,586,4.606,49233.5,2.1392,0.618,2007
NM,628,3.6427,229.137,6.1857,69,56,237,5.929,48168.4,2.2897,0.618,2007
NM,629,3.695,229.616,6.26166,83,58,219,5.378,48808.5,2.2222,0.618,2007
NM,630,3.6678,230.095,6.20945,82,135,524,5.254,48860.2,2.3045,0.618,2007
NM,631,3.6816,230.576,6.31497,97,19,275,5.099,48205.1,2.4161,0.618,2007
NM,632,3.6748,231.057,6.10985,76,133,463,4.803,49716.2,2.3965,0.618,2007
NM,633,3.6673,231.54,5.90907,100,15,331,4.623,48901.4,2.4193,0.618,2007
NM,634,3.5305,232.024,5.59116,101,43,86,4.708,48949.7,2.3697,0.618,2007
NM,635,3.5067,232.508,5.68673,90,102,149,5.062,49528.1,2.4807,0.618,2007
NM,636,3.3915,232.994,5.53188,89,89,265,4.354,48973.1,2.3093,0.618,2007
NM,637,3.3849,233.481,5.49336,99,35,125,6.076,48879.9,2.1336,0.618,2007
NM,638,3.468,233.968,5.69349,77,57,174,5.225,48574.3,2.1473,0.618,2007
NM,639,3.5801,234.457,5.7451,65,35,411,5.331,48184.3,2.1193,0.618,2007
NM,640,3.5803,234.947,6.0545,75,85,460,5.318,49825.0,2.1424,0.618,2007
NM,641,3.6725,235.438,6.37608,82,15,449,5.066,50001.8,2.3011,0.618,2007
NM,642,3.6095,235.929,6.2298,79,140,234,5.174,49076.7,2.2637,0.618,2007
NM,643,3.513,236.422,6.09845,80,54,567,4.919,50370.1,2.4676,0.618,2007
NM,644,3.5018,236.916,6.26482,76,82,429,4.711,49896.9,2.5741,0.618,2007
NM,645,3.4771,237.411,6.02933,109,32,285,4.115,50192.3,2.4488,0.618,2007
NM,646,3.4504,237.907,5.80895,92,35,1023,4.311,50327.1,2.2825,0.618,2007
NM,647,3.4883,238.404,5.72418,68,24,495,4.577,49194.2,2.3466,0.618,2007
NM,648,3.2121,238.902,5.85059,79,11,86,4.648,51287.2,2.3521,0.618,2007
NM,649,3.134,239.401,5.83015,93,27,452,5.818,49613.3,2.2893,0.618,2007
NM,650,3.2369,239.901,5.84473,67,44,290,5.019,49510.5,2.0563,0.618,2007
NM,651,3.3113,240.402,6.01979,77,47,423,5.581,49843.0,2.2823,0.618,2007
NM,652,3.382,240.904,6.34279,81,71,285,5.125,50895.3,2.099,0.618,2007
NM,653,3.559,241.407,6.46638,75,71,522,5.541,51037.3,2.3057,0.618,2007
NM,654,3.4047,241.911,6.66345,79,37,707,4.561,50431.5,2.5176,0.618,2007
NM,655,3.4029,242.417,6.72924,73,88,264,4.6,51641.7,2.4066,0.618,2007
NM,656,3.3858,242.923,6.27925,98,48,400,4.924,50093.8,2.4907,0.618,2007
NM,657,3.3177,243.43,6.22485,106,32,280,4.553,51148.8,2.4973,0.618,2007
NM,658,3.2017,243.939,5.85145,89,41,658,4.692,50669.4,2.5074,0.618,2007
NM,659,3.2308,244.448,5.74082,92,24,188,5.18,50106.4,2.4284,0.618,2007
NM,660,2.1276,244.959,5.96664,80,24,271,4.163,51504.9,2.322,0.618,2007
NM,661,2.2277,245.471,5.97008,82,53,211,5.915,50973.8,2.3522,0.618,2007
NM,662,2.3177,245.983,6.45586,72,48,575,5.291,51446.3,2.2696,0.618,2007
NM,663,2.4044,246.497,6.75828,101,26,442,4.853,52102.9,2.1057,0.618,2007
NM,664,2.4636,247.012,6.75398,62,80,108,5.233,50694.6,2.0308,0.618,2007
NM,665,2.4348,247.528,7.33503,84,76,394,5.158,51589.8,2.116,0.618,2007
NM,666,2.528,248.045,7.39982,93,24,227,5.249,51178.8,2.2514,0.618,2007
NM,667,2.5528,248.563,7.1788,79,65,166,4.963,52053.5,2.3117,0.618,2007
NM,668,2.4717,249.082,7.16843,103,60,232,4.66,51712.1,2.3686,0.618,2007
NM,669,2.4265,249.603,6.72561,105,21,48,4.756,52694.0,2.5058,0.618,2007
NM,670,2.346,250.124,6.45514,109,58,184,5.073,51931.0,2.3824,0.618,2007
NM,671,2.3361,250.646,6.43125,86,36,367,5.706,52344.8,2.339,0.618,2007
NM,672,2.0286,251.17,6.16116,84,68,376,4.597,51865.7,2.5101,0.618,2007
NM,673,1.9906,251.694,6.58806,85,39,163,5.424,53333.6,2.3234,0.618,2007
NM,674,2.0476,252.22,6.69603,84,64,383,5.004,52756.7,2.1817,0.618,2007
NM,675,2.1109,252.747,7.2148,80,59,338,5.835,53123.0,2.1596,0.618,2007
NM,676,2.1847,253.275,7.46237,76,22,295,5.131,53248.6,2.0841,0.618,2007
NM,677,2.2236,253.804,7.53517,85,66,234,5.42,53070.7,2.0956,0.618,2007
NM,678,2.25,254.334,7.57999,81,71,274,4.983,53672.2,2.2778,0.618,2007
NM,679,2.2328,254.865,7.09333,86,82,569,4.967,52814.2,2.374,0.618,2007
NM,680,2.1904,255.398,7.34409,86,75,614,4.596,51759.2,2.513,0.618,2007
NM,681,2.0775,255.931,7.10363,110,168,573,5.157,51931.8,2.3688,0.618,2007
NM,682,2.055,256.466,6.83781,105,34,439,4.447,53054.5,2.3158,0.618,2007
NM,683,2.0944,257.001,6.21561,108,44,708,4.89,53453.4,2.4717,0.618,2007
NM,684,2.2197,257.538,6.5541,89,78,320,5.282,53902.3,2.2586,0.618,2007
NM,685,2.2714,258.076,6.60554,71,42,525,5.22,53064.8,2.28,0.618,2007
NM,686,2.2994,258.615,6.90634,87,43,369,5.184,52948.6,2.221,0.618,2007
NM,687,2.3662,259.155,6.79557,78,38,411,5.587,53683.9,2.2582,0.618,2007
NM,688,2.4535,259.697,7.45641,90,70,355,5.698,53904.1,2.2578,0.618,2007
NM,689,2.4694,260.239,7.67128,72,99,754,5.355,54515.8,2.1534,0.618,2007
NM,690,2.4721,260.783,7.34569,80,22,194,5.238,54067.6,2.141,0.618,2007
NM,691,2.4531,261.327,7.42161,93,79,170,5.081,54708.7,2.3744,0.618,2007
NM,692,2.4088,261.873,7.1603,87,41,697,4.895,54433.0,2.4693,0.618,2007
NM,693,2.3937,262.42,7.1767,87,34,552,4.826,54826.0,2.5208,0.618,2007
NM,694,2.3407,262.968,6.7344,89,112,345,4.998,55948.9,2.4771,0.618,2007
NM,695,2.3466,263.518,6.63394,95,81,507,4.799,54005.7,2.4946,0.618,2007
NM,696,2.5534,264.068,6.65325,82,98,176,4.113,54588.9,2.331,0.618,2007
NM,697,2.5995,264.62,6.44939,72,112,273,5.239,53461.3,2.2632,0.618,2007
NM,698,2.6464,265.172,6.60064,66,140,361,5.256,53914.3,2.1502,0.618,2007
NM,699,2.6504,265.726,7.04519,67,111,201,5.19,54315.2,2.0938,0.618,2007
NM,700,2.6793,266.281,7.49346,77,56,448,4.635,55569.1,2.0929,0.618,2007
NM,701,2.692,266.838,7.37527,79,15,225,5.088,55024.2,2.1449,0.618,2007
NM,702,2.7842,267.395,7.21254,75,57,308,4.508,54923.5,2.329,0.618,2007
NM,703,2.8667,267.953,7.08566,83,45,407,5.381,55168.8,2.3875,0.618,2007
NM,704,2.7504,268.513,7.42695,107,44,75,3.898,55894.9,2.3834,0.618,2007
NM,705,2.6339,269.074,6.95206,85,14,1370,4.146,55138.3,2.4852,0.618,2007
NM,706,2.5452,269.636,6.83708,90,20,563,4.809,55187.5,2.397,0.618,2007
NM,707,2.5429,270.199,6.78343,91,84,1105,5.416,56278.5,2.3468,0.618,2007
NM,708,2.4824,270.764,6.70423,96,30,619,5.355,56293.4,2.4143,0.618,2007
NM,709,2.4294,271.329,6.60664,78,81,705,5.304,55540.1,2.1726,0.618,2007
NM,710,2.4692,271.896,7.05197,83,59,425,5.615,54946.3,2.2169,0.618,2007
NM,711,2.476,272.464,7.27246,70,40,575,5.334,56503.9,2.004,0.618,2007
NM,712,2.5934,273.033,7.70858,85,45,572,4.766,55692.8,2.1363,0.618,2007
NM,713,2.6157,273.603,7.65747,61,36,399,5.652,56165.8,2.1995,0.618,2007
NM,714,2.6694,274.175,7.48949,80,137,520,5.009,55690.0,2.2579,0.618,2007
NM,715,2.7011,274.747,7.69898,81,53,402,4.92,57027.5,2.3668,0.618,2007
NM,716,2.5853,275.321,7.62743,91,29,1295,4.518,56004.1,2.3278,0.618,2007
NM,717,2.6085,275.896,7.34222,97,110,691,4.395,55582.9,2.2925,0.618,2007
NM,718,2.5245,276.473,7.0075,106,38,785,5.296,57411.5,2.4974,0.618,2007
NM,719,2.444,277.05,6.88921,98,57,748,4.542,58202.4,2.3665,0.618,2007
NM,720,1.9814,277.629,6.71875,99,82,361,9.734,57504.4,2.2625,0.618,2007
NM,721,2.0423,278.209,6.68594,103,41,863,9.589,57185.8,2.1369,0.618,2007
NM,722,2.1578,278.79,5.69393,81,63,598,10.016,57389.7,2.0511,0.618,2007
NM,723,1.7953,279.372,4.80385,98,71,37,10.14,56500.4,1.9934,0.618,2007
NM,724,1.8425,279.956,5.86815,82,50,661,9.931,57915.5,2.1295,0.618,2007
NM,725,2.2641,280.54,6.6197,71,83,665,9.992,56339.1,2.2317,0.618,2007
NM,726,2.2998,281.126,7.24641,89,35,377,9.093,56325.3,2.4292,0.618,2007
NM,727,2.2533,281.714,7.76614,86,33,355,8.541,57652.2,2.4148,0.618,2007
NM,728,2.2334,282.302,7.62423,102,101,362,8.864,57318.5,2.4045,0.618,2007
NM,729,2.1002,282.892,7.34049,108,97,839,9.046,57966.7,2.4478,0.618,2007
NM,730,2.023,283.483,7.06915,129,27,787,8.888,57129.5,2.4174,0.618,2007
NM,731,1.9883,284.075,6.96409,78,49,676,8.783,55818.1,2.2601,0.618,2007
NM,732,2.8989,284.668,7.14362,94,7,505,4.391,58482.4,2.1796,0.618,2007
NM,733,2.8838,285.263,6.90037,92,45,167,4.983,57234.1,2.2127,0.618,2007
NM,734,2.8507,285.859,6.7361,88,123,536,5.121,57042.8,2.0783,0.618,2007
NM,735,2.9702,286.456,7.19181,81,79,389,4.824,57429.2,2.2254,0.618,2007
NM,736,3.0434,287.054,7.43701,88,26,438,5.175,57443.8,2.2622,0.618,2007
NM,737,3.0825,287.654,7.5772,77,165,220,4.788,59184.0,2.1618,0.618,2007
NM,738,3.1622,288.254,7.93183,86,23,390,4.812,58698.8,2.2441,0.618,2007
NM,739,3.0742,288.856,7.45763,102,69,554,4.506,58985.0,2.2279,0.618,2007
NM,740,2.9823,289.46,7.69828,91,73,286,5.07,58797.7,2.5024,0.618,2007
NM,741,2.906,290.064,7.09735,76,42,132,4.797,58263.4,2.4,0.618,2007
NM,742,2.8699,290.67,7.33598,78,20,424,4.695,58040.8,2.5085,0.618,2007
NM,743,2.7953,291.277,7.19046,93,37,658,4.481,59168.7,2.3078,0.618,2007
NM,744,3.6807,291.886,6.97904,87,28,892,5.234,60507.0,2.3629,0.618,2007
NM,745,3.8359,292.496,6.77034,65,84,371,5.589,59964.6,2.2099,0.618,2007
NM,746,3.8345,293.106,7.206,67,69,449,4.765,57949.0,2.1497,0.618,2007
NM,747,3.8254,293.719,6.99087,81,31,475,5.508,58669.9,2.0634,0.618,2007
NM,748,4.489,294.332,7.28868,84,93,284,4.733,59106.5,2.3319,0.618,2007
NM,749,4.9801,294.947,7.50036,76,102,301,4.581,58894.4,2.2735,0.618,2007
NM,750,3.9467,295.563,7.36447,91,47,628,4.61,58387.9,2.4223,0.618,2007
NM,751,3.9507,296.18,7.50774,82,86,730,5.199,59185.4,2.3576,0.618,2007
NM,752,3.8938,296.799,7.23712,57,90,774,5.236,60010.2,2.4215,0.618,2007
NM,753,3.8308,297.419,6.91735,90,75,598,4.152,59403.7,2.424,0.618,2007
NM,754,3.7665,298.04,6.81542,97,68,666,4.716,60883.6,2.4806,0.618,2007
NM,755,3.8124,298.663,6.68042,83,74,402,4.546,60200.1,2.3327,0.618,2007
NM,756,3.4012,299.287,6.69381,99,58,812,4.374,60757.2,2.4183,0.618,2007
NM,757,3.3693,299.912,6.98288,87,57,42,5.399,61175.7,2.1967,0.618,2007
NM,758,3.3532,300.538,6.81355,81,61,752,6.186,59748.3,2.1337,0.618,2007
NM,759,3.3438,301.166,7.30838,98,43,235,5.407,60170.6,2.1312,0.618,2007
NM,760,3.4229,301.795,7.60722,78,39,356,4.545,58784.9,2.2197,0.618,2007
NM,761,3.5099,302.425,7.58244,65,72,352,4.511,60517.9,2.23,0.618,2007
NM,762,3.5141,303.057,7.80764,81,42,402,4.494,60835.4,2.3836,0.618,2007
NM,763,3.4883,303.69,7.60287,85,87,452,4.629,60499.5,2.4127,0.618,2007
NM,764,3.4147,304.324,7.39965,94,72,998,4.696,61686.8,2.4103,0.618,2007
NM,765,3.3961,304.96,7.38568,73,24,528,4.286,61837.1,2.4697,0.618,2007
NM,766,3.3721,305.597,7.0598,125,74,368,5.039,60142.8,2.4648,0.618,2007
NM,767,3.416,306.235,6.97981,93,46,341,4.421,61560.5,2.4495,0.618,2007
NM,768,3.219,306.875,7.03287,73,63,790,5.117,62066.1,2.2731,0.618,2007
NM,769,3.2469,307.516,6.7178,101,21,522,5.058,62605.6,2.3252,0.618,2007
NM,770,3.2633,308.158,7.08798,90,91,230,5.651,61433.0,2.1515,0.618,2007
NM,771,3.3196,308.802,7.26787,81,59,72,5.407,61381.0,2.1794,0.618,2007
NM,772,3.2887,309.447,7.74227,85,57,244,5.71,62488.2,2.2078,0.618,2007
NM,773,3.3614,310.093,8.10911,83,59,288,5.283,62197.9,2.2361,0.618,2007
NM,774,3.3268,310.741,7.85406,78,13,865,4.688,62032.7,2.2996,0.618,2007
NM,775,3.3779,311.39,7.9451,99,97,347,4.979,62235.1,2.4512,0.618,2007
NM,776,3.3288,312.041,7.65659,103,110,1676,4.435,61274.6,2.4183,0.618,2007
NM,777,3.2096,312.692,7.39468,100,51,85,5.399,63042.0,2.4805,0.618,2007
NM,778,3.2132,313.345,7.22905,111,34,336,4.766,62286.8,2.5197,0.618,2007
NM,779,3.1355,314.0,7.30646,94,62,896,5.151,64078.5,2.3753,0.618,2007
NY,540,2.1556,190.7,10.15837,158,66,277,4.882,41784.5,2.4152,0.2734,2004
NY,541,2.1703,191.098,9.74719,146,98,559,4.911,42141.2,2.2602,0.2734,2004
NY,542,2.2593,191.497,10.08543,181,102,494,5.507,42667.2,2.1926,0.2734,2004
NY,543,2.3323,191.897,10.81237,142,108,266,4.762,41739.8,2.1656,0.2734,2004
NY,544,2.3434,192.298,10.99756,131,152,994,4.937,42507.1,2.1153,0.2734,2004
NY,545,2.4027,192.7,11.29073,180,106,411,5.282,42759.1,2.1864,0.2734,2004
NY,546,2.4314,193.102,11.45848,176,145,889,4.874,42594.0,2.3043,0.2734,2004
NY,547,2.3792,193.506,11.34373,165,93,860,4.792,41221.6,2.34,0.2734,2004
NY,548,2.3188,193.91,11.35143,198,97,432,5.587,43563.1,2.3971,0.2734,2004
NY,549,2.2735,194.315,10.72424,164,45,824,4.284,43390.4,2.5173,0.2734,2004
NY,550,2.1928,194.721,10.37528,177,46,462,4.608,42205.1,2.471,0.2734,2004
NY,551,2.1294,195.128,10.66574,164,176,579,4.13,43160.9,2.3396,0.2734,2004
NY,552,2.4538,195.535,10.21061,156,63,527,4.653,43275.9,2.1682,0.2734,2004
NY,553,2.4501,195.944,10.23975,160,100,295,4.667,42149.7,2.2339,0.2734,2004
NY,554,2.5642,196.353,10.16506,157,61,859,5.222,42071.3,2.0964,0.2734,2004
NY,555,2.6397,196.763,10.70869,145,107,356,5.609,43729.3,2.1745,0.2734,2004
NY,556,2.7048,197.174,11.37541,158,57,240,5.573,43716.4,2.116,0.2734,2004
NY,557,2.5965,197.586,11.6476,135,84,305,5.511,44228.2,2.2817,0.2734,2004
NY,558,2.6219,197.999,11.52725,152,76,327,5.199,43292.3,2.3404,0.2734,2004
NY,559,2.713,198.412,11.54605,151,58,557,4.825,43398.3,2.3385,0.2734,2004
NY,560,2.6419,198.827,11.07585,183,92,529,4.866,43538.1,2.408,0.2734,2004
NY,561,2.5322,199.242,10.68185,153,53,2126,5.146,43653.4,2.4629,0.2734,2004
NY,562,2.5299,199.658,10.73272,167,30,311,4.434,43154.8,2.4579,0.2734,2004
NY,563,2.4839,200.075,10.01083,179,68,1155,5.331,43244.8,2.3559,0.2734,2004
NY,564,2.7133,200.493,10.28326,156,113,212,4.606,44388.2,2.2106,0.2734,2004
NY,565,2.7372,200.912,10.53794,124,87,515,5.464,43604.8,2.1242,0.2734,2004
NY,566,2.7809,201.331,9.96917,166,30,521,5.358,43434.0,2.1288,0.2734,2004
NY,567,2.7935,201.752,11.10399,157,0,288,5.682,44324.8,2.2991,0.2734,2004
NY,568,2.8725,202.173,11.50852,152,179,348,5.426,44030.9,2.1812,0.2734,2004
NY,569,2.8876,202.596,11.39404,154,86,347,5.009,44526.0,2.3768,0.2734,2004
NY,570,2.8822,203.019,11.66084,184,47,677,5.933,44379.4,2.4421,0.2734,2004
NY,571,2.918,203.443,11.64126,145,42,533,4.376,43543.8,2.3644,0.2734,2004
NY,572,2.8377,203.868,10.85408,176,203,358,5.6,44403.2,2.5677,0.2734,2004
NY,573,2.7338,204.294,11.299,181,93,1003,5.217,44386.1,2.3322,0.2734,2004
NY,574,2.7251,204.72,10.7524,161,213,434,4.555,44935.6,2.4984,0.2734,2004
NY,575,2.6828,205.148,10.38768,160,88,1395,5.247,44863.3,2.2426,0.2734,2004
NY,576,3.218,205.576,9.85852,173,107,357,7.548,43996.8,2.5947,0.2734,2004
NY,577,3.1992,206.006,9.91835,166,119,258,7.771,43173.7,2.3868,0.2734,2004
NY,578,3.1827,206.436,9.65088,166,68,669,8.525,44246.7,2.3668,0.2734,2004
NY,579,3.2044,206.867,10.56112,145,66,361,8.08,43983.3,2.3782,0.2734,2004
NY,580,3.2469,207.299,10.95853,133,80,483,8.636,43580.5,2.3055,0.2734,2004
NY,581,4.0341,207.732,10.79539,132,44,1346,7.198,44371.4,2.3463,0.2734,2004
NY,582,3.9624,208.166,11.03836,171,99,219,8.553,43797.3,2.5177,0.2734,2004
NY,583,3.2672,208.601,10.88213,176,223,1317,7.956,44288.2,2.6609,0.2734,2004
NY,584,3.2942,209.037,10.65626,163,46,882,7.363,44293.6,2.5175,0.2734,2004
NY,585,3.2521,209.474,10.32768,186,130,544,7.465,43786.5,2.5821,0.2734,2004
NY,586,2.1109,209.911,9.82243,189,154,436,8.35,42849.1,2.5496,0.2734,2004
NY,587,1.6791,210.35,10.84034,171,92,393,7.536,44699.5,2.5486,0.2734,2004
NY,588,2.2368,210.789,10.42761,192,112,336,8.124,44369.2,2.3996,0.2734,2004
NY,589,2.248,211.229,10.70119,166,70,169,7.869,43493.7,2.3927,0.2734,2004
NY,590,2.2706,211.67,11.34683,173,148,1707,8.132,44944.8,2.3755,0.2734,2004
NY,591,2.3363,212.113,10.77658,138,38,771,7.781,43747.0,2.3352,0.2734,2004
NY,592,2.3853,212.556,11.45834,154,97,251,6.967,44641.0,2.2944,0.2734,2004
NY,593,2.4395,213.0,11.87763,140,84,1323,8.483,44652.5,2.461,0.2734,2004
NY,594,2.4158,213.444,11.81627,180,61,337,8.288,44813.9,2.5376,0.2734,2004
NY,595,2.3684,213.89,11.87439,184,42,1610,7.857,44391.3,2.6148,0.2734,2004
NY,596,2.3886,214.337,11.58865,168,61,834,7.237,44866.9,2.8627,0.2734,2004
NY,597,2.3239,214.785,11.20237,169,109,540,7.385,44621.0,2.7011,0.2734,2004
NY,598,2.2547,215.233,10.64512,190,83,1016,7.415,44380.0,2.7802,0.2734,2004
NY,599,2.2348,215.683,11.13346,181,85,1362,7.427,45741.0,2.5532,0.2734,2004
NY,600,2.6566,216.133,10.32669,165,35,1123,8.07,44649.4,2.5859,0.2734,2004
NY,601,2.6319,216.585,10.46849,175,52,700,8.231,45159.9,2.513,0.2734,2004
NY,602,2.6929,217.037,10.99112,167,81,383,7.799,45487.4,2.4171,0.2734,2004
NY,603,2.7661,217.491,11.14323,132,27,498,8.368,45664.5,2.4843,0.2734,2004
NY,604,2.8022,217.945,11.26539,166,38,722,8.296,45107.1,2.3896,0.2734,2004
NY,605,2.8352,218.4,11.61391,142,88,82,7.59,45382.6,2.4714,0.2734,2004
NY,606,2.8373,218.856,11.72328,163,29,663,7.715,46112.7,2.5521,0.2734,2004
NY,607,2.8472,219.313,11.6176,161,93,520,8.193,45504.5,2.6144,0.2734,2004
NY,608,2.7864,219.772,11.76288,202,50,755,7.436,45265.9,2.6811,0.2734,2004
NY,609,2.7006,220.231,11.06978,206,51,409,8.36,45336.3,2.5509,0.2734,2004
NY,610,2.7671,220.691,10.70123,176,181,491,8.108,45579.9,2.5471,0.2734,2004
NY,611,2.7194,221.152,10.39521,184,127,310,7.419,45779.4,2.5188,0.2734,2004
NY,612,3.4225,221.614,10.63954,171,27,435,5.258,47123.5,2.3363,0.2734,2004
NY,613,3.3389,222.076,11.06858,147,102,152,5.314,47855.3,2.3211,0.2734,2004
NY,614,3.3764,222.54,10.63238,145,86,212,4.939,47552.0,2.1111,0.2734,2004
NY,615,3.4419,223.005,11.95613,125,26,569,5.62,47464.0,1.9601,0.2734,2004
NY,616,3.5395,223.471,11.61894,132,74,739,4.83,46856.7,2.1561,0.2734,2004
NY,617,3.5867,223.938,11.9858,181,109,533,5.272,47396.4,2.2478,0.2734,2004
NY,618,3.5952,224.405,11.58058,166,100,271,4.569,46981.5,2.2835,0.2734,2004
NY,619,3.5105,224.874,11.55446,165,68,1269,5.069,48248.5,2.4869,0.2734,2004
NY,620,3.4505,225.344,11.55862,162,69,1153,4.811,46698.2,2.5147,0.2734,2004
NY,621,3.3155,225.815,11.19993,179,54,468,4.734,49024.9,2.3882,0.2734,2004
NY,622,3.3369,226.286,10.87584,179,97,323,4.575,47921.5,2.3938,0.2734,2004
NY,623,3.3121,226.759,10.8228,188,154,356,4.218,48210.3,2.2069,0.2734,2004
NY,624,3.4418,227.233,10.73617,171,93,670,4.322,49137.0,2.3368,0.2734,2004
NY,625,3.4641,227.707,10.39908,155,35,234,5.344,49970.8,2.3651,0.2734,2004
NY,626,3.5334,228.183,10.41533,149,62,115,5.807,47752.6,2.0862,0.2734,2004
NY,627,3.6669,228.659,11.09898,146,56,600,4.9,48291.4,2.0651,0.2734,2004
NY,628,3.5973,229.137,11.66042,164,120,754,5.037,48962.0,2.0551,0.2734,2004
NY,629,3.6691,229.616,11.96899,146,57,508,4.978,49490.1,2.1126,0.2734,2004
NY,630,3.6496,230.095,12.02503,137,118,1978,4.698,48269.3,2.2947,0.2734,2004
NY,631,3.6757,230.576,11.65826,164,24,360,4.401,48066.9,2.3809,0.2734,2004
NY,632,3.6432,231.057,11.58036,181,117,427,4.403,49209.6,2.3154,0.2734,2004
NY,633,3.5513,231.54,12.04528,206,66,434,4.536,50657.3,2.3804,0.2734,2004
NY,634,3.5518,232.024,10.83952,164,84,1190,5.039,47999.5,2.4842,0.2734,2004
NY,635,3.4672,232.508,10.78024,176,197,740,4.931,48611.2,2.3988,0.2734,2004
NY,636,3.3411,232.994,10.46138,152,59,460,5.132,48340.8,2.2944,0.2734,2004
NY,637,3.3232,233.481,10.89628,166,90,323,4.772,49832.0,2.0748,0.2734,2004
NY,638,3.4248,233.968,11.11368,148,103,1758,5.115,49056.9,2.2119,0.2734,2004
NY,639,3.4824,234.457,11.38454,148,189,330,4.256,49822.9,2.0815,0.2734,2004
NY,640,3.4825,234.947,11.61562,158,118,477,5.14,49159.4,2.145,0.2734,2004
NY,641,3.5863,235.438,12.13631,144,81,442,5.5,49820.6,2.3586,0.2734,2004
NY,642,3.6161,235.929,12.55533,145,101,826,5.41,49661.2,2.2577,0.2734,2004
NY,643,3.528,236.422,11.75511,158,153,1884,4.335,49743.9,2.4232,0.2734,2004
NY,644,3.445,236.916,12.10373,158,169,177,4.58,49686.7,2.3941,0.2734,2004
NY,645,3.5306,237.411,11.36544,177,58,607,4.874,49285.1,2.3539,0.2734,2004
NY,646,3.4725,237.907,11.25502,164,66,163,4.766,50022.1,2.473,0.2734,2004
NY,647,3.4202,238.404,11.1965,171,103,605,4.778,50969.1,2.296,0.2734,2004
NY,648,3.2451,238.902,11.06994,148,170,230,4.862,50872.2,2.341,0.2734,2004
NY,649,3.1936,239.401,11.2377,156,153,447,4.645,49381.1,2.2865,0.2734,2004
NY,650,3.3188,239.901,11.18085,155,76,925,5.564,49480.7,2.1815,0.2734,2004
NY,651,3.3171,240.402,12.09733,149,70,108,5.754,50342.2,2.1552,0.2734,2004
NY,652,3.3379,240.904,12.14569,151,57,833,5.432,49535.9,2.1401,0.2734,2004
NY,653,3.579,241.407,12.36265,138,96,275,5.308,49800.3,2.3136,0.2734,2004
NY,654,3.4248,241.911,12.53171,179,86,433,4.963,51408.9,2.4047,0.2734,2004
NY,655,3.4487,242.417,12.75148,184,202,1121,4.459,50256.8,2.4001,0.2734,2004
NY,656,3.4377,242.923,12.51752,156,57,407,5.313,50792.6,2.4471,0.2734,2004
NY,657,3.4009,243.43,12.36756,182,165,536,4.696,51190.4,2.4367,0.2734,2004
NY,658,3.2158,243.939,11.52763,185,128,448,4.54,51186.7,2.5838,0.2734,2004
NY,659,3.2064,244.448,10.81316,166,124,1561,5.309,50041.3,2.496,0.2734,2004
NY,660,2.1085,244.959,11.95716,173,18,230,4.935,52603.2,2.3355,0.2734,2004
NY,661,2.2884,245.471,11.508,150,59,704,5.309,50694.4,2.328,0.2734,2004
NY,662,2.2631,245.983,12.22251,163,89,929,6.038,51605.9,2.1825,0.2734,2004
NY,663,2.3865,246.497,12.92785,153,150,340,5.814,51731.9,2.125,0.2734,2004
NY,664,2.4339,247.012,13.03211,140,50,854,5.296,50704.5,2.2348,0.2734,2004
NY,665,2.5018,247.528,14.06059,178,17,277,4.703,52501.9,2.0882,0.2734,2004
NY,666,2.5598,248.045,13.88649,165,180,1678,5.091,52288.8,2.1736,0.2734,2004
NY,667,2.5509,248.563,13.79905,177,20,312,4.114,51599.0,2.3995,0.2734,2004
NY,668,2.4914,249.082,14.0569,175,234,1597,4.549,52576.7,2.522,0.2734,2004
NY,669,2.39,249.603,13.54604,189,71,1181,4.775,52793.2,2.4738,0.2734,2004
NY,670,2.4399,250.124,12.54642,184,45,340,5.136,52974.2,2.4616,0.2734,2004
NY,671,2.3539,250.646,12.20115,147,69,737,4.808,52098.4,2.3302,0.2734,2004
NY,672,2.0146,251.17,12.75921,155,138,402,4.676,53101.4,2.2375,0.2734,2004
NY,673,1.992,251.694,12.62329,169,115,500,4.353,52240.9,2.1634,0.2734,2004
NY,674,2.0621,252.22,12.69365,169,119,238,5.586,52132.5,2.1832,0.2734,2004
NY,675,2.1203,252.747,13.48363,144,88,391,5.188,52649.2,2.2038,0.2734,2004
NY,676,2.2124,253.275,14.54137,167,68,1072,4.998,52112.0,2.1666,0.2734,2004
NY,677,2.2564,253.804,14.58833,141,104,280,5.408,51801.4,2.2159,0.2734,2004
NY,678,2.1931,254.334,14.4873,180,166,619,4.238,53872.2,2.3477,0.2734,2004
NY,679,2.2035,254.865,14.15661,161,137,1499,4.948,52153.0,2.3704,0.2734,2004
NY,680,2.1262,255.398,13.63029,182,170,1646,4.797,52822.0,2.5267,0.2734,2004
NY,681,2.1084,255.931,13.16997,189,143,296,5.04,54117.3,2.3646,0.2734,2004
NY,682,2.0818,256.466,13.1313,174,143,988,5.697,53226.8,2.4874,0.2734,2004
NY,683,2.0021,257.001,12.67309,183,71,1097,4.944,53240.0,2.3399,0.2734,2004
NY,684,2.2755,257.538,12.54086,163,59,311,5.237,54211.0,2.1272,0.2734,2004
NY,685,2.2699,258.076,13.01061,150,196,1243,5.001,54067.0,2.0072,0.2734,2004
NY,686,2.3325,258.615,13.03666,120,46,807,5.496,52630.7,2.3015,0.2734,2004
NY,687,2.4111,259.155,13.59995,144,132,177,5.071,54065.9,2.1662,0.2734,2004
NY,688,2.4758,259.697,14.08905,133,125,875,5.504,55383.6,1.9924,0.2734,2004
NY,689,2.5496,260.239,14.05935,159,89,420,4.901,54167.7,2.319,0.2734,2004
NY,690,2.532,260.783,14.18207,176,109,1171,5.91,54577.8,2.2131,0.2734,2004
NY,691,2.4932,261.327,14.85062,187,78,1143,4.777,54587.4,2.4879,0.2734,2004
NY,692,2.4674,261.873,14.3442,199,83,1482,4.276,53958.1,2.3963,0.2734,2004
NY,693,2.3974,262.42,13.10305,199,147,742,4.968,53655.5,2.4328,0.2734,2004
NY,694,2.3043,262.968,13.02652,210,193,3146,4.861,53514.4,2.4776,0.2734,2004
NY,695,2.2937,263.518,13.22037,174,153,296,4.738,54509.7,2.2802,0.2734,2004
NY,696,2.6033,264.068,12.6001,174,265,781,4.79,55532.8,2.2785,0.2734,2004
NY,697,2.6318,264.62,13.08195,151,169,809,5.297,53634.6,2.2134,0.2734,2004
NY,698,2.7153,265.172,12.76931,152,162,410,6.03,54192.9,2.059,0.2734,2004
NY,699,2.7206,265.726,13.49277,149,133,619,5.109,54295.6,2.0994,0.2734,2004
NY,700,2.7845,266.281,13.16401,159,164,374,5.549,55331.0,2.193,0.2734,2004
NY,701,2.8966,266.838,14.69727,160,99,849,5.103,55127.6,2.2596,0.2734,2004
NY,702,2.8272,267.395,14.33502,150,18,861,4.79,55224.7,2.3094,0.2734,2004
NY,703,2.7998,267.953,13.69905,164,149,303,4.964,54748.8,2.3042,0.2734,2004
NY,704,2.6472,268.513,13.99074,157,83,602,4.294,55635.1,2.4723,0.2734,2004
NY,705,2.6432,269.074,13.51497,192,69,797,4.974,55750.0,2.3993,0.2734,2004
NY,706,2.555,269.636,13.27474,184,58,393,4.898,56582.2,2.4599,0.2734,2004
NY,707,2.5477,270.199,12.81719,160,85,1627,4.626,54642.4,2.4646,0.2734,2004
NY,708,2.4378,270.764,12.56265,155,121,449,5.385,55718.2,2.2874,0.2734,2004
NY,709,2.5046,271.329,12.70076,142,61,667,5.24,55827.4,2.1202,0.2734,2004
NY,710,2.4569,271.896,13.06935,152,129,1416,5.763,55343.5,2.1505,0.2734,2004
NY,711,2.5269,272.464,13.92357,153,74,322,5.95,56481.1,2.2072,0.2734,2004
NY,712,2.562,273.033,14.566,161,30,331,5.453,54978.9,2.3096,0.2734,2004
NY,713,2.5827,273.603,14.56271,131,183,389,5.005,56756.2,2.3035,0.2734,2004
NY,714,2.6447,274.175,15.41894,158,72,352,5.271,56361.1,2.2576,0.2734,2004
NY,715,2.7337,274.747,14.46702,183,122,52,5.164,55660.9,2.4179,0.2734,2004
NY,716,2.7135,275.321,14.81133,194,185,981,4.958,57050.8,2.5022,0.2734,2004
NY,717,2.5501,275.896,13.85908,212,202,757,5.185,57838.4,2.4899,0.2734,2004
NY,718,2.4603,276.473,13.44593,161,167,745,4.791,56797.4,2.6495,0.2734,2004
NY,719,2.5019,277.05,13.32314,175,179,762,4.515,56881.8,2.393,0.2734,2004
NY,720,2.0948,277.629,12.41373,185,131,1071,9.37,57852.9,2.2912,0.2734,2004
NY,721,2.0561,278.209,13.16764,197,63,437,9.967,56953.9,2.148,0.2734,2004
NY,722,2.0484,278.79,11.1223,176,31,953,9.75,57420.1,2.255,0.2734,2004
NY,723,1.7578,279.372,9.14892,161,92,396,9.504,57218.6,2.2734,0.2734,2004
NY,724,1.8399,279.956,11.10149,152,60,541,9.914,55742.6,2.2576,0.2734,2004
NY,725,2.2481,280.54,13.06155,185,112,734,9.947,57197.2,2.2267,0.2734,2004
NY,726,2.3001,281.126,13.68445,174,146,785,8.914,58155.4,2.2316,0.2734,2004
NY,727,2.2292,281.714,15.04691,171,311,1426,9.025,57331.4,2.2565,0.2734,2004
NY,728,2.227,282.302,14.77552,216,95,690,9.296,58180.3,2.6438,0.2734,2004
NY,729,2.1466,282.892,14.19769,169,59,1036,9.165,58680.2,2.4632,0.2734,2004
NY,730,2.1088,283.483,13.42061,205,89,1325,8.933,57477.7,2.2975,0.2734,2004
NY,731,2.1018,284.075,13.07394,170,150,923,9.091,56225.8,2.4819,0.2734,2004
NY,732,2.8869,284.668,13.84138,197,208,1425,5.237,58394.8,2.3576,0.2734,2004
NY,733,2.8325,285.263,13.43443,153,42,591,4.436,59013.5,2.2501,0.2734,2004
NY,734,2.9341,285.859,13.6704,152,195,926,6.025,56568.7,2.3405,0.2734,2004
NY,735,2.9728,286.456,13.40309,140,114,589,5.614,57933.1,2.2268,0.2734,2004
NY,736,3.0395,287.054,14.45948,124,111,722,4.62,57803.0,2.1528,0.2734,2004
NY,737,3.0597,287.654,15.03652,166,82,275,4.379,57620.4,2.3142,0.2734,2004
NY,738,3.0618,288.254,15.36131,174,48,707,4.443,58248.0,2.2444,0.2734,2004
NY,739,3.0551,288.856,14.57295,162,101,653,5.98,59186.7,2.4895,0.2734,2004
NY,740,2.9505,289.46,14.33377,164,97,405,5.114,58143.1,2.4368,0.2734,2004
NY,741,2.9539,290.064,13.64326,197,105,516,4.58,58551.9,2.2886,0.2734,2004
NY,742,2.9005,290.67,13.77534,174,75,642,5.029,59426.8,2.3614,0.2734,2004
NY,743,2.866,291.277,13.26815,174,56,1290,5.112,60021.5,2.2815,0.2734,2004
NY,744,3.7887,291.886,13.05846,147,92,587,5.758,58775.9,2.2782,0.2734,2004
NY,745,3.8092,292.496,12.81686,152,215,416,5.11,58879.2,2.1959,0.2734,2004
NY,746,3.8389,293.106,13.27841,148,103,1014,4.874,59409.8,2.2745,0.2734,2004
NY,747,3.8806,293.719,13.50587,149,182,1356,5.69,59669.0,2.093,0.2734,2004
NY,748,4.5366,294.332,14.03853,129,138,1139,4.992,60678.9,2.1949,0.2734,2004
NY,749,4.8441,294.947,14.16375,156,110,1260,5.131,59540.5,2.2063,0.2734,2004
NY,750,3.958,295.563,14.64759,160,60,978,3.744,58125.4,2.2627,0.2734,2004
NY,751,3.9492,296.18,14.64385,135,155,505,4.519,59149.3,2.5446,0.2734,2004
NY,752,3.8768,296.799,13.90996,173,181,276,5.401,59968.1,2.441,0.2734,2004
NY,753,3.8079,297.419,13.7669,181,131,1612,4.151,59874.4,2.3506,0.2734,2004
NY,754,3.7776,298.04,13.214,158,240,607,4.591,60886.9,2.4669,0.2734,2004
NY,755,3.7725,298.663,12.98444,167,26,2327,4.986,60231.2,2.3388,0.2734,2004
NY,756,3.3787,299.287,12.65813,158,133,911,5.097,59918.3,2.2923,0.2734,2004
NY,757,3.3006,299.912,13.13516,152,89,932,4.944,59909.4,2.1896,0.2734,2004
NY,758,3.3814,300.538,13.11322,146,84,270,5.623,60758.7,2.0772,0.2734,2004
NY,759,3.3943,301.166,14.10552,138,51,381,5.239,61024.6,2.125,0.2734,2004
NY,760,3.438,301.795,14.08516,161,123,1541,6.133,60296.3,2.1816,0.2734,2004
NY,761,3.5062,302.425,14.55232,159,105,344,5.682,60185.1,2.2086,0.2734,2004
NY,762,3.5311,303.057,15.29253,177,175,484,4.642,62038.4,2.2719,0.2734,2004
NY,763,3.5909,303.69,15.03085,172,222,2017,4.702,61493.1,2.453,0.2734,2004
NY,764,3.5655,304.324,14.61146,179,127,486,4.362,60464.7,2.4695,0.2734,2004
NY,765,3.5716,304.96,14.19923,202,283,770,4.766,61172.4,2.5301,0.2734,2004
NY,766,3.5321,305.597,13.30014,189,172,230,4.9,60516.3,2.287,0.2734,2004
NY,767,3.4392,306.235,13.30347,149,119,1159,5.551,61383.7,2.3828,0.2734,2004
NY,768,3.0918,306.875,12.62745,187,83,1272,5.252,61214.9,2.1907,0.2734,2004
NY,769,3.0916,307.516,13.34738,155,154,236,5.185,62074.6,2.0876,0.2734,2004
NY,770,3.2041,308.158,13.4124,162,206,290,5.469,60455.1,2.2833,0.2734,2004
NY,771,3.2336,308.802,14.45028,163,136,184,5.493,61890.4,2.1675,0.2734,2004
NY,772,3.2678,309.447,15.05819,153,106,1293,5.537,62921.7,2.0957,0.2734,2004
NY,773,3.3063,310.093,15.16411,127,96,655,4.988,60688.4,2.3391,0.2734,2004
NY,774,3.3509,310.741,15.28727,154,218,2025,5.542,61528.2,2.2635,0.2734,2004
NY,775,3.3808,311.39,15.54793,157,67,598,4.578,61229.0,2.4223,0.2734,2004
NY,776,3.3443,312.041,15.24251,183,260,1256,3.945,62167.4,2.6917,0.2734,2004
NY,777,3.2751,312.692,14.3603,181,81,1297,4.68,61861.6,2.5897,0.2734,2004
NY,778,3.2533,313.345,14.28395,177,83,1484,4.852,62311.2,2.3766,0.2734,2004
NY,779,3.1906,314.0,13.4817,178,121,1694,4.861,61523.2,2.4018,0.2734,2004
NC,540,2.0514,190.7,0.88956,25,3,67,4.754,42072.1,2.2232,0.0249,2004
NC,541,1.9962,191.098,0.89091,12,2,62,4.886,41922.1,2.2456,0.0249,2004
NC,542,2.1074,191.497,0.94588,18,4,34,5.237,42257.9,2.194,0.0249,2004
NC,543,2.2408,191.897,0.99242,10,2,48,5.38,42493.5,2.111,0.0249,2004
NC,544,2.292,192.298,0.98763,6,9,33,4.477,41799.8,2.2419,0.0249,2004
NC,545,2.2847,192.7,1.04366,13,15,135,4.902,41670.6,2.2651,0.0249,2004
NC,546,2.2453,193.102,1.05258,13,1,59,5.516,42235.3,2.2996,0.0249,2004
NC,547,2.2379,193.506,1.01326,6,8,12,4.988,42144.6,2.3156,0.0249,2004
NC,548,2.1917,193.91,1.03206,16,4,50,3.963,42516.1,2.3775,0.0249,2004
NC,549,2.1676,194.315,0.94389,21,2,59,5.045,42845.3,2.4063,0.0249,2004
NC,550,2.0903,194.721,0.93647,9,6,76,4.055,43500.0,2.3997,0.0249,2004
NC,551,1.9854,195.128,0.94348,22,10,94,4.688,43588.8,2.4119,0.0249,2004
NC,552,2.2574,195.535,0.86821,16,3,171,5.238,42276.8,2.1806,0.0249,2004
NC,553,2.3064,195.944,0.90241,13,5,39,5.121,42303.9,2.3161,0.0249,2004
NC,554,2.3574,196.353,0.89624,13,7,40,4.808,43514.7,2.159,0.0249,2004
NC,555,2.419,196.763,0.98148,16,4,51,4.753,42577.9,2.2964,0.0249,2004
NC,556,2.5314,197.174,1.0149,12,5,55,4.666,43180.3,2.1678,0.0249,2004
NC,557,2.5976,197.586,1.00831,19,15,77,5.457,42317.7,2.2286,0.0249,2004
NC,558,2.5631,197.999,1.05695,15,12,34,5.252,42899.8,2.3943,0.0249,2004
NC,559,2.5427,198.412,1.02042,17,5,41,5.231,42934.5,2.3631,0.0249,2004
NC,560,2.46,198.827,0.98107,14,3,26,4.64,42731.5,2.3533,0.0249,2004
NC,561,2.4431,199.242,0.9557,20,10,53,4.077,44136.9,2.4737,0.0249,2004
NC,562,2.3847,199.658,0.95444,12,1,25,4.412,44387.7,2.3697,0.0249,2004
NC,563,2.3498,200.075,0.90609,16,9,100,5.278,43128.0,2.4556,0.0249,2004
NC,564,2.539,200.493,0.92561,21,7,36,4.045,43592.8,2.3151,0.0249,2004
NC,565,2.5308,200.912,0.92727,17,2,33,4.853,43759.8,2.172,0.0249,2004
NC,566,2.5119,201.331,0.92779,14,6,42,5.589,44315.0,2.2199,0.0249,2004
NC,567,2.5982,201.752,0.9374,16,7,29,5.134,43773.3,2.0461,0.0249,2004
NC,568,2.6153,202.173,0.98895,14,9,63,5.176,42828.3,2.2971,0.0249,2004
NC,569,2.7215,202.596,1.02972,8,21,26,5.314,44008.0,2.1502,0.0249,2004
NC,570,2.7423,203.019,1.0794,14,7,25,4.27,43960.9,2.2455,0.0249,2004
NC,571,2.7748,203.443,1.0406,16,9,2,4.881,44605.4,2.4159,0.0249,2004
NC,572,2.68,203.868,1.03281,19,9,85,4.365,44089.8,2.4451,0.0249,2004
NC,573,2.632,204.294,0.96272,9,3,75,4.382,44480.5,2.503,0.0249,2004
NC,574,2.5055,204.72,0.92306,20,5,13,5.674,43786.8,2.4338,0.0249,2004
NC,575,2.4792,205.148,0.91525,17,10,38,4.982,44874.6,2.3305,0.0249,2004
NC,576,2.8961,205.576,0.88761,18,13,24,7.619,43686.4,2.3728,0.0249,2004
NC,577,2.932,206.006,0.88501,14,3,22,8.299,42542.3,2.4721,0.0249,2004
NC,578,3.0227,206.436,0.91035,13,2,17,7.411,44125.4,2.3452,0.0249,2004
NC,579,3.0589,206.867,0.95661,13,6,75,7.736,43383.9,2.2909,0.0249,2004
NC,580,3.1599,207.299,0.9556,6,14,18,8.485,43956.4,2.2556,0.0249,2004
NC,581,3.901,207.732,0.93689,14,4,60,7.76,44233.5,2.3338,0.0249,2004
NC,582,3.8608,208.166,0.97116,15,5,36,7.723,43592.4,2.4044,0.0249,2004
NC,583,3.1647,208.601,0.94539,10,24,77,7.539,44598.7,2.6687,0.0249,2004
NC,584,3.1419,209.037,0.97496,11,11,35,7.806,44030.5,2.6527,0.0249,2004
NC,585,3.1313,209.474,0.93062,9,2,69,7.761,44065.2,2.6798,0.0249,2004
NC,586,2.0918,209.911,0.88517,17,6,26,7.363,45060.7,2.5649,0.0249,2004
NC,587,1.626,210.35,0.91371,27,10,24,7.945,44620.4,2.6102,0.0249,2004
NC,588,2.0861,210.789,0.95601,10,5,113,7.145,44843.2,2.574,0.0249,2004
NC,589,2.0636,211.229,0.92624,15,3,51,7.814,44579.1,2.4905,0.0249,2004
NC,590,2.1529,211.67,0.96269,17,2,44,8.8,43539.0,2.4237,0.0249,2004
NC,591,2.2423,212.113,0.99573,13,7,61,8.209,44319.0,2.4029,0.0249,2004
NC,592,2.2612,212.556,1.03378,14,5,23,7.566,44321.8,2.4522,0.0249,2004
NC,593,2.3258,213.0,1.0476,19,8,15,8.486,44345.9,2.3996,0.0249,2004
NC,594,2.3434,213.444,1.08999,18,12,39,7.406,44516.3,2.4889,0.0249,2004
NC,595,2.3203,213.89,1.05389,17,21,73,8.764,44279.4,2.6338,0.0249,2004
NC,596,2.3421,214.337,1.01595,11,3,130,8.285,45161.2,2.665,0.0249,2004
NC,597,2.258,214.785,0.99919,8,11,19,7.762,45336.4,2.6667,0.0249,2004
NC,598,2.1715,215.233,0.98359,21,2,83,7.008,44581.9,2.6108,0.0249,2004
NC,599,2.099,215.683,0.92458,19,11,42,7.825,44954.3,2.6349,0.0249,2004
NC,600,2.506,216.133,0.96404,16,13,149,7.618,44219.6,2.5274,0.0249,2004
NC,601,2.4899,216.585,0.96049,22,3,58,7.942,44746.3,2.3615,0.0249,2004
NC,602,2.5304,217.037,0.95389,16,4,31,7.701,44514.0,2.4425,0.0249,2004
NC,603,2.6222,217.491,1.0116,10,9,46,8.418,43729.3,2.3561,0.0249,2004
NC,604,2.7134,217.945,1.04838,12,6,16,7.692,44661.8,2.3888,0.0249,2004
NC,605,2.7648,218.4,1.07545,17,9,61,7.783,46052.7,2.4339,0.0249,2004
NC,606,2.7267,218.856,1.07707,9,41,85,7.712,45970.0,2.3729,0.0249,2004
NC,607,2.7073,219.313,1.07666,12,5,18,7.512,45685.4,2.5982,0.0249,2004
NC,608,2.6946,219.772,1.0365,17,21,114,7.31,45692.6,2.6677,0.0249,2004
NC,609,2.6092,220.231,0.96421,17,4,23,8.424,45372.8,2.6602,0.0249,2004
NC,610,2.5903,220.691,0.95361,20,6,69,7.939,44551.7,2.631,0.0249,2004
NC,611,2.6245,221.152,0.95526,15,16,54,7.737,45405.6,2.4902,0.0249,2004
NC,612,3.3237,221.614,0.98951,16,3,64,4.796,47594.9,2.251,0.0249,2004
NC,613,3.3143,222.076,0.92294,12,14,141,5.58,47502.5,2.3025,0.0249,2004
NC,614,3.3228,222.54,1.00184,7,10,38,5.115,47534.6,2.1891,0.0249,2004
NC,615,3.3377,223.005,1.01221,13,3,52,5.557,47707.2,2.173,0.0249,2004
NC,616,3.3586,223.471,1.06702,9,1,25,5.473,46775.1,2.0688,0.0249,2004
NC,617,3.3704,223.938,1.05721,9,5,51,4.844,48554.3,2.24,0.0249,2004
NC,618,3.3885,224.405,1.02888,20,5,82,5.022,47530.0,2.3337,0.0249,2004
NC,619,3.3744,224.874,1.03653,10,3,60,4.892,48847.2,2.3977,0.0249,2004
NC,620,3.2981,225.344,1.06133,20,21,111,4.449,48237.7,2.4374,0.0249,2004
NC,621,3.2859,225.815,1.00511,24,17,36,5.352,48855.3,2.5011,0.0249,2004
NC,622,3.2268,226.286,0.98506,15,8,30,4.654,48358.4,2.3868,0.0249,2004
NC,623,3.2053,226.759,0.96026,10,6,112,4.752,47839.8,2.3836,0.0249,2004
NC,624,3.2538,227.233,0.91847,16,4,24,4.849,47833.3,2.2548,0.0249,2004
NC,625,3.3958,227.707,0.99722,8,7,58,5.556,48790.7,2.1993,0.0249,2004
NC,626,3.4398,228.183,0.98056,11,1,32,5.231,48454.9,2.1314,0.0249,2004
NC,627,3.453,228.659,0.99022,18,14,74,5.051,48276.1,2.2806,0.0249,2004
NC,628,3.5184,229.137,1.07517,11,10,90,5.248,48565.5,2.0359,0.0249,2004
NC,629,3.5699,229.616,1.11707,14,13,7,5.284,48900.0,2.1711,0.0249,2004
NC,630,3.5992,230.095,1.07548,15,6,35,5.021,48015.8,2.278,0.0249,2004
NC,631,3.5866,230.576,1.04231,7,7,23,5.193,49760.6,2.4685,0.0249,2004
NC,632,3.3946,231.057,1.04695,20,10,3,4.874,49371.7,2.5499,0.0249,2004
NC,633,3.3677,231.54,0.99856,12,3,111,5.16,49793.6,2.4616,0.0249,2004
NC,634,3.3039,232.024,0.97436,22,9,71,5.081,49026.4,2.4885,0.0249,2004
NC,635,3.2993,232.508,0.99911,10,13,33,4.473,49098.0,2.436,0.0249,2004
NC,636,3.271,232.994,0.97531,12,6,45,5.102,48912.4,2.2494,0.0249,2004
NC,637,3.2799,233.481,1.00933,12,8,76,4.863,49561.2,2.2437,0.0249,2004
NC,638,3.2993,233.968,0.98412,11,19,4,5.222,48436.1,2.0149,0.0249,2004
NC,639,3.4436,234.457,1.06198,10,3,75,5.501,50678.8,2.1744,0.0249,2004
NC,640,3.5514,234.947,1.07659,14,8,13,4.824,50648.8,2.1991,0.0249,2004
NC,641,3.4977,235.438,1.07979,9,8,51,5.948,49507.4,2.1536,0.0249,2004
NC,642,3.5289,235.929,1.09734,14,3,65,4.867,50076.8,2.3935,0.0249,2004
NC,643,3.4548,236.422,1.10993,18,24,121,5.077,48874.7,2.3428,0.0249,2004
NC,644,3.3201,236.916,1.09554,13,9,51,4.623,50604.9,2.4356,0.0249,2004
NC,645,3.2133,237.411,1.023,24,19,130,4.261,50046.2,2.4992,0.0249,2004
NC,646,3.1976,237.907,1.00896,20,7,46,4.513,49724.2,2.3156,0.0249,2004
NC,647,3.131,238.404,1.0069,16,6,76,4.93,50399.8,2.3706,0.0249,2004
NC,648,2.9466,238.902,1.02542,16,15,61,5.063,49995.4,2.2084,0.0249,2004
NC,649,3.0135,239.401,1.0005,20,5,67,5.332,51166.1,2.2301,0.0249,2004
NC,650,3.0766,239.901,1.04661,13,7,59,5.324,50434.1,2.2326,0.0249,2004
NC,651,3.1427,240.402,1.04371,13,3,81,5.066,49060.4,2.1781,0.0249,2004
NC,652,3.177,240.904,1.07833,12,7,34,4.734,50856.0,2.3154,0.0249,2004
NC,653,3.5827,241.407,1.12968,11,7,75,4.767,51384.5,2.1906,0.0249,2004
NC,654,3.3207,241.911,1.13454,16,14,54,4.573,51257.5,2.1834,0.0249,2004
NC,655,3.3142,242.417,1.14191,18,17,48,4.661,51660.3,2.3232,0.0249,2004
NC,656,3.2168,242.923,1.08903,10,25,143,5.687,52565.8,2.4567,0.0249,2004
NC,657,3.178,243.43,1.06715,23,21,159,4.826,50335.1,2.4372,0.0249,2004
NC,658,3.063,243.939,1.03339,19,9,69,4.515,51537.1,2.4368,0.0249,2004
NC,659,3.0559,244.448,1.06455,17,11,92,4.858,52291.9,2.418,0.0249,2004
NC,660,2.0472,244.959,1.04258,25,6,77,5.282,51248.5,2.2694,0.0249,2004
NC,661,2.2305,245.471,1.05415,18,10,46,5.373,51799.9,2.2428,0.0249,2004
NC,662,2.2436,245.983,1.08546,19,12,147,5.724,50883.1,2.0932,0.0249,2004
NC,663,2.2909,246.497,1.15396,10,6,90,4.925,51388.3,2.1271,0.0249,2004
NC,664,2.3723,247.012,1.17959,15,5,172,5.534,50854.9,2.1811,0.0249,2004
NC,665,2.3648,247.528,1.23964,10,6,28,4.942,52239.7,2.1532,0.0249,2004
NC,666,2.3853,248.045,1.23439,11,3,62,4.969,51340.6,2.2443,0.0249,2004
NC,667,2.484,248.563,1.20973,16,5,46,4.67,51629.7,2.3121,0.0249,2004
NC,668,2.4604,249.082,1.21597,18,10,122,4.692,52808.8,2.4439,0.0249,2004
NC,669,2.4278,249.603,1.2088,21,38,41,4.62,52539.6,2.4508,0.0249,2004
NC,670,2.3041,250.124,1.14128,18,19,50,5.306,52759.2,2.5361,0.0249,2004
NC,671,2.2082,250.646,1.04245,13,12,302,5.398,52130.9,2.4482,0.0249,2004
NC,672,1.9676,251.17,1.09937,26,3,128,5.372,52588.1,2.4054,0.0249,2004
NC,673,1.949,251.694,1.11366,15,8,58,5.043,52464.7,2.1092,0.0249,2004
NC,674,1.9551,252.22,1.12779,20,3,34,5.172,53967.2,2.1896,0.0249,2004
NC,675,1.9908,252.747,1.17806,16,5,74,5.645,52620.3,2.0715,0.0249,2004
NC,676,2.0662,253.275,1.25284,11,3,52,5.564,53558.2,2.0665,0.0249,2004
NC,677,2.0843,253.804,1.31053,12,8,194,4.418,53012.7,2.2244,0.0249,2004
NC,678,2.1612,254.334,1.2874,11,14,40,5.053,54131.3,2.2743,0.0249,2004
NC,679,2.1075,254.865,1.27994,20,3,42,4.665,52492.6,2.4466,0.0249,2004
NC,680,2.0803,255.398,1.24185,20,15,95,5.535,52597.8,2.4155,0.0249,2004
NC,681,2.0268,255.931,1.19273,18,8,176,5.138,52372.4,2.5736,0.0249,2004
NC,682,1.9976,256.466,1.20786,12,3,89,4.08,53882.6,2.6427,0.0249,2004
NC,683,1.9441,257.001,1.16114,25,14,58,4.628,53350.7,2.3344,0.0249,2004
NC,684,2.1629,257.538,1.15741,13,11,36,4.248,54230.9,2.2951,0.0249,2004
NC,685,2.197,258.076,1.13678,12,2,48,5.415,53588.4,2.309,0.0249,2004
NC,686,2.2587,258.615,1.15497,16,4,58,5.894,52733.6,2.2194,0.0249,2004
NC,687,2.328,259.155,1.19123,11,13,35,4.976,53155.5,2.0074,0.0249,2004
NC,688,2.3382,259.697,1.24583,14,1,9,5.17,55034.1,2.2186,0.0249,2004
NC,689,2.4121,260.239,1.25578,12,4,53,3.948,54049.0,2.2583,0.0249,2004
NC,690,2.3385,260.783,1.29171,15,9,83,4.695,53966.8,2.3536,0.0249,2004
NC,691,2.3351,261.327,1.31167,20,8,63,5.176,54379.7,2.4546,0.0249,2004
NC,692,2.2804,261.873,1.22143,16,2,66,4.567,54334.6,2.4074,0.0249,2004
NC,693,2.2931,262.42,1.23243,15,8,152,3.812,52839.3,2.5314,0.0249,2004
NC,694,2.2236,262.968,1.21743,14,8,188,4.599,54781.0,2.4111,0.0249,2004
NC,695,2.1285,263.518,1.17002,18,4,64,5.006,54109.4,2.4035,0.0249,2004
NC,696,2.3749,264.068,1.14016,20,9,44,5.209,54366.3,2.2197,0.0249,2004
NC,697,2.3635,264.62,1.16622,9,29,59,5.081,55075.6,2.0657,0.0249,2004
NC,698,2.4451,265.172,1.13987,20,4,39,5.465,54184.3,2.2567,0.0249,2004
NC,699,2.5847,265.726,1.21427,19,24,33,5.037,54294.4,2.1409,0.0249,2004
NC,700,2.619,266.281,1.24403,17,11,47,5.25,54772.6,2.2094,0.0249,2004
NC,701,2.6554,266.838,1.27333,9,14,3,4.669,54655.6,2.1394,0.0249,2004
NC,702,2.6595,267.395,1.31263,15,3,57,5.057,55195.6,2.2893,0.0249,2004
NC,703,2.6605,267.953,1.28575,20,7,123,4.639,55517.2,2.494,0.0249,2004
NC,704,2.6599,268.513,1.27902,26,14,95,5.202,55008.3,2.3785,0.0249,2004
NC,705,2.5815,269.074,1.19965,18,3,118,5.256,55794.7,2.4439,0.0249,2004
NC,706,2.5832,269.636,1.17729,10,23,53,4.591,55089.1,2.354,0.0249,2004
NC,707,2.5464,270.199,1.13828,15,14,124,5.005,55453.9,2.3206,0.0249,2004
NC,708,2.3337,270.764,1.18091,13,13,77,4.917,55983.8,2.3601,0.0249,2004
NC,709,2.3727,271.329,1.20372,17,5,58,4.981,55206.8,2.1932,0.0249,2004
NC,710,2.3142,271.896,1.19676,9,5,94,5.255,54999.1,2.0753,0.0249,2004
NC,711,2.4231,272.464,1.2132,14,6,54,5.212,55060.5,2.0934,0.0249,2004
NC,712,2.5304,273.033,1.24566,16,5,115,5.563,57766.1,2.3035,0.0249,2004
NC,713,2.5296,273.603,1.38378,13,20,106,4.702,56544.3,2.3259,0.0249,2004
NC,714,2.5113,274.175,1.31427,9,12,212,5.231,55703.8,2.2061,0.0249,2004
NC,715,2.4818,274.747,1.35616,10,6,202,4.76,56704.7,2.2552,0.0249,2004
NC,716,2.5181,275.321,1.25987,25,23,73,4.825,57494.5,2.3288,0.0249,2004
NC,717,2.4783,275.896,1.23646,18,21,44,3.953,56240.5,2.6488,0.0249,2004
NC,718,2.3394,276.473,1.19345,12,10,45,5.425,56295.3,2.2874,0.0249,2004
NC,719,2.3173,277.05,1.20182,21,17,66,4.708,57075.5,2.4355,0.0249,2004
NC,720,1.9238,277.629,1.14401,7,9,64,10.028,55918.8,2.3067,0.0249,2004
NC,721,1.9549,278.209,1.19739,23,17,133,9.043,57236.0,2.2777,0.0249,2004
NC,722,2.0293,278.79,0.98246,20,6,24,9.567,56261.8,2.1234,0.0249,2004
NC,723,1.7193,279.372,0.8559,12,6,14,9.726,56352.1,2.1073,0.0249,2004
NC,724,1.7957,279.956,1.00033,11,9,9,9.57,58699.0,2.1606,0.0249,2004
NC,725,2.1616,280.54,1.14224,17,6,127,10.293,56667.2,2.2736,0.0249,2004
NC,726,2.0955,281.126,1.2513,14,13,89,9.499,56468.1,2.4304,0.0249,2004
NC,727,2.1143,281.714,1.32936,21,4,68,9.253,56878.2,2.382,0.0249,2004
NC,728,2.0756,282.302,1.3605,18,10,24,9.243,58565.0,2.378,0.0249,2004
NC,729,2.0241,282.892,1.26574,19,6,20,8.447,57577.0,2.4135,0.0249,2004
NC,730,1.9235,283.483,1.20465,28,11,116,8.634,57857.1,2.4722,0.0249,2004
NC,731,1.8649,284.075,1.16819,24,10,250,9.348,56956.2,2.2647,0.0249,2004
NC,732,2.6038,284.668,1.25301,12,12,40,4.779,57609.2,2.1645,0.0249,2004
NC,733,2.6494,285.263,1.1636,10,12,63,5.188,58303.4,2.1462,0.0249,2004
NC,734,2.7553,285.859,1.25047,18,20,77,4.937,58992.4,2.0705,0.0249,2004
NC,735,2.85,286.456,1.25859,10,17,69,5.86,58296.0,2.3406,0.0249,2004
NC,736,2.8703,287.054,1.29241,15,7,42,5.888,57918.9,2.1476,0.0249,2004
NC,737,2.9267,287.654,1.34797,10,16,45,5.309,59643.9,2.2115,0.0249,2004
NC,738,2.9934,288.254,1.31965,9,11,61,5.329,57840.8,2.3069,0.0249,2004
NC,739,2.9406,288.856,1.35118,20,24,90,4.777,58983.1,2.5349,0.0249,2004
NC,740,2.8672,289.46,1.31904,8,22,136,5.055,56369.5,2.4268,0.0249,2004
NC,741,2.8159,290.064,1.23036,11,11,145,5.219,59156.0,2.458,0.0249,2004
NC,742,2.8229,290.67,1.17096,14,20,40,4.845,57830.9,2.3242,0.0249,2004
NC,743,2.8226,291.277,1.15662,17,20,78,5.22,59017.0,2.3351,0.0249,2004
NC,744,3.7145,291.886,1.17264,14,9,51,5.198,58715.2,2.2493,0.0249,2004
NC,745,3.6473,292.496,1.16878,15,3,78,5.023,60140.8,2.1173,0.0249,2004
NC,746,3.6591,293.106,1.1738,16,10,77,5.241,59965.6,2.0911,0.0249,2004
NC,747,3.6452,293.719,1.21168,11,10,69,5.053,59154.5,2.0992,0.0249,2004
NC,748,4.3155,294.332,1.24331,7,9,105,4.849,58390.2,2.046,0.0249,2004
NC,749,4.7343,294.947,1.30659,9,15,48,5.707,60487.4,2.1886,0.0249,2004
NC,750,3.8092,295.563,1.24608,19,22,110,5.345,61274.2,2.3026,0.0249,2004
NC,751,3.769,296.18,1.28105,14,21,112,4.572,58771.8,2.2894,0.0249,2004
NC,752,3.7552,296.799,1.26286,26,17,72,4.309,59778.0,2.4191,0.0249,2004
NC,753,3.7709,297.419,1.18695,11,22,73,5.227,59858.2,2.3544,0.0249,2004
NC,754,3.6982,298.04,1.15058,13,10,72,4.916,60265.2,2.4287,0.0249,2004
NC,755,3.669,298.663,1.13709,15,13,77,5.143,59866.7,2.37,0.0249,2004
NC,756,3.2043,299.287,1.16891,13,4,43,4.819,60343.9,2.3557,0.0249,2004
NC,757,3.2248,299.912,1.14256,14,4,30,4.655,60272.6,2.2468,0.0249,2004
NC,758,3.3036,300.538,1.17781,9,10,74,4.98,59791.4,2.1557,0.0249,2004
NC,759,3.3585,301.166,1.238,18,6,24,5.65,59236.9,2.2695,0.0249,2004
NC,760,3.4087,301.795,1.32807,9,17,114,4.125,61732.1,2.2015,0.0249,2004
NC,761,3.4953,302.425,1.28678,13,15,28,5.429,61400.0,2.2181,0.0249,2004
NC,762,3.3685,303.057,1.32348,12,13,164,5.345,61163.1,2.3308,0.0249,2004
NC,763,3.401,303.69,1.39588,13,18,43,5.023,61138.7,2.3524,0.0249,2004
NC,764,3.3764,304.324,1.28954,18,5,64,5.018,60362.3,2.4308,0.0249,2004
NC,765,3.2771,304.96,1.23826,14,6,91,4.431,62388.2,2.4054,0.0249,2004
NC,766,3.2892,305.597,1.24433,14,8,112,5.528,61359.3,2.6053,0.0249,2004
NC,767,3.2064,306.235,1.21203,13,24,50,4.942,61780.7,2.4341,0.0249,2004
NC,768,2.9605,306.875,1.23751,17,9,54,4.849,60847.1,2.2821,0.0249,2004
NC,769,2.9906,307.516,1.24322,13,21,132,5.412,62005.2,2.2405,0.0249,2004
NC,770,3.0061,308.158,1.25583,13,11,45,5.167,63221.3,2.1078,0.0249,2004
NC,771,3.0235,308.802,1.34927,11,5,25,5.245,61630.2,2.1838,0.0249,2004
NC,772,3.1217,309.447,1.33836,15,18,22,5.828,61162.2,2.0881,0.0249,2004
NC,773,3.152,310.093,1.38872,22,11,120,4.979,62337.5,2.3239,0.0249,2004
NC,774,3.1622,310.741,1.39046,17,22,90,4.774,62393.6,2.2622,0.0249,2004
NC,775,3.2088,311.39,1.37326,20,11,67,4.494,61798.1,2.4312,0.0249,2004
NC,776,3.11,312.041,1.31252,10,11,100,4.057,61925.4,2.5593,0.0249,2004
NC,777,3.003,312.692,1.26441,20,20,40,4.234,61529.2,2.5362,0.0249,2004
NC,778,2.9969,313.345,1.30308,17,3,83,4.945,63369.7,2.3806,0.0249,2004
NC,779,3.006,314.0,1.24767,16,3,23,4.545,62893.4,2.4313,0.0249,2004
ND,540,2.0943,190.7,4.7976,53,40,196,5.068,41413.1,2.2732,0.4279,2006
ND,541,2.1335,191.098,4.82906,80,29,59,5.044,42818.6,2.1682,0.4279,2006
ND,542,2.1974,191.497,5.00381,74,28,400,5.273,41927.8,2.281,0.4279,2006
ND,543,2.1733,191.897,5.22187,64,18,279,5.121,41914.7,2.1563,0.4279,2006
ND,544,2.2386,192.298,5.40268,78,49,324,5.178,42841.9,2.2277,0.4279,2006
ND,545,2.3244,192.7,5.3011,73,60,213,5.332,41980.5,2.1713,0.4279,2006
ND,546,2.3093,193.102,5.45614,76,41,329,4.868,42273.7,2.3205,0.4279,2006
ND,547,2.2949,193.506,5.521,79,71,201,5.145,43035.8,2.4379,0.4279,2006
ND,548,2.2518,193.91,5.36621,82,114,230,4.947,42301.5,2.4793,0.4279,2006
ND,549,2.2339,194.315,5.31856,83,35,21,4.997,41707.8,2.3965,0.4279,2006
ND,550,2.1654,194.721,5.06892,90,28,404,5.463,42164.3,2.5586,0.4279,2006
ND,551,2.1319,195.128,4.89217,67,59,147,5.119,42860.9,2.3986,0.4279,2006
ND,552,2.4813,195.535,4.83911,79,23,120,5.166,43018.7,2.1427,0.4279,2006
ND,553,2.4564,195.944,4.72405,62,37,198,4.923,43601.3,2.2859,0.4279,2006
ND,554,2.4564,196.353,4.90435,64,26,470,4.834,42237.6,2.2019,0.4279,2006
ND,555,2.5253,196.763,5.17414,84,52,226,5.106,43522.0,1.9856,0.4279,2006
ND,556,2.5597,197.174,5.39702,75,23,315,4.56,43431.2,2.2384,0.4279,2006
ND,557,2.5086,197.586,5.18995,88,63,78,5.216,42566.0,2.1613,0.4279,2006
ND,558,2.5444,197.999,5.50464,69,46,326,5.051,43865.6,2.3883,0.4279,2006
ND,559,2.6203,198.412,5.41535,93,65,149,4.659,43589.3,2.4097,0.4279,2006
ND,560,2.5608,198.827,5.42265,102,31,593,4.297,42676.4,2.3785,0.4279,2006
ND,561,2.5278,199.242,4.98717,89,56,128,4.402,42703.8,2.3792,0.4279,2006
ND,562,2.4684,199.658,5.18918,82,29,317,4.99,44175.6,2.3842,0.4279,2006
ND,563,2.3913,200.075,4.76225,83,28,168,4.844,42342.2,2.5086,0.4279,2006
ND,564,2.5766,200.493,4.91761,67,58,450,5.046,43912.3,2.3762,0.4279,2006
ND,565,2.6081,200.912,4.91847,75,58,196,4.931,42394.7,2.0805,0.4279,2006
ND,566,2.6273,201.331,4.75877,78,50,101,4.595,44462.8,2.2689,0.4279,2006
ND,567,2.6416,201.752,5.16535,80,30,144,5.486,44771.0,2.1664,0.4279,2006
ND,568,2.7191,202.173,5.34618,65,25,228,5.11,44111.6,2.2002,0.4279,2006
ND,569,2.7593,202.596,5.55372,77,3,515,5.035,44518.7,2.3952,0.4279,2006
ND,570,2.7799,203.019,5.50695,77,6,225,5.274,43948.3,2.2286,0.4279,2006
ND,571,2.7583,203.443,5.50799,91,31,215,5.53,45196.7,2.1692,0.4279,2006
ND,572,2.7648,203.868,5.31013,98,15,626,4.806,44290.3,2.3712,0.4279,2006
ND,573,2.7419,204.294,5.17363,104,13,613,4.681,44402.4,2.3918,0.4279,2006
ND,574,2.6567,204.72,5.16873,84,15,478,4.129,44997.3,2.4828,0.4279,2006
ND,575,2.6084,205.148,4.75782,67,57,326,4.752,44415.4,2.362,0.4279,2006
ND,576,3.0544,205.576,4.69545,87,37,311,7.579,43287.6,2.4466,0.4279,2006
ND,577,3.128,206.006,4.51489,76,66,320,8.451,43228.6,2.4144,0.4279,2006
ND,578,3.0237,206.436,4.66883,71,33,89,8.515,43337.1,2.5415,0.4279,2006
ND,579,3.1159,206.867,4.98102,70,112,82,8.263,44024.0,2.396,0.4279,2006
ND,580,3.1767,207.299,5.44823,61,46,485,7.518,44385.9,2.3973,0.4279,2006
ND,581,3.839,207.732,5.0238,61,30,241,7.648,43792.8,2.4568,0.4279,2006
ND,582,3.9457,208.166,4.93849,79,67,192,8.182,43694.0,2.5634,0.4279,2006
ND,583,3.1966,208.601,4.93149,82,37,184,7.91,43897.7,2.5359,0.4279,2006
ND,584,3.1432,209.037,5.10795,86,97,470,8.039,44114.5,2.6554,0.4279,2006
ND,585,3.1134,209.474,4.85249,85,36,1058,7.576,43732.0,2.5558,0.4279,2006
ND,586,2.0614,209.911,4.79972,86,22,783,8.014,44189.5,2.5765,0.4279,2006
ND,587,1.6312,210.35,4.83783,78,29,137,8.072,43738.7,2.4608,0.4279,2006
ND,588,2.125,210.789,4.97375,74,26,137,7.602,43998.6,2.3538,0.4279,2006
ND,589,2.1637,211.229,4.86564,74,31,109,7.727,43767.1,2.4377,0.4279,2006
ND,590,2.1887,211.67,5.29417,87,83,321,7.971,44384.5,2.3588,0.4279,2006
ND,591,2.1958,212.113,5.2284,80,71,284,7.62,44102.1,2.3787,0.4279,2006
ND,592,2.227,212.556,5.57561,50,19,129,7.547,44458.4,2.4577,0.4279,2006
ND,593,2.3521,213.0,5.62396,72,37,274,8.297,44498.6,2.382,0.4279,2006
ND,594,2.3423,213.444,5.51174,86,22,333,7.291,44937.7,2.5915,0.4279,2006
ND,595,2.2948,213.89,5.65878,90,25,508,7.372,44979.0,2.5391,0.4279,2006
ND,596,2.2313,214.337,5.49944,98,42,314,7.045,44599.6,2.6567,0.4279,2006
ND,597,2.2279,214.785,5.40833,79,23,133,7.791,44321.9,2.5867,0.4279,2006
ND,598,2.1784,215.233,5.18347,84,25,677,7.762,44848.9,2.5894,0.4279,2006
ND,599,2.0957,215.683,5.11821,82,50,387,8.289,45474.9,2.5474,0.4279,2006
ND,600,2.4999,216.133,5.07835,89,79,156,7.372,45004.1,2.5798,0.4279,2006
ND,601,2.5868,216.585,5.02629,77,46,95,7.305,45912.1,2.4846,0.4279,2006
ND,602,2.6392,217.037,4.97127,85,22,579,7.862,45223.2,2.2826,0.4279,2006
ND,603,2.677,217.491,5.25128,71,33,109,8.709,44991.8,2.4269,0.4279,2006
ND,604,2.7353,217.945,5.31691,78,37,536,8.821,46067.5,2.284,0.4279,2006
ND,605,2.8489,218.4,5.65192,78,50,153,7.692,45358.7,2.3175,0.4279,2006
ND,606,2.8854,218.856,5.58747,84,66,339,7.773,45478.1,2.5613,0.4279,2006
ND,607,2.8631,219.313,5.6123,75,42,282,7.85,45542.3,2.5402,0.4279,2006
ND,608,2.7943,219.772,5.53838,89,40,312,7.583,46041.0,2.544,0.4279,2006
ND,609,2.6931,220.231,5.33136,104,84,378,7.277,45811.8,2.5738,0.4279,2006
ND,610,2.6392,220.691,5.13609,69,11,38,7.119,45765.2,2.6786,0.4279,2006
ND,611,2.5943,221.152,5.05306,78,76,203,7.812,45927.0,2.5616,0.4279,2006
ND,612,3.3175,221.614,5.09974,73,48,281,5.007,47203.9,2.2542,0.4279,2006
ND,613,3.3495,222.076,5.05317,71,19,191,5.16,47183.9,2.0187,0.4279,2006
ND,614,3.4185,222.54,5.17339,69,30,418,5.445,46799.5,2.1742,0.4279,2006
ND,615,3.4486,223.005,5.01001,76,67,207,5.73,46909.4,2.1441,0.4279,2006
ND,616,3.4183,223.471,5.40258,69,39,93,5.783,47337.1,2.2411,0.4279,2006
ND,617,3.5054,223.938,5.50836,71,52,256,5.745,45859.6,2.2295,0.4279,2006
ND,618,3.5785,224.405,5.41055,75,42,83,4.953,48006.7,2.1912,0.4279,2006
ND,619,3.4863,224.874,5.61077,60,92,370,4.99,48080.9,2.3819,0.4279,2006
ND,620,3.4076,225.344,5.33942,83,86,128,4.813,47848.5,2.268,0.4279,2006
ND,621,3.3705,225.815,5.34746,79,67,208,5.355,48786.4,2.4332,0.4279,2006
ND,622,3.3947,226.286,5.17491,75,23,284,4.015,48756.5,2.5027,0.4279,2006
ND,623,3.3518,226.759,5.11242,92,56,44,4.835,47981.9,2.3304,0.4279,2006
ND,624,3.4327,227.233,4.9832,71,24,370,4.903,49225.2,2.1996,0.4279,2006
ND,625,3.3794,227.707,5.13219,65,60,168,4.898,48634.2,2.3089,0.4279,2006
ND,626,3.4156,228.183,5.19362,62,32,84,5.264,48785.5,2.1723,0.4279,2006
ND,627,3.5058,228.659,5.22741,77,48,239,5.678,49593.3,2.0612,0.4279,2006
ND,628,3.5567,229.137,5.45845,66,87,343,4.808,48589.4,2.1818,0.4279,2006
ND,629,3.6344,229.616,5.78567,81,36,19,4.75,48069.7,2.2511,0.4279,2006
ND,630,3.6403,230.095,5.62317,66,25,431,5.34,49350.6,2.4173,0.4279,2006
ND,631,3.5569,230.576,5.74255,80,35,537,4.51,49247.3,2.3922,0.4279,2006
ND,632,3.5979,231.057,5.63146,91,41,346,4.912,49930.8,2.2515,0.4279,2006
ND,633,3.5029,231.54,5.49212,87,59,187,4.687,49665.1,2.4836,0.4279,2006
ND,634,3.3569,232.024,5.20274,93,52,373,5.065,49763.5,2.3494,0.4279,2006
ND,635,3.434,232.508,4.93397,59,53,390,5.573,47966.6,2.3631,0.4279,2006
ND,636,3.35,232.994,5.08501,87,61,304,4.689,48500.0,2.3444,0.4279,2006
ND,637,3.2879,233.481,5.38032,66,68,421,5.497,49534.7,2.1384,0.4279,2006
ND,638,3.3547,233.968,5.44738,66,30,323,5.222,49558.3,2.323,0.4279,2006
ND,639,3.4551,234.457,5.50903,65,73,130,5.606,49787.3,1.9996,0.4279,2006
ND,640,3.4763,234.947,5.72094,81,59,312,5.843,50168.0,2.2657,0.4279,2006
ND,641,3.4819,235.438,5.92978,62,48,230,5.145,49864.8,2.2428,0.4279,2006
ND,642,3.4365,235.929,5.95791,74,20,235,5.367,50368.3,2.4068,0.4279,2006
ND,643,3.3976,236.422,5.95969,92,167,777,4.444,50379.2,2.3438,0.4279,2006
ND,644,3.3249,236.916,5.9112,81,74,154,4.526,50041.8,2.4732,0.4279,2006
ND,645,3.4072,237.411,5.76706,72,47,550,4.708,51056.2,2.3354,0.4279,2006
ND,646,3.3662,237.907,5.35227,104,48,220,4.454,50604.9,2.4002,0.4279,2006
ND,647,3.3292,238.404,5.34034,69,59,426,5.086,50071.4,2.3382,0.4279,2006
ND,648,3.2026,238.902,5.298,66,84,526,5.516,51072.8,2.3978,0.4279,2006
ND,649,3.2763,239.401,5.48271,76,92,261,5.182,50600.8,2.2898,0.4279,2006
ND,650,3.1747,239.901,5.44326,64,35,47,5.052,50683.6,2.0874,0.4279,2006
ND,651,3.209,240.402,5.87565,48,13,49,4.964,50751.0,2.0052,0.4279,2006
ND,652,3.2651,240.904,6.08756,62,24,535,4.272,51801.7,2.1476,0.4279,2006
ND,653,3.5076,241.407,5.9782,62,68,419,5.339,50515.3,2.417,0.4279,2006
ND,654,3.3085,241.911,5.97294,70,34,325,4.946,50867.4,2.3619,0.4279,2006
ND,655,3.2971,242.417,6.13462,83,41,90,4.832,50904.2,2.5109,0.4279,2006
ND,656,3.2394,242.923,6.13477,93,39,717,4.082,51488.4,2.3522,0.4279,2006
ND,657,3.2062,243.43,5.64318,91,89,481,4.733,50250.5,2.5182,0.4279,2006
ND,658,3.2103,243.939,5.40779,69,28,84,5.032,51207.1,2.3698,0.4279,2006
ND,659,3.1104,244.448,5.29032,76,68,287,5.268,51823.2,2.2355,0.4279,2006
ND,660,1.9667,244.959,5.59008,82,37,111,4.725,50981.4,2.2642,0.4279,2006
ND,661,2.1063,245.471,5.79299,81,34,77,5.124,50839.3,2.3151,0.4279,2006
ND,662,2.1984,245.983,5.86054,82,19,321,5.602,51819.2,2.2085,0.4279,2006
ND,663,2.335,246.497,6.25042,71,41,433,5.102,51128.5,2.1888,0.4279,2006
ND,664,2.3891,247.012,6.15083,75,65,381,5.525,51646.3,2.2052,0.4279,2006
ND,665,2.4155,247.528,6.48357,75,47,164,5.176,51832.9,2.2719,0.4279,2006
ND,666,2.4772,248.045,6.66262,87,73,192,4.725,51622.7,2.3879,0.4279,2006
ND,667,2.4986,248.563,6.62499,66,44,175,5.503,51654.7,2.3605,0.4279,2006
ND,668,2.3903,249.082,6.36273,61,83,486,4.964,51625.7,2.3608,0.4279,2006
ND,669,2.4129,249.603,6.22281,94,79,408,5.539,52056.5,2.5465,0.4279,2006
ND,670,2.3318,250.124,6.17143,79,57,372,4.738,53559.9,2.4662,0.4279,2006
ND,671,2.3329,250.646,5.78315,83,87,121,5.352,50984.2,2.5838,0.4279,2006
ND,672,1.9613,251.17,5.86544,73,176,427,4.99,52671.1,2.2556,0.4279,2006
ND,673,1.9835,251.694,6.14436,82,84,107,5.188,52641.7,2.3034,0.4279,2006
ND,674,2.042,252.22,6.16576,63,39,242,5.289,52841.3,2.1367,0.4279,2006
ND,675,2.0838,252.747,6.30065,76,48,219,5.555,51971.9,2.1935,0.4279,2006
ND,676,2.1705,253.275,6.5888,77,25,331,4.981,51349.5,2.2165,0.4279,2006
ND,677,2.1991,253.804,6.83347,90,91,607,5.048,52800.9,2.2045,0.4279,2006
ND,678,2.1572,254.334,6.95423,90,80,410,5.176,52024.0,2.3238,0.4279,2006
ND,679,2.1933,254.865,7.04427,76,18,334,4.134,53481.3,2.3859,0.4279,2006
ND,680,2.135,255.398,6.71671,73,32,414,4.626,52312.1,2.4799,0.4279,2006
ND,681,2.1125,255.931,6.45194,91,63,507,4.894,53088.8,2.5995,0.4279,2006
ND,682,2.0407,256.466,6.31713,77,75,751,4.429,53839.6,2.4893,0.4279,2006
ND,683,1.9625,257.001,5.99753,75,54,208,4.562,53307.3,2.3379,0.4279,2006
ND,684,2.2111,257.538,6.0186,85,103,255,3.946,52406.0,2.3145,0.4279,2006
ND,685,2.2355,258.076,5.94755,74,50,706,5.012,52393.1,2.3609,0.4279,2006
ND,686,2.2313,258.615,6.232,72,30,194,4.893,54498.2,2.1266,0.4279,2006
ND,687,2.2669,259.155,6.16954,63,15,381,5.8,52470.7,2.1626,0.4279,2006
ND,688,2.3835,259.697,6.57532,119,15,247,5.992,54024.5,2.1405,0.4279,2006
ND,689,2.3895,260.239,6.49262,78,102,123,5.733,54179.6,2.2999,0.4279,2006
ND,690,2.3998,260.783,6.86715,66,48,343,4.733,54213.1,2.2588,0.4279,2006
ND,691,2.4578,261.327,6.86684,80,29,162,3.957,54520.4,2.3858,0.4279,2006
ND,692,2.4309,261.873,6.47518,83,71,492,4.29,54037.9,2.3874,0.4279,2006
ND,693,2.284,262.42,6.4921,75,35,518,5.401,54138.7,2.4907,0.4279,2006
ND,694,2.2733,262.968,6.13638,80,44,711,4.596,53722.0,2.4731,0.4279,2006
ND,695,2.2195,263.518,6.0932,101,97,709,4.805,55173.6,2.4029,0.4279,2006
ND,696,2.4509,264.068,6.0438,66,13,495,4.61,54049.8,2.2118,0.4279,2006
ND,697,2.4288,264.62,6.08826,72,29,268,4.991,54810.3,2.2662,0.4279,2006
ND,698,2.4944,265.172,6.26091,62,27,694,5.267,55323.0,2.0196,0.4279,2006
ND,699,2.588,265.726,6.6494,65,44,493,4.78,54855.7,2.1711,0.4279,2006
ND,700,2.6255,266.281,6.50393,76,44,304,5.719,55731.0,2.1377,0.4279,2006
ND,701,2.7075,266.838,6.87153,75,64,427,5.268,54080.4,2.2084,0.4279,2006
ND,702,2.7381,267.395,6.89648,78,23,441,5.403,56527.2,2.3036,0.4279,2006
ND,703,2.7092,267.953,6.82949,80,47,416,5.014,55322.0,2.5889,0.4279,2006
ND,704,2.7168,268.513,6.7405,94,59,229,4.214,55716.6,2.4396,0.4279,2006
ND,705,2.5711,269.074,6.43521,91,54,250,4.351,54814.7,2.3199,0.4279,2006
ND,706,2.5764,269.636,6.03391,87,52,549,4.929,54574.8,2.3913,0.4279,2006
ND,707,2.5318,270.199,6.13164,87,23,516,5.605,55873.2,2.4081,0.4279,2006
ND,708,2.4205,270.764,5.98078,68,35,367,4.893,55525.8,2.377,0.4279,2006
ND,709,2.4199,271.329,5.91189,82,32,341,4.96,55417.8,2.282,0.4279,2006
ND,710,2.4668,271.896,6.30774,76,30,179,5.909,55175.5,2.2481,0.4279,2006
ND,711,2.447,272.464,6.4289,74,57,320,5.414,56439.3,2.2086,0.4279,2006
ND,712,2.5155,273.033,6.61649,51,22,275,5.489,56397.2,2.1762,0.4279,2006
ND,713,2.5888,273.603,6.7573,73,96,304,5.278,55645.9,2.2385,0.4279,2006
ND,714,2.5983,274.175,7.02261,91,70,306,4.797,56246.6,2.2036,0.4279,2006
ND,715,2.5912,274.747,6.96878,84,30,358,5.361,55818.5,2.3214,0.4279,2006
ND,716,2.4908,275.321,6.77572,81,30,212,4.448,56298.8,2.2875,0.4279,2006
ND,717,2.4883,275.896,6.5578,90,59,707,4.865,56319.7,2.3845,0.4279,2006
ND,718,2.4383,276.473,6.40402,76,98,360,4.657,55951.0,2.5409,0.4279,2006
ND,719,2.3834,277.05,6.15247,91,69,538,5.321,55839.4,2.3972,0.4279,2006
ND,720,1.9665,277.629,6.00566,81,56,312,9.118,56217.6,2.3639,0.4279,2006
ND,721,1.965,278.209,6.00015,84,19,374,10.134,56707.8,2.1755,0.4279,2006
ND,722,1.9746,278.79,5.39541,65,58,228,9.601,56910.3,2.0733,0.4279,2006
ND,723,1.7457,279.372,4.46461,78,7,310,9.81,57297.4,2.0876,0.4279,2006
ND,724,1.7601,279.956,5.14799,106,42,426,10.135,58079.8,2.09,0.4279,2006
ND,725,2.1871,280.54,6.21613,78,41,538,8.753,57398.8,2.2506,0.4279,2006
ND,726,2.2609,281.126,6.43367,95,71,302,9.521,57184.8,2.3517,0.4279,2006
ND,727,2.1859,281.714,7.12073,94,57,443,9.592,56360.4,2.4551,0.4279,2006
ND,728,2.1455,282.302,7.01097,81,40,1015,9.479,57284.2,2.4008,0.4279,2006
ND,729,2.0879,282.892,6.9366,80,184,605,8.952,57788.2,2.4343,0.4279,2006
ND,730,2.028,283.483,6.44829,112,55,816,8.514,58063.5,2.3354,0.4279,2006
ND,731,1.9649,284.075,6.15347,105,50,29,9.154,57270.0,2.4509,0.4279,2006
ND,732,2.7696,284.668,6.59805,79,24,655,4.245,57418.4,2.3294,0.4279,2006
ND,733,2.8633,285.263,6.19334,71,74,230,5.23,59654.1,2.1073,0.4279,2006
ND,734,2.9096,285.859,6.51589,68,57,285,5.345,57147.7,2.1948,0.4279,2006
ND,735,2.9506,286.456,6.58976,56,34,292,5.1,56610.1,2.2237,0.4279,2006
ND,736,3.0247,287.054,7.10287,76,27,493,4.788,58079.6,2.2758,0.4279,2006
ND,737,3.0735,287.654,7.12773,78,58,616,5.854,57760.8,2.1527,0.4279,2006
ND,738,3.0392,288.254,6.99195,82,109,179,5.305,57477.7,2.3271,0.4279,2006
ND,739,2.9963,288.856,6.96788,85,160,147,4.603,58044.0,2.308,0.4279,2006
ND,740,2.9147,289.46,6.8767,87,78,588,5.307,58281.9,2.3961,0.4279,2006
ND,741,2.913,290.064,6.48213,90,37,566,4.403,59435.8,2.6981,0.4279,2006
ND,742,2.8228,290.67,6.32838,77,50,254,4.206,57369.7,2.3587,0.4279,2006
ND,743,2.8387,291.277,6.18679,78,44,248,4.684,59643.4,2.3274,0.4279,2006
ND,744,3.7924,291.886,6.24949,84,61,252,4.777,59784.4,2.2731,0.4279,2006
ND,745,3.7456,292.496,5.97807,58,39,263,5.247,59262.8,2.2275,0.4279,2006
ND,746,3.8493,293.106,6.22466,58,44,192,4.83,58534.1,2.2004,0.4279,2006
ND,747,3.8881,293.719,6.49107,81,41,530,4.875,59737.9,2.2422,0.4279,2006
ND,748,4.4276,294.332,6.28739,59,17,727,5.554,58650.7,2.2473,0.4279,2006
ND,749,4.9506,294.947,6.57748,66,99,309,5.522,60179.4,2.1714,0.4279,2006
ND,750,4.0161,295.563,6.76087,65,67,261,5.577,59274.0,2.3261,0.4279,2006
ND,751,3.8578,296.18,6.55524,85,57,160,5.435,59488.6,2.3622,0.4279,2006
ND,752,3.7797,296.799,6.54318,82,114,91,4.824,60627.1,2.4916,0.4279,2006
ND,753,3.8478,297.419,6.52301,66,99,151,5.111,59244.3,2.5215,0.4279,2006
ND,754,3.774,298.04,6.25533,64,69,403,5.088,59957.9,2.4478,0.4279,2006
ND,755,3.6594,298.663,6.02611,90,62,829,4.302,60164.4,2.3786,0.4279,2006
ND,756,3.1833,299.287,6.09093,78,71,527,5.29,60609.0,2.1294,0.4279,2006
ND,757,3.269,299.912,6.32743,67,51,1454,5.371,60949.2,2.36,0.4279,2006
ND,758,3.414,300.538,6.45766,86,44,372,5.069,60563.5,2.2664,0.4279,2006
ND,759,3.3461,301.166,6.56729,65,87,163,5.295,60673.9,2.287,0.4279,2006
ND,760,3.4748,301.795,6.9475,71,32,418,5.214,61198.6,2.2335,0.4279,2006
ND,761,3.5017,302.425,7.05881,74,67,113,4.878,59126.6,2.1514,0.4279,2006
ND,762,3.5495,303.057,7.12617,81,30,787,5.615,60485.0,2.2118,0.4279,2006
ND,763,3.4321,303.69,7.21411,98,21,180,4.611,60907.1,2.4152,0.4279,2006
ND,764,3.4611,304.324,7.13222,100,47,198,5.382,59929.5,2.3723,0.4279,2006
ND,765,3.4222,304.96,6.50202,82,98,564,5.288,61100.1,2.4919,0.4279,2006
ND,766,3.3302,305.597,6.39154,80,38,177,4.661,62369.2,2.4845,0.4279,2006
ND,767,3.2469,306.235,6.35324,85,36,310,5.261,60823.8,2.3526,0.4279,2006
ND,768,3.0042,306.875,6.43964,79,105,384,4.422,61551.5,2.351,0.4279,2006
ND,769,3.1058,307.516,6.42788,74,29,997,4.936,62055.5,2.2037,0.4279,2006
ND,770,3.1055,308.158,6.37402,62,68,228,6.158,62999.7,2.2457,0.4279,2006
ND,771,3.215,308.802,6.83946,55,97,366,5.947,61414.1,2.0809,0.4279,2006
ND,772,3.2813,309.447,7.18832,64,50,446,5.004,61605.8,2.2824,0.4279,2006
ND,773,3.363,310.093,7.23808,78,45,877,5.079,62093.8,2.2044,0.4279,2006
ND,774,3.3416,310.741,7.39021,77,63,1009,4.897,62942.8,2.2415,0.4279,2006
ND,775,3.3572,311.39,7.08685,62,49,170,5.222,61752.7,2.4125,0.4279,2006
ND,776,3.2066,312.041,7.01401,98,46,532,4.76,61662.9,2.4794,0.4279,2006
ND,777,3.1906,312.692,6.83929,95,57,1612,5.32,63539.2,2.4711,0.4279,2006
ND,778,3.1227,313.345,6.71443,92,33,388,4.681,62345.6,2.4665,0.4279,2006
ND,779,3.0953,314.0,6.59012,80,61,1320,4.815,62076.9,2.3596,0.4279,2006
OH,540,2.0429,190.7,3.78814,49,13,326,5.569,41613.3,2.3662,0.6704,2006
OH,541,2.0299,191.098,3.75172,61,36,157,5.736,41728.7,2.1247,0.6704,2006
OH,542,2.0879,191.497,3.89126,49,54,159,4.873,42407.9,2.1382,0.6704,2006
OH,543,2.1815,191.897,4.05331,63,20,145,5.412,43150.6,2.1566,0.6704,2006
OH,544,2.2549,192.298,4.23934,55,12,161,5.773,42849.6,2.2337,0.6704,2006
OH,545,2.2867,192.7,4.27802,71,38,276,5.819,42118.2,2.2612,0.6704,2006
OH,546,2.2545,193.102,4.53738,65,6,60,5.202,43270.5,2.1794,0.6704,2006
OH,547,2.3116,193.506,4.35745,76,59,396,4.21,42916.5,2.2557,0.6704,2006
OH,548,2.2004,193.91,4.29601,72,50,254,5.029,43308.3,2.5422,0.6704,2006
OH,549,2.1673,194.315,4.22853,73,29,420,4.37,43546.9,2.5658,0.6704,2006
OH,550,2.0938,194.721,3.97538,69,6,423,4.104,42578.9,2.5409,0.6704,2006
OH,551,2.0874,195.128,3.92412,65,16,199,4.993,42746.7,2.4285,0.6704,2006
OH,552,2.3871,195.535,3.71758,52,37,324,4.45,43263.6,2.2324,0.6704,2006
OH,553,2.3435,195.944,3.77998,66,57,66,5.461,42747.5,2.2074,0.6704,2006
OH,554,2.4406,196.353,3.80835,45,16,269,5.693,43162.9,2.1713,0.6704,2006
OH,555,2.4384,196.763,3.97488,49,14,54,5.159,42458.1,2.1484,0.6704,2006
OH,556,2.4767,197.174,4.12052,54,27,445,5.089,42872.7,2.1299,0.6704,2006
OH,557,2.553,197.586,4.47747,80,28,171,5.372,43393.6,2.142,0.6704,2006
OH,558,2.5178,197.999,4.36302,66,33,330,5.226,43075.3,2.2179,0.6704,2006
OH,559,2.5534,198.412,4.44167,60,61,197,4.572,42418.9,2.3256,0.6704,2006
OH,560,2.5048,198.827,4.16118,77,37,260,4.666,43130.9,2.4359,0.6704,2006
OH,561,2.4378,199.242,4.16034,86,45,449,5.603,42768.9,2.402,0.6704,2006
OH,562,2.3707,199.658,3.75196,70,31,535,4.171,43299.3,2.5004,0.6704,2006
OH,563,2.3614,200.075,3.874,50,16,110,4.862,42873.8,2.2203,0.6704,2006
OH,564,2.5202,200.493,3.98774,64,5,180,4.694,42828.0,2.3043,0.6704,2006
OH,565,2.5438,200.912,3.95202,78,41,56,4.517,44698.0,1.9629,0.6704,2006
OH,566,2.5265,201.331,4.02169,43,62,246,4.886,44042.3,2.3275,0.6704,2006
OH,567,2.678,201.752,4.15759,57,22,180,5.967,44302.9,2.0803,0.6704,2006
OH,568,2.7793,202.173,4.22429,62,27,246,4.726,43590.0,2.2095,0.6704,2006
OH,569,2.8175,202.596,4.52609,52,45,211,4.97,45303.1,2.2392,0.6704,2006
OH,570,2.7348,203.019,4.36656,62,32,416,5.039,44566.0,2.1612,0.6704,2006
OH,571,2.7823,203.443,4.45211,68,20,337,4.433,44364.6,2.477,0.6704,2006
OH,572,2.6971,203.868,4.19185,61,14,499,4.81,43892.8,2.4545,0.6704,2006
OH,573,2.6255,204.294,4.24365,76,45,333,4.92,44343.1,2.4182,0.6704,2006
OH,574,2.5503,204.72,3.93969,65,40,116,4.357,44730.1,2.4481,0.6704,2006
OH,575,2.464,205.148,3.90646,63,26,345,4.414,44148.7,2.4203,0.6704,2006
OH,576,2.884,205.576,3.6175,70,8,274,8.008,43425.2,2.4455,0.6704,2006
OH,577,2.9861,206.006,3.56529,58,16,439,8.198,43622.3,2.421,0.6704,2006
OH,578,2.9978,206.436,3.9359,47,4,376,7.891,43513.1,2.3926,0.6704,2006
OH,579,3.0197,206.867,4.02948,44,39,158,7.777,42908.5,2.3328,0.6704,2006
OH,580,3.0094,207.299,4.11769,41,72,150,7.324,43657.7,2.2716,0.6704,2006
OH,581,3.7406,207.732,4.26795,72,54,181,7.481,44229.8,2.5014,0.6704,2006
OH,582,3.9586,208.166,4.26195,62,31,336,7.607,43895.6,2.6083,0.6704,2006
OH,583,3.2117,208.601,4.01699,58,24,222,7.783,43719.7,2.5207,0.6704,2006
OH,584,3.1223,209.037,3.9497,67,46,311,6.92,44831.6,2.6413,0.6704,2006
OH,585,3.019,209.474,3.84094,67,49,288,7.461,43381.0,2.7003,0.6704,2006
OH,586,2.0089,209.911,3.82599,73,66,282,8.104,43642.8,2.5365,0.6704,2006
OH,587,1.5614,210.35,4.05319,77,13,203,7.787,44338.8,2.4512,0.6704,2006
OH,588,2.1122,210.789,3.9956,63,30,188,7.589,44377.2,2.5089,0.6704,2006
OH,589,2.1361,211.229,3.9481,86,31,102,8.303,44591.0,2.3331,0.6704,2006
OH,590,2.168,211.67,4.06575,75,44,60,7.735,44227.0,2.3291,0.6704,2006
OH,591,2.2514,212.113,4.22715,52,45,132,8.907,44719.8,2.3713,0.6704,2006
OH,592,2.3038,212.556,4.24273,51,75,122,8.571,44751.1,2.3761,0.6704,2006
OH,593,2.3383,213.0,4.37034,59,40,229,7.761,45049.4,2.5106,0.6704,2006
OH,594,2.3294,213.444,4.4888,79,51,227,8.636,44835.8,2.5478,0.6704,2006
OH,595,2.2737,213.89,4.6798,74,71,607,7.653,45063.6,2.6361,0.6704,2006
OH,596,2.2806,214.337,4.39917,78,37,326,7.748,44339.4,2.7421,0.6704,2006
OH,597,2.2583,214.785,4.22258,75,62,310,7.723,44384.4,2.6366,0.6704,2006
OH,598,2.1496,215.233,4.14745,90,54,387,7.876,44642.0,2.6324,0.6704,2006
OH,599,2.1592,215.683,4.06396,74,63,191,7.522,44761.0,2.5381,0.6704,2006
OH,600,2.5632,216.133,4.07484,73,47,85,8.053,45681.9,2.4928,0.6704,2006
OH,601,2.5437,216.585,3.99047,59,34,227,7.885,44984.0,2.2578,0.6704,2006
OH,602,2.5965,217.037,4.12243,58,63,86,7.685,45808.5,2.3967,0.6704,2006
OH,603,2.6753,217.491,4.33534,69,45,523,8.456,45464.0,2.2485,0.6704,2006
OH,604,2.6619,217.945,4.27606,50,43,195,8.003,45000.1,2.328,0.6704,2006
OH,605,2.7335,218.4,4.39773,67,59,472,8.098,45595.1,2.5094,0.6704,2006
OH,606,2.7017,218.856,4.59636,72,30,288,7.419,44928.8,2.4892,0.6704,2006
OH,607,2.706,219.313,4.57613,68,52,794,7.426,46052.2,2.6064,0.6704,2006
OH,608,2.6297,219.772,4.45661,66,31,895,7.355,46352.7,2.6675,0.6704,2006
OH,609,2.5257,220.231,4.25287,82,49,282,7.332,45739.2,2.6062,0.6704,2006
OH,610,2.48,220.691,4.28761,77,13,133,7.09,46038.2,2.7173,0.6704,2006
OH,611,2.4113,221.152,4.12896,63,50,249,7.542,45982.6,2.6007,0.6704,2006
OH,612,3.0679,221.614,4.003,66,17,746,4.897,46707.9,2.4116,0.6704,2006
OH,613,3.2613,222.076,4.06246,69,35,289,5.297,47515.7,2.2018,0.6704,2006
OH,614,3.2423,222.54,4.21426,64,13,282,5.505,48255.6,2.0533,0.6704,2006
OH,615,3.3055,223.005,4.39957,53,15,283,5.116,47447.9,2.1041,0.6704,2006
OH,616,3.3573,223.471,4.39761,49,52,223,4.896,47285.7,2.2369,0.6704,2006
OH,617,3.3766,223.938,4.37336,59,53,496,5.436,47144.0,2.3195,0.6704,2006
OH,618,3.4236,224.405,4.54977,60,20,370,5.042,48660.2,2.3546,0.6704,2006
OH,619,3.3428,224.874,4.45887,52,68,24,5.143,48099.3,2.2693,0.6704,2006
OH,620,3.3458,225.344,4.51191,63,43,243,4.802,47248.5,2.3839,0.6704,2006
OH,621,3.2136,225.815,4.23064,60,38,147,5.007,48413.2,2.3249,0.6704,2006
OH,622,3.2283,226.286,3.97383,53,13,423,4.93,48303.4,2.3411,0.6704,2006
OH,623,3.1888,226.759,4.03938,57,32,210,4.956,48134.1,2.3586,0.6704,2006
OH,624,3.3908,227.233,4.14181,64,32,99,4.692,48049.3,2.2502,0.6704,2006
OH,625,3.401,227.707,3.94142,51,18,36,5.699,48104.6,2.2509,0.6704,2006
OH,626,3.3306,228.183,4.14527,46,6,183,5.183,49137.7,2.0821,0.6704,2006
OH,627,3.4187,228.659,4.22843,50,60,604,4.75,48712.8,2.1973,0.6704,2006
OH,628,3.5631,229.137,4.4128,67,37,220,4.836,49187.0,2.0934,0.6704,2006
OH,629,3.5378,229.616,4.53641,58,43,73,5.413,49225.1,2.0667,0.6704,2006
OH,630,3.545,230.095,4.70246,59,45,275,4.714,48834.2,2.1979,0.6704,2006
OH,631,3.5262,230.576,4.66633,56,10,388,5.396,48181.8,2.4457,0.6704,2006
OH,632,3.4687,231.057,4.32775,66,11,600,4.588,49010.3,2.3742,0.6704,2006
OH,633,3.367,231.54,4.46783,65,46,198,3.865,48844.6,2.4211,0.6704,2006
OH,634,3.3231,232.024,4.19892,56,43,311,4.392,48554.1,2.2928,0.6704,2006
OH,635,3.324,232.508,4.11505,68,32,387,4.92,49848.0,2.1279,0.6704,2006
OH,636,3.2328,232.994,4.00788,77,25,305,4.753,49622.0,2.3327,0.6704,2006
OH,637,3.1857,233.481,4.23143,57,21,269,5.277,49993.6,2.2162,0.6704,2006
OH,638,3.2504,233.968,4.27165,57,13,134,5.025,48641.0,2.1962,0.6704,2006
OH,639,3.231,234.457,4.43242,67,43,324,5.423,49442.3,2.1513,0.6704,2006
OH,640,3.3637,234.947,4.53283,53,32,99,6.065,50283.2,2.0456,0.6704,2006
OH,641,3.4559,235.438,4.72498,50,45,63,5.011,50257.1,2.3185,0.6704,2006
OH,642,3.3808,235.929,4.74536,63,22,182,4.661,50457.4,2.2224,0.6704,2006
OH,643,3.3649,236.422,4.77388,61,84,74,5.221,49274.5,2.3992,0.6704,2006
OH,644,3.2938,236.916,4.67042,71,43,493,4.537,49958.4,2.3864,0.6704,2006
OH,645,3.2519,237.411,4.47862,60,33,509,4.822,50419.4,2.4443,0.6704,2006
OH,646,3.2267,237.907,4.38507,67,58,207,4.579,49864.6,2.3696,0.6704,2006
OH,647,3.1804,238.404,4.21469,57,13,144,4.516,50900.5,2.3779,0.6704,2006
OH,648,3.0307,238.902,4.24027,62,14,108,5.145,49485.8,2.2968,0.6704,2006
OH,649,3.0916,239.401,4.22529,70,15,606,4.983,50608.8,2.3193,0.6704,2006
OH,650,3.0815,239.901,4.29753,56,11,299,5.68,50113.9,2.1658,0.6704,2006
OH,651,3.1704,240.402,4.54921,59,31,244,5.199,50459.6,2.0668,0.6704,2006
OH,652,3.2289,240.904,4.68798,50,31,217,5.208,50159.1,2.0914,0.6704,2006
OH,653,3.4566,241.407,4.70696,75,48,301,5.189,49946.5,2.2402,0.6704,2006
OH,654,3.3428,241.911,4.81514,59,24,141,5.312,50746.6,2.2325,0.6704,2006
OH,655,3.1812,242.417,4.88745,56,20,460,4.763,51168.5,2.3952,0.6704,2006
OH,656,3.2251,242.923,4.70537,61,17,199,5.218,49898.9,2.5125,0.6704,2006
OH,657,3.1358,243.43,4.60854,83,42,86,4.293,52331.9,2.4631,0.6704,2006
OH,658,3.1153,243.939,4.39458,72,21,663,4.519,50132.2,2.4134,0.6704,2006
OH,659,2.9597,244.448,4.26728,55,35,320,4.138,50355.3,2.5389,0.6704,2006
OH,660,1.9664,244.959,4.42528,70,27,167,5.363,51865.4,2.353,0.6704,2006
OH,661,2.2074,245.471,4.49701,53,31,856,5.063,52076.3,2.2672,0.6704,2006
OH,662,2.178,245.983,4.59025,63,50,415,5.503,52031.6,2.1104,0.6704,2006
OH,663,2.2154,246.497,4.83842,58,25,218,5.127,50214.0,2.1228,0.6704,2006
OH,664,2.2911,247.012,5.07262,47,28,402,4.936,51459.0,2.1827,0.6704,2006
OH,665,2.3468,247.528,5.11741,54,45,229,5.211,51879.0,2.1996,0.6704,2006
OH,666,2.3728,248.045,5.35134,59,39,464,5.024,52694.5,2.2178,0.6704,2006
OH,667,2.3954,248.563,5.19577,66,32,134,5.376,50691.8,2.2882,0.6704,2006
OH,668,2.3962,249.082,5.03579,80,37,291,4.509,52635.1,2.4265,0.6704,2006
OH,669,2.3322,249.603,4.72038,75,59,443,5.035,51870.5,2.5499,0.6704,2006
OH,670,2.257,250.124,5.02105,71,45,411,4.814,51812.1,2.5055,0.6704,2006
OH,671,2.2146,250.646,4.57254,67,34,355,5.192,53211.9,2.2793,0.6704,2006
OH,672,1.9599,251.17,4.785,64,55,239,4.176,52111.9,2.1669,0.6704,2006
OH,673,1.9762,251.694,4.61701,59,34,335,4.627,51560.2,2.2505,0.6704,2006
OH,674,1.9803,252.22,5.0042,66,44,222,5.217,52678.9,2.127,0.6704,2006
OH,675,2.0734,252.747,5.20268,66,25,480,5.239,52188.1,2.1425,0.6704,2006
OH,676,2.0611,253.275,5.38681,62,92,571,5.096,51205.7,2.2251,0.6704,2006
OH,677,2.07,253.804,5.40488,67,29,325,5.331,53082.0,2.2266,0.6704,2006
OH,678,2.0838,254.334,5.32612,76,30,540,5.329,52791.3,2.2757,0.6704,2006
OH,679,2.0523,254.865,5.82125,66,22,407,4.409,54380.7,2.3613,0.6704,2006
OH,680,1.9914,255.398,5.22469,70,87,518,4.474,52440.3,2.3125,0.6704,2006
OH,681,1.9909,255.931,5.07896,85,43,782,4.863,52000.2,2.3339,0.6704,2006
OH,682,1.9912,256.466,5.11533,73,30,361,4.544,52326.7,2.4446,0.6704,2006
OH,683,1.9022,257.001,4.91172,76,75,99,4.96,52963.5,2.2454,0.6704,2006
OH,684,2.1626,257.538,4.80206,48,24,210,4.4,52864.5,2.4781,0.6704,2006
OH,685,2.1751,258.076,4.84977,55,63,482,4.369,53070.3,2.267,0.6704,2006
OH,686,2.1899,258.615,4.94913,62,40,238,5.668,52772.2,2.2762,0.6704,2006
OH,687,2.2273,259.155,5.1424,73,74,374,5.57,53354.9,2.1567,0.6704,2006
OH,688,2.2786,259.697,5.2626,52,50,276,5.355,53739.6,2.233,0.6704,2006
OH,689,2.2586,260.239,5.39897,52,41,305,5.241,54514.3,2.1904,0.6704,2006
OH,690,2.2815,260.783,5.408,70,46,121,4.928,53449.3,2.3459,0.6704,2006
OH,691,2.3428,261.327,5.47749,62,106,864,4.699,54265.5,2.3281,0.6704,2006
OH,692,2.3163,261.873,5.27234,70,37,313,4.56,53757.5,2.331,0.6704,2006
OH,693,2.1927,262.42,5.13362,48,82,225,4.691,54938.1,2.44,0.6704,2006
OH,694,2.2079,262.968,5.03989,66,15,153,4.999,53792.3,2.4018,0.6704,2006
OH,695,2.1853,263.518,4.82757,79,38,138,4.976,55233.1,2.4782,0.6704,2006
OH,696,2.5468,264.068,4.76547,61,38,252,5.512,54470.6,2.4131,0.6704,2006
OH,697,2.5268,264.62,4.7221,41,45,360,5.221,54736.1,2.1743,0.6704,2006
OH,698,2.5165,265.172,4.94371,48,37,223,5.542,55264.3,2.2442,0.6704,2006
OH,699,2.5524,265.726,5.06786,61,38,109,5.322,55149.8,2.0565,0.6704,2006
OH,700,2.6178,266.281,5.17139,62,44,57,4.865,55028.0,2.0929,0.6704,2006
OH,701,2.6644,266.838,5.32383,71,16,560,5.327,54372.5,2.3219,0.6704,2006
OH,702,2.6009,267.395,5.52348,72,63,243,4.112,54681.9,2.2934,0.6704,2006
OH,703,2.6363,267.953,5.55161,69,71,355,5.304,55204.0,2.5008,0.6704,2006
OH,704,2.6417,268.513,5.44122,60,10,342,4.396,55622.6,2.3559,0.6704,2006
OH,705,2.5078,269.074,5.14106,77,41,112,4.399,55042.4,2.4685,0.6704,2006
OH,706,2.4961,269.636,4.85453,57,84,262,4.734,56482.3,2.3529,0.6704,2006
OH,707,2.408,270.199,4.93777,52,43,167,4.966,56458.4,2.3777,0.6704,2006
OH,708,2.2632,270.764,4.75792,62,57,294,5.02,56024.9,2.2313,0.6704,2006
OH,709,2.2499,271.329,4.97862,63,17,198,5.019,56294.0,2.0215,0.6704,2006
OH,710,2.3919,271.896,5.07343,62,16,331,4.601,55018.0,2.072,0.6704,2006
OH,711,2.4814,272.464,5.2811,64,23,326,4.595,56908.0,2.1226,0.6704,2006
OH,712,2.5349,273.033,5.49152,56,31,424,5.036,56164.0,2.1175,0.6704,2006
OH,713,2.5619,273.603,5.45336,54,34,193,4.887,56481.0,2.1606,0.6704,2006
OH,714,2.5364,274.175,5.68602,63,28,219,4.843,56203.2,2.2744,0.6704,2006
OH,715,2.5577,274.747,5.52797,58,39,239,5.272,56844.3,2.2342,0.6704,2006
OH,716,2.534,275.321,5.46446,64,54,256,4.754,56261.7,2.3664,0.6704,2006
OH,717,2.4046,275.896,5.15908,51,32,131,4.281,56021.3,2.4447,0.6704,2006
OH,718,2.3941,276.473,5.10821,64,24,467,4.771,57386.5,2.323,0.6704,2006
OH,719,2.3468,277.05,4.96119,75,54,229,4.82,56504.9,2.3367,0.6704,2006
OH,720,1.9078,277.629,4.9012,59,26,354,9.98,57151.2,2.0838,0.6704,2006
OH,721,1.892,278.209,5.00206,69,23,218,9.697,56197.5,2.1446,0.6704,2006
OH,722,1.9166,278.79,4.24929,61,16,145,9.449,55644.2,2.2274,0.6704,2006
OH,723,1.7209,279.372,3.63955,61,21,147,10.238,57372.9,2.0927,0.6704,2006
OH,724,1.7892,279.956,4.33839,52,16,199,9.094,56612.7,2.0561,0.6704,2006
OH,725,2.1219,280.54,4.81967,43,6,60,9.55,57987.2,2.0632,0.6704,2006
OH,726,2.1669,281.126,5.25207,68,29,1072,9.711,57548.0,2.3225,0.6704,2006
OH,727,2.1374,281.714,5.70197,64,59,325,9.198,57397.7,2.3791,0.6704,2006
OH,728,2.0776,282.302,5.46218,63,55,289,8.939,57783.1,2.3435,0.6704,2006
OH,729,1.9982,282.892,5.16861,73,44,1322,9.689,57165.8,2.405,0.6704,2006
OH,730,1.9514,283.483,5.26266,75,31,596,9.466,57094.9,2.4547,0.6704,2006
OH,731,1.9747,284.075,5.17883,65,79,373,9.258,58362.1,2.3115,0.6704,2006
OH,732,2.8054,284.668,5.19608,72,47,686,5.076,59139.4,2.1812,0.6704,2006
OH,733,2.8389,285.263,4.83544,72,38,637,5.117,57478.7,2.2224,0.6704,2006
OH,734,2.7343,285.859,5.15359,51,29,183,5.827,58432.6,2.0265,0.6704,2006
OH,735,2.7863,286.456,5.30151,51,34,332,4.865,58396.3,2.1691,0.6704,2006
OH,736,2.9143,287.054,5.38458,62,45,110,5.477,58154.8,2.0704,0.6704,2006
OH,737,2.9797,287.654,5.51039,75,24,206,5.856,58300.7,2.2368,0.6704,2006
OH,738,3.0538,288.254,5.65827,60,12,482,5.365,58148.4,2.2863,0.6704,2006
OH,739,2.9657,288.856,5.37527,72,51,700,5.171,57791.6,2.2971,0.6704,2006
OH,740,2.835,289.46,5.58515,57,70,645,4.695,58233.2,2.3484,0.6704,2006
OH,741,2.7771,290.064,5.17294,66,43,349,5.113,58000.0,2.4746,0.6704,2006
OH,742,2.7135,290.67,5.14865,68,38,280,5.108,58133.1,2.6066,0.6704,2006
OH,743,2.7357,291.277,4.73879,67,51,169,4.422,57447.2,2.3487,0.6704,2006
OH,744,3.6004,291.886,4.91793,67,44,372,4.972,58701.1,2.2583,0.6704,2006
OH,745,3.602,292.496,4.77772,58,42,334,5.331,58386.8,2.3032,0.6704,2006
OH,746,3.6081,293.106,5.14892,48,33,217,5.245,59835.4,2.1121,0.6704,2006
OH,747,3.6852,293.719,5.05252,54,49,178,5.472,59817.9,2.1394,0.6704,2006
OH,748,4.2329,294.332,5.10126,59,16,106,5.673,58546.3,2.1268,0.6704,2006
OH,749,4.6932,294.947,5.37049,60,58,209,5.705,58823.4,2.1178,0.6704,2006
OH,750,3.9024,295.563,5.30936,48,22,169,4.798,59913.5,2.3177,0.6704,2006
OH,751,3.7916,296.18,5.29258,67,64,65,4.823,59765.4,2.3756,0.6704,2006
OH,752,3.8171,296.799,5.06006,63,82,328,4.774,60293.0,2.4323,0.6704,2006
OH,753,3.7362,297.419,5.17351,70,43,346,4.67,60879.2,2.4676,0.6704,2006
OH,754,3.6741,298.04,4.97079,63,53,386,4.482,59272.2,2.4311,0.6704,2006
OH,755,3.5988,298.663,4.72018,63,20,366,4.97,58996.3,2.381,0.6704,2006
OH,756,3.2032,299.287,4.79931,69,31,153,4.627,60417.8,2.2223,0.6704,2006
OH,757,3.167,299.912,4.87138,62,34,54,4.738,59568.1,2.1799,0.6704,2006
OH,758,3.1865,300.538,5.20854,53,39,846,6.092,60282.7,2.2265,0.6704,2006
OH,759,3.2696,301.166,5.32735,45,17,462,4.659,60670.3,2.2224,0.6704,2006
OH,760,3.3155,301.795,5.49453,71,22,308,5.147,60883.5,2.263,0.6704,2006
OH,761,3.3955,302.425,5.61597,60,72,408,4.75,60976.6,2.1766,0.6704,2006
OH,762,3.4603,303.057,5.56967,52,58,316,5.234,60911.6,2.3808,0.6704,2006
OH,763,3.3948,303.69,5.79488,66,65,157,4.921,60617.8,2.3157,0.6704,2006
OH,764,3.3728,304.324,5.42169,51,9,229,4.925,60806.8,2.4892,0.6704,2006
OH,765,3.3088,304.96,5.17318,75,42,387,4.837,60713.7,2.4812,0.6704,2006
OH,766,3.2194,305.597,5.24506,52,44,329,5.143,62181.0,2.4643,0.6704,2006
OH,767,3.1966,306.235,5.02034,60,48,120,4.645,61108.6,2.3989,0.6704,2006
OH,768,2.9563,306.875,5.05501,74,48,183,5.289,61149.4,2.2853,0.6704,2006
OH,769,3.0463,307.516,5.00138,45,41,359,4.954,61585.9,2.1989,0.6704,2006
OH,770,3.0989,308.158,5.31101,63,53,342,5.294,62052.2,2.1114,0.6704,2006
OH,771,3.1357,308.802,5.43144,43,29,257,4.989,60450.1,1.9816,0.6704,2006
OH,772,3.2106,309.447,5.73077,65,42,208,5.6,62058.8,2.1345,0.6704,2006
OH,773,3.2287,310.093,5.96785,68,87,232,5.88,63080.7,2.2425,0.6704,2006
OH,774,3.2678,310.741,6.0257,76,164,349,5.375,61522.2,2.3825,0.6704,2006
OH,775,3.2174,311.39,5.52889,68,80,300,4.709,61823.0,2.4107,0.6704,2006
OH,776,3.1643,312.041,5.71128,65,48,786,4.44,62305.8,2.3222,0.6704,2006
OH,777,3.0873,312.692,5.40914,68,30,1002,4.651,62345.0,2.3806,0.6704,2006
OH,778,3.1098,313.345,5.51775,75,26,493,3.806,63476.2,2.3039,0.6704,2006
OH,779,3.0332,314.0,5.25683,56,43,701,4.706,62827.9,2.2458,0.6704,2006
OK,540,2.1648,190.7,3.99334,64,36,261,5.119,41678.2,2.3121,0.1093,2005
OK,541,2.1376,191.098,4.32947,66,18,187,4.818,41960.5,2.1729,0.1093,2005
OK,542,2.2844,191.497,4.31585,54,10,174,5.048,41677.9,2.0802,0.1093,2005
OK,543,2.3384,191.897,4.50696,48,37,363,5.23,42455.2,2.1897,0.1093,2005
OK,544,2.3829,192.298,4.45311,64,27,33,5.574,42914.6,2.3535,0.1093,2005
OK,545,2.4366,192.7,4.77409,69,70,135,5.459,42668.7,2.243,0.1093,2005
OK,546,2.4723,193.102,4.62054,75,56,238,5.043,42302.4,2.3366,0.1093,2005
OK,547,2.4176,193.506,4.79107,71,31,226,5.183,42827.5,2.3498,0.1093,2005
OK,548,2.3491,193.91,4.60975,75,29,655,4.235,44215.9,2.4974,0.1093,2005
OK,549,2.2196,194.315,4.63522,60,21,665,4.645,42909.7,2.4632,0.1093,2005
OK,550,2.2042,194.721,4.30039,98,45,394,5.295,42286.7,2.3579,0.1093,2005
OK,551,2.1557,195.128,4.05363,73,52,420,5.015,42413.4,2.3468,0.1093,2005
OK,552,2.4934,195.535,4.2235,67,16,693,4.895,42640.4,2.2266,0.1093,2005
OK,553,2.4618,195.944,4.20717,65,23,305,5.57,43127.4,2.214,0.1093,2005
OK,554,2.5145,196.353,4.32851,56,26,44,4.949,42613.8,2.1905,0.1093,2005
OK,555,2.6304,196.763,4.39927,67,25,505,5.556,42643.1,2.1745,0.1093,2005
OK,556,2.6473,197.174,4.58874,58,18,68,4.831,42909.8,2.0879,0.1093,2005
OK,557,2.7129,197.586,4.6094,66,46,238,5.376,43231.3,2.1162,0.1093,2005
OK,558,2.7352,197.999,4.69131,74,28,723,5.328,43766.0,2.2218,0.1093,2005
OK,559,2.7095,198.412,4.66929,57,33,225,5.705,42744.2,2.4336,0.1093,2005
OK,560,2.7111,198.827,4.77813,77,57,179,3.968,43443.5,2.4885,0.1093,2005
OK,561,2.6227,199.242,4.4149,76,39,123,4.728,44083.0,2.3527,0.1093,2005
OK,562,2.4847,199.658,4.30931,67,17,321,4.363,43263.7,2.4923,0.1093,2005
OK,563,2.4893,200.075,4.28563,71,31,329,4.686,43818.0,2.478,0.1093,2005
OK,564,2.7048,200.493,4.10973,70,32,132,5.252,42939.4,2.2728,0.1093,2005
OK,565,2.6772,200.912,4.13768,57,61,110,5.155,44549.7,2.3573,0.1093,2005
OK,566,2.7183,201.331,4.2032,56,22,95,4.928,43801.7,2.0487,0.1093,2005
OK,567,2.7866,201.752,4.33456,55,19,342,5.547,43934.4,2.1589,0.1093,2005
OK,568,2.8414,202.173,4.66637,63,28,222,4.94,43959.8,2.191,0.1093,2005
OK,569,2.8684,202.596,4.88794,76,14,279,4.283,44395.2,2.3639,0.1093,2005
OK,570,2.9225,203.019,4.73721,56,40,49,4.374,42910.7,2.387,0.1093,2005
OK,571,2.8509,203.443,4.75561,75,73,415,4.848,44892.0,2.3435,0.1093,2005
OK,572,2.7902,203.868,4.65222,70,45,613,4.753,44014.7,2.4707,0.1093,2005
OK,573,2.7646,204.294,4.34166,77,30,318,4.951,44132.0,2.5069,0.1093,2005
OK,574,2.61,204.72,4.32052,72,20,88,4.727,44973.0,2.4006,0.1093,2005
OK,575,2.6457,205.148,4.26357,66,83,323,4.214,44006.2,2.2846,0.1093,2005
OK,576,3.1856,205.576,3.98499,75,24,269,7.484,43856.4,2.4898,0.1093,2005
OK,577,3.1944,206.006,3.93163,60,38,647,7.289,43617.4,2.3148,0.1093,2005
OK,578,3.1346,206.436,4.09161,59,16,216,8.267,42683.9,2.3794,0.1093,2005
OK,579,3.2377,206.867,4.21565,73,20,224,8.294,43599.9,2.3684,0.1093,2005
OK,580,3.2873,207.299,4.50018,58,41,363,7.976,43319.7,2.3769,0.1093,2005
OK,581,3.9766,207.732,4.47678,62,36,407,7.486,43499.4,2.3485,0.1093,2005
OK,582,4.0221,208.166,4.33419,70,42,130,7.44,44380.5,2.5204,0.1093,2005
OK,583,3.3814,208.601,4.28291,67,20,135,7.506,44041.5,2.6405,0.1093,2005
OK,584,3.3231,209.037,4.2934,75,56,627,8.199,43797.7,2.5394,0.1093,2005
OK,585,3.2588,209.474,4.24036,75,13,159,7.625,44150.9,2.6049,0.1093,2005
OK,586,2.1062,209.911,4.20238,61,40,464,7.836,44257.2,2.5532,0.1093,2005
OK,587,1.6544,210.35,4.25492,77,14,47,7.432,43711.7,2.4919,0.1093,2005
OK,588,2.2018,210.789,4.31604,67,45,170,7.656,44256.5,2.5499,0.1093,2005
OK,589,2.2688,211.229,4.32334,67,20,142,7.7,44710.2,2.4663,0.1093,2005
OK,590,2.2314,211.67,4.35554,64,38,202,7.894,44707.3,2.2776,0.1093,2005
OK,591,2.2875,212.113,4.69244,47,20,566,8.353,43960.0,2.4992,0.1093,2005
OK,592,2.4171,212.556,4.71957,68,25,172,7.962,44093.3,2.3555,0.1093,2005
OK,593,2.4257,213.0,4.9927,59,26,247,7.518,45504.5,2.3629,0.1093,2005
OK,594,2.511,213.444,4.93773,64,71,693,8.327,44758.5,2.3641,0.1093,2005
OK,595,2.4457,213.89,4.9027,63,32,60,8.238,44166.1,2.7469,0.1093,2005
OK,596,2.3375,214.337,4.84487,65,22,135,6.582,44683.8,2.5837,0.1093,2005
OK,597,2.3027,214.785,4.52931,71,45,509,7.537,43988.0,2.5843,0.1093,2005
OK,598,2.2511,215.233,4.43664,95,31,81,7.81,45293.3,2.5223,0.1093,2005
OK,599,2.2013,215.683,4.37079,72,43,351,7.273,45286.5,2.5898,0.1093,2005
OK,600,2.6214,216.133,4.4093,79,50,112,7.969,45986.8,2.5303,0.1093,2005
OK,601,2.5972,216.585,4.35522,76,35,347,7.156,45035.5,2.3876,0.1093,2005
OK,602,2.6583,217.037,4.38475,60,31,87,8.286,45034.3,2.4613,0.1093,2005
OK,603,2.7523,217.491,4.59152,68,57,560,8.456,45343.9,2.4454,0.1093,2005
OK,604,2.7896,217.945,4.77567,44,15,147,7.283,46398.4,2.2657,0.1093,2005
OK,605,2.7904,218.4,4.89706,61,62,113,7.756,45139.5,2.4442,0.1093,2005
OK,606,2.7758,218.856,4.71694,73,90,224,7.665,45292.9,2.2697,0.1093,2005
OK,607,2.8108,219.313,4.85296,80,67,238,7.047,46167.8,2.4114,0.1093,2005
OK,608,2.8071,219.772,4.72392,80,54,484,7.331,46242.3,2.6075,0.1093,2005
OK,609,2.7214,220.231,4.54887,78,66,593,8.259,46077.1,2.5491,0.1093,2005
OK,610,2.7095,220.691,4.2493,77,31,339,7.994,44992.6,2.5409,0.1093,2005
OK,611,2.7616,221.152,4.18619,70,46,269,7.531,45425.2,2.5582,0.1093,2005
OK,612,3.4493,221.614,4.27531,58,83,257,5.241,47194.2,2.3331,0.1093,2005
OK,613,3.401,222.076,4.4423,64,53,259,5.811,46645.6,2.3372,0.1093,2005
OK,614,3.4858,222.54,4.40717,45,24,331,4.81,48481.7,2.2056,0.1093,2005
OK,615,3.4716,223.005,4.52385,61,34,454,5.504,47212.3,2.2021,0.1093,2005
OK,616,3.6002,223.471,4.51471,75,65,145,5.639,48801.9,2.0988,0.1093,2005
OK,617,3.5742,223.938,5.04234,57,26,673,5.672,46966.4,2.1918,0.1093,2005
OK,618,3.5948,224.405,4.95487,71,40,540,4.791,47520.0,2.3054,0.1093,2005
OK,619,3.552,224.874,5.01332,62,93,274,4.303,47948.2,2.4312,0.1093,2005
OK,620,3.5773,225.344,4.7062,83,44,345,4.752,46813.4,2.417,0.1093,2005
OK,621,3.5016,225.815,4.64002,92,54,147,4.301,47879.9,2.417,0.1093,2005
OK,622,3.535,226.286,4.57076,56,57,169,4.48,47385.6,2.4067,0.1093,2005
OK,623,3.4144,226.759,4.39745,68,34,316,4.958,47595.3,2.3829,0.1093,2005
OK,624,3.498,227.233,4.38602,60,48,519,4.628,47863.6,2.374,0.1093,2005
OK,625,3.4276,227.707,4.40708,80,6,54,5.29,48732.0,2.1428,0.1093,2005
OK,626,3.5974,228.183,4.49104,49,36,523,5.033,48369.8,2.1389,0.1093,2005
OK,627,3.6367,228.659,4.60429,70,22,364,5.576,48680.8,2.2304,0.1093,2005
OK,628,3.675,229.137,4.72369,58,80,182,5.061,48601.7,2.2092,0.1093,2005
OK,629,3.7297,229.616,4.83441,64,46,283,6.18,48978.4,2.2787,0.1093,2005
OK,630,3.672,230.095,4.88578,72,26,252,5.426,48289.9,2.302,0.1093,2005
OK,631,3.7534,230.576,4.7926,67,28,312,5.215,48241.1,2.3719,0.1093,2005
OK,632,3.7833,231.057,4.86922,81,30,490,5.281,48825.6,2.324,0.1093,2005
OK,633,3.6647,231.54,4.66015,64,62,411,4.503,49682.0,2.5157,0.1093,2005
OK,634,3.6523,232.024,4.47025,81,15,786,5.737,49744.0,2.4174,0.1093,2005
OK,635,3.6735,232.508,4.36433,70,40,85,4.919,49493.0,2.422,0.1093,2005
OK,636,3.5372,232.994,4.33779,69,48,126,4.929,48672.9,2.2885,0.1093,2005
OK,637,3.5286,233.481,4.29036,59,31,22,5.185,49765.9,2.3057,0.1093,2005
OK,638,3.4653,233.968,4.52636,72,56,321,5.135,48839.1,2.0735,0.1093,2005
OK,639,3.5044,234.457,4.79096,58,29,155,5.763,50178.6,2.1508,0.1093,2005
OK,640,3.5572,234.947,4.94779,68,38,818,5.325,50447.8,2.0438,0.1093,2005
OK,641,3.5893,235.438,4.93904,63,16,110,5.158,50114.1,2.2408,0.1093,2005
OK,642,3.6245,235.929,4.96927,77,97,495,4.237,51366.7,2.2305,0.1093,2005
OK,643,3.642,236.422,5.14908,80,39,168,4.985,49285.8,2.2977,0.1093,2005
OK,644,3.5972,236.916,5.04035,64,38,513,4.277,49740.2,2.5958,0.1093,2005
OK,645,3.4481,237.411,4.91521,63,14,318,5.212,50283.8,2.4134,0.1093,2005
OK,646,3.4248,237.907,4.67404,69,55,22,4.489,50175.9,2.3556,0.1093,2005
OK,647,3.4178,238.404,4.50711,75,64,180,5.039,50773.5,2.4129,0.1093,2005
OK,648,3.168,238.902,4.56971,59,44,268,5.134,49994.1,2.3166,0.1093,2005
OK,649,3.2875,239.401,4.4311,71,45,175,5.646,50187.5,2.0321,0.1093,2005
OK,650,3.3505,239.901,4.73255,65,45,168,5.602,49552.0,2.1611,0.1093,2005
OK,651,3.3524,240.402,4.75166,45,58,99,5.455,50015.9,2.1251,0.1093,2005
OK,652,3.4518,240.904,5.11287,70,22,205,5.453,50260.2,2.0768,0.1093,2005
OK,653,3.7481,241.407,4.99805,69,80,411,5.229,49791.1,2.1509,0.1093,2005
OK,654,3.6848,241.911,5.22002,75,58,212,4.527,50345.9,2.2627,0.1093,2005
OK,655,3.561,242.417,5.00211,77,40,141,5.456,50705.7,2.3022,0.1093,2005
OK,656,3.4035,242.923,4.99775,67,25,349,4.603,50741.9,2.4359,0.1093,2005
OK,657,3.3219,243.43,4.84542,71,33,90,4.181,50395.0,2.4804,0.1093,2005
OK,658,3.2348,243.939,4.81333,91,8,203,4.538,52113.7,2.3922,0.1093,2005
OK,659,3.2443,244.448,4.74861,70,41,101,4.381,51653.8,2.4187,0.1093,2005
OK,660,2.0816,244.959,4.61845,75,31,270,5.644,52238.6,2.3084,0.1093,2005
OK,661,2.309,245.471,4.8543,64,92,104,5.364,52459.7,2.0441,0.1093,2005
OK,662,2.3804,245.983,5.08439,72,49,196,5.376,51564.5,2.1915,0.1093,2005
OK,663,2.45,246.497,5.31611,86,28,162,5.399,50485.3,2.0473,0.1093,2005
OK,664,2.4563,247.012,5.4298,70,36,166,5.388,52694.4,2.1919,0.1093,2005
OK,665,2.4463,247.528,5.53327,57,29,414,5.765,51479.3,2.1366,0.1093,2005
OK,666,2.5196,248.045,5.57277,56,29,1115,4.647,51220.4,2.2192,0.1093,2005
OK,667,2.536,248.563,5.82676,83,61,86,5.014,51737.5,2.3136,0.1093,2005
OK,668,2.5611,249.082,5.43274,68,39,674,4.144,52245.8,2.4405,0.1093,2005
OK,669,2.4598,249.603,5.30848,83,44,416,4.812,51000.6,2.5145,0.1093,2005
OK,670,2.3931,250.124,5.33584,78,92,846,4.543,51527.1,2.3924,0.1093,2005
OK,671,2.3218,250.646,4.98882,65,47,248,4.295,52283.3,2.2117,0.1093,2005
OK,672,2.0148,251.17,5.10067,87,39,75,5.244,53010.6,2.1827,0.1093,2005
OK,673,2.008,251.694,5.09751,89,19,548,6.045,52902.5,2.3582,0.1093,2005
OK,674,2.0349,252.22,5.27545,64,62,68,5.066,51840.9,2.2193,0.1093,2005
OK,675,2.0479,252.747,5.50308,61,37,243,5.526,52993.1,2.28,0.1093,2005
OK,676,2.2128,253.275,5.64254,77,27,283,5.341,52432.0,2.1625,0.1093,2005
OK,677,2.2206,253.804,6.03027,66,19,525,5.646,52091.9,2.2576,0.1093,2005
OK,678,2.1983,254.334,6.03257,77,20,462,5.653,52409.3,2.3339,0.1093,2005
OK,679,2.2008,254.865,5.859,89,40,386,4.622,53037.3,2.2731,0.1093,2005
OK,680,2.2048,255.398,5.61669,79,67,469,4.723,52511.5,2.4839,0.1093,2005
OK,681,2.1346,255.931,5.42565,80,17,326,4.41,52524.5,2.363,0.1093,2005
OK,682,2.0274,256.466,5.19922,85,36,413,5.391,53337.3,2.3837,0.1093,2005
OK,683,2.0069,257.001,5.59824,86,21,544,4.993,53293.8,2.4425,0.1093,2005
OK,684,2.2231,257.538,5.15697,63,32,250,5.27,52694.5,2.2998,0.1093,2005
OK,685,2.2802,258.076,5.12758,61,17,182,5.7,54811.8,2.2835,0.1093,2005
OK,686,2.2719,258.615,5.38382,67,13,356,4.866,53732.8,2.2416,0.1093,2005
OK,687,2.3451,259.155,5.53789,71,57,148,5.503,53308.8,1.9563,0.1093,2005
OK,688,2.4102,259.697,5.8106,56,25,357,4.666,53995.2,2.0239,0.1093,2005
OK,689,2.5336,260.239,6.00727,73,47,193,5.329,54322.3,2.3064,0.1093,2005
OK,690,2.5322,260.783,5.72617,82,11,225,5.302,55134.1,2.3831,0.1093,2005
OK,691,2.4782,261.327,5.72677,73,80,704,4.819,55146.8,2.5175,0.1093,2005
OK,692,2.5061,261.873,5.61217,72,78,341,5.052,54313.0,2.331,0.1093,2005
OK,693,2.4041,262.42,5.52452,78,44,454,4.585,53645.4,2.4065,0.1093,2005
OK,694,2.356,262.968,5.48232,58,101,649,4.671,54923.6,2.4771,0.1093,2005
OK,695,2.3335,263.518,5.26417,64,41,341,5.11,53756.8,2.2908,0.1093,2005
OK,696,2.5504,264.068,5.22369,67,26,328,4.086,53625.8,2.3084,0.1093,2005
OK,697,2.6425,264.62,5.13158,76,10,214,5.435,54986.2,2.2615,0.1093,2005
OK,698,2.686,265.172,5.30668,81,44,355,4.941,53923.2,2.1903,0.1093,2005
OK,699,2.7581,265.726,5.43882,72,108,122,5.144,55986.1,2.1298,0.1093,2005
OK,700,2.8176,266.281,5.87458,67,57,436,4.939,55178.3,2.1879,0.1093,2005
OK,701,2.8096,266.838,6.21792,86,41,628,4.985,54356.7,2.1541,0.1093,2005
OK,702,2.8254,267.395,5.79567,82,20,788,5.222,54936.3,2.3151,0.1093,2005
OK,703,2.8069,267.953,5.65696,63,98,728,5.507,54027.8,2.2957,0.1093,2005
OK,704,2.7433,268.513,5.67347,63,51,142,4.466,54556.2,2.452,0.1093,2005
OK,705,2.6547,269.074,5.51579,78,46,196,4.572,55296.8,2.432,0.1093,2005
OK,706,2.6427,269.636,5.39719,84,28,223,4.345,55124.5,2.5249,0.1093,2005
OK,707,2.5422,270.199,5.20405,66,12,542,5.013,55268.2,2.3186,0.1093,2005
OK,708,2.3744,270.764,5.35398,74,38,1429,5.034,55083.8,2.3562,0.1093,2005
OK,709,2.4151,271.329,5.38357,63,44,241,5.293,55809.5,2.3364,0.1093,2005
OK,710,2.4796,271.896,5.29748,82,83,68,4.727,56000.9,2.2012,0.1093,2005
OK,711,2.567,272.464,5.56046,54,39,55,5.217,55795.8,2.2374,0.1093,2005
OK,712,2.6539,273.033,5.78212,60,43,631,4.055,55540.6,2.1937,0.1093,2005
OK,713,2.6826,273.603,6.02241,61,32,202,4.86,56934.6,2.2317,0.1093,2005
OK,714,2.6675,274.175,6.02837,75,39,889,5.055,56841.4,2.3635,0.1093,2005
OK,715,2.613,274.747,6.11257,80,23,543,4.661,56306.6,2.4304,0.1093,2005
OK,716,2.6449,275.321,5.91929,71,60,547,4.735,55573.6,2.3866,0.1093,2005
OK,717,2.5446,275.896,5.72699,78,52,594,4.521,55341.3,2.4355,0.1093,2005
OK,718,2.5239,276.473,5.37252,72,66,293,4.854,55717.2,2.2966,0.1093,2005
OK,719,2.4986,277.05,5.24657,80,51,157,4.677,55919.8,2.3134,0.1093,2005
OK,720,2.0282,277.629,5.20354,70,35,118,8.618,56257.5,2.2979,0.1093,2005
OK,721,2.0359,278.209,5.33736,62,35,649,9.682,56502.5,2.1925,0.1093,2005
OK,722,2.0954,278.79,4.54027,58,21,71,10.221,56853.9,2.1962,0.1093,2005
OK,723,1.7986,279.372,3.81326,62,17,181,9.328,56535.0,2.2307,0.1093,2005
OK,724,1.8207,279.956,4.47179,93,61,49,10.09,56608.7,2.2239,0.1093,2005
OK,725,2.1849,280.54,5.26437,92,26,640,9.151,57370.4,2.341,0.1093,2005
OK,726,2.2256,281.126,5.55392,73,38,154,10.136,57437.7,2.3616,0.1093,2005
OK,727,2.2296,281.714,6.15389,77,46,519,9.048,56547.5,2.3993,0.1093,2005
OK,728,2.1966,282.302,5.89063,69,43,1267,9.523,57109.0,2.5056,0.1093,2005
OK,729,2.1819,282.892,5.62507,70,58,999,8.48,56673.7,2.4495,0.1093,2005
OK,730,2.1904,283.483,5.60803,91,42,71,9.431,58404.9,2.2808,0.1093,2005
OK,731,2.1032,284.075,5.25158,69,79,764,9.435,57366.5,2.3538,0.1093,2005
OK,732,2.9102,284.668,5.57851,67,71,541,5.257,57490.4,2.3084,0.1093,2005
OK,733,2.8706,285.263,5.35492,52,26,455,5.28,58365.9,2.2908,0.1093,2005
OK,734,2.979,285.859,5.57206,56,29,291,5.131,58189.6,2.1283,0.1093,2005
OK,735,3.0112,286.456,5.81112,67,53,89,5.461,58199.8,2.2413,0.1093,2005
OK,736,3.0792,287.054,5.8858,52,37,902,5.554,59016.9,2.2231,0.1093,2005
OK,737,3.1061,287.654,6.17239,66,12,441,4.709,59557.1,2.2103,0.1093,2005
OK,738,3.0885,288.254,5.89898,59,50,502,5.212,57622.7,2.4034,0.1093,2005
OK,739,3.1203,288.856,6.18139,67,30,181,5.11,59026.6,2.4025,0.1093,2005
OK,740,3.0704,289.46,5.91139,65,81,402,4.34,59390.2,2.5528,0.1093,2005
OK,741,3.0043,290.064,5.70116,67,50,439,4.792,58197.2,2.4588,0.1093,2005
OK,742,2.964,290.67,5.66868,79,30,282,4.583,59084.1,2.4083,0.1093,2005
OK,743,2.8902,291.277,5.49532,65,75,10,4.678,58052.8,2.2191,0.1093,2005
OK,744,3.8476,291.886,5.14114,57,35,228,5.605,60278.8,2.3484,0.1093,2005
OK,745,3.8561,292.496,5.1829,52,10,402,4.919,59414.6,2.2153,0.1093,2005
OK,746,3.8461,293.106,5.42227,58,33,264,4.639,60259.7,2.023,0.1093,2005
OK,747,3.891,293.719,5.66469,38,31,399,4.836,59645.1,2.0836,0.1093,2005
OK,748,4.4793,294.332,5.7763,60,37,194,5.52,60485.9,2.1109,0.1093,2005
OK,749,4.8298,294.947,5.62588,63,62,195,4.939,57931.5,2.1747,0.1093,2005
OK,750,3.9894,295.563,5.72948,66,12,208,5.295,59328.2,2.4054,0.1093,2005
OK,751,3.9958,296.18,5.76951,56,35,87,5.204,61134.6,2.4091,0.1093,2005
OK,752,3.9552,296.799,5.67536,73,23,164,4.273,59600.0,2.4168,0.1093,2005
OK,753,3.8815,297.419,5.69564,62,35,945,4.67,60560.6,2.4151,0.1093,2005
OK,754,3.8624,298.04,5.40333,57,66,211,4.884,60203.5,2.4293,0.1093,2005
OK,755,3.8183,298.663,5.276,73,34,202,5.723,59892.7,2.3039,0.1093,2005
OK,756,3.334,299.287,5.16419,60,44,690,5.139,60000.9,2.2993,0.1093,2005
OK,757,3.4294,299.912,5.40267,68,56,260,4.717,59884.3,2.2603,0.1093,2005
OK,758,3.4185,300.538,5.50041,55,19,120,6.095,61755.4,2.1415,0.1093,2005
OK,759,3.518,301.166,5.76422,56,82,87,4.499,60335.1,2.2863,0.1093,2005
OK,760,3.5206,301.795,5.9157,56,22,594,4.826,59374.3,2.1807,0.1093,2005
OK,761,3.5843,302.425,6.24264,68,57,328,5.096,61951.7,2.2523,0.1093,2005
OK,762,3.6753,303.057,6.13623,71,36,1219,4.967,60532.3,2.3898,0.1093,2005
OK,763,3.6367,303.69,5.91583,58,56,260,5.24,60813.6,2.305,0.1093,2005
OK,764,3.4843,304.324,5.84545,78,35,432,4.635,60716.4,2.478,0.1093,2005
OK,765,3.5036,304.96,5.62553,77,53,821,5.211,61559.9,2.5001,0.1093,2005
OK,766,3.4595,305.597,5.80517,61,53,348,5.419,61871.0,2.365,0.1093,2005
OK,767,3.424,306.235,5.6969,59,34,670,4.614,61835.9,2.3825,0.1093,2005
OK,768,3.1344,306.875,5.52477,69,48,222,4.451,61254.4,2.1968,0.1093,2005
OK,769,3.167,307.516,5.67738,58,12,537,5.2,62227.7,2.102,0.1093,2005
OK,770,3.1125,308.158,5.41048,68,10,144,5.255,59559.6,2.3072,0.1093,2005
OK,771,3.238,308.802,6.10071,51,50,125,5.729,62182.0,2.1398,0.1093,2005
OK,772,3.3256,309.447,6.10628,67,43,205,4.999,62390.8,2.3267,0.1093,2005
OK,773,3.3383,310.093,6.26448,59,21,405,5.223,61682.9,2.3614,0.1093,2005
OK,774,3.3543,310.741,6.19318,54,36,455,5.696,62587.5,2.3842,0.1093,2005
OK,775,3.3856,311.39,6.28489,61,56,577,4.157,62963.1,2.4214,0.1093,2005
OK,776,3.3499,312.041,6.37017,62,87,320,4.268,62034.7,2.3249,0.1093,2005
OK,777,3.2904,312.692,6.01894,66,31,331,5.233,61783.3,2.515,0.1093,2005
OK,778,3.1644,313.345,5.69051,77,46,201,4.948,61865.9,2.3926,0.1093,2005
OK,779,3.1804,314.0,5.73489,65,19,759,4.709,62360.3,2.3733,0.1093,2005
OR,540,2.1271,190.7,4.33019,56,54,163,4.742,41349.3,2.2561,0.2184,2009
OR,541,2.1531,191.098,4.35442,57,30,137,4.904,41981.4,2.1907,0.2184,2009
OR,542,2.1915,191.497,4.35852,64,34,447,4.879,41482.1,2.293,0.2184,2009
OR,543,2.2261,191.897,4.45824,45,40,247,4.019,42376.5,2.2423,0.2184,2009
OR,544,2.284,192.298,4.52682,74,44,284,5.406,42300.6,2.0541,0.2184,2009
OR,545,2.2855,192.7,4.66068,80,23,229,6.25,42747.0,2.2036,0.2184,2009
OR,546,2.3055,193.102,4.76884,56,71,208,4.654,41833.3,2.2406,0.2184,2009
OR,547,2.3817,193.506,4.79461,67,33,612,4.02,42403.7,2.2629,0.2184,2009
OR,548,2.3459,193.91,4.57605,78,47,339,5.142,42525.2,2.3274,0.2184,2009
OR,549,2.2609,194.315,4.46215,89,51,338,4.896,41980.4,2.4267,0.2184,2009
OR,550,2.2224,194.721,4.62027,64,25,493,4.341,43192.1,2.4972,0.2184,2009
OR,551,2.1509,195.128,4.1867,89,52,68,4.378,42759.2,2.3838,0.2184,2009
OR,552,2.3951,195.535,4.19109,59,21,44,4.65,42698.0,2.2631,0.2184,2009
OR,553,2.4526,195.944,4.38301,59,62,44,5.561,42758.1,2.1813,0.2184,2009
OR,554,2.4936,196.353,4.37499,71,23,166,4.728,43450.9,2.1961,0.2184,2009
OR,555,2.5682,196.763,4.48,61,11,88,5.952,44357.9,2.0668,0.2184,2009
OR,556,2.6436,197.174,4.56083,71,21,216,5.267,42428.4,2.0884,0.2184,2009
OR,557,2.5898,197.586,4.68342,80,11,295,5.175,42956.7,2.2367,0.2184,2009
OR,558,2.5528,197.999,4.97985,69,80,290,4.998,43652.8,2.2158,0.2184,2009
OR,559,2.5835,198.412,4.80254,78,23,590,4.353,43378.1,2.3708,0.2184,2009
OR,560,2.5234,198.827,4.5496,80,22,189,4.913,43099.6,2.4544,0.2184,2009
OR,561,2.4868,199.242,4.6055,75,59,416,4.773,44156.6,2.4559,0.2184,2009
OR,562,2.3643,199.658,4.39771,87,74,370,4.492,43622.8,2.3945,0.2184,2009
OR,563,2.3198,200.075,4.36704,71,14,283,4.712,44073.6,2.3536,0.2184,2009
OR,564,2.558,200.493,4.17164,62,49,96,5.409,43396.3,2.3035,0.2184,2009
OR,565,2.5505,200.912,4.1932,59,23,274,5.063,43245.7,2.328,0.2184,2009
OR,566,2.6135,201.331,4.29527,61,65,488,5.852,43582.3,2.1217,0.2184,2009
OR,567,2.6749,201.752,4.4057,55,55,291,5.638,43485.0,2.0659,0.2184,2009
OR,568,2.7765,202.173,4.90599,58,39,351,5.741,43588.0,2.1904,0.2184,2009
OR,569,2.8372,202.596,4.84594,58,14,251,4.432,43774.7,2.1782,0.2184,2009
OR,570,2.8824,203.019,5.01066,70,87,106,4.704,44574.9,2.4255,0.2184,2009
OR,571,2.8343,203.443,4.7143,77,49,259,5.098,44495.2,2.2852,0.2184,2009
OR,572,2.8022,203.868,4.65731,82,40,630,4.749,44751.3,2.5334,0.2184,2009
OR,573,2.7155,204.294,4.47521,84,32,254,4.783,44342.1,2.5204,0.2184,2009
OR,574,2.5994,204.72,4.28765,90,54,59,4.789,44301.0,2.5295,0.2184,2009
OR,575,2.6397,205.148,4.24597,72,17,210,5.241,44129.8,2.3086,0.2184,2009
OR,576,3.0442,205.576,4.08846,58,30,85,7.504,43695.8,2.5397,0.2184,2009
OR,577,3.0933,206.006,4.07178,86,16,113,7.838,43341.4,2.4318,0.2184,2009
OR,578,3.1422,206.436,4.0812,56,71,246,8.503,43244.2,2.4249,0.2184,2009
OR,579,3.1546,206.867,4.35722,60,28,395,7.573,43997.9,2.3751,0.2184,2009
OR,580,3.287,207.299,4.69878,62,7,276,7.511,44547.3,2.2175,0.2184,2009
OR,581,3.8718,207.732,4.58733,68,8,196,8.918,43690.2,2.4418,0.2184,2009
OR,582,3.9248,208.166,4.58793,58,37,256,7.307,43880.5,2.4857,0.2184,2009
OR,583,3.1422,208.601,4.36551,66,52,514,8.22,44212.2,2.6015,0.2184,2009
OR,584,3.1975,209.037,4.38608,63,72,331,8.036,43650.5,2.6283,0.2184,2009
OR,585,3.1683,209.474,4.26636,85,15,226,7.71,43253.7,2.6167,0.2184,2009
OR,586,2.1021,209.911,4.26977,83,75,487,7.854,44534.6,2.5844,0.2184,2009
OR,587,1.6754,210.35,4.37131,72,40,203,7.069,44559.9,2.633,0.2184,2009
OR,588,2.2597,210.789,4.33707,59,34,234,7.506,43586.9,2.4481,0.2184,2009
OR,589,2.2521,211.229,4.38929,71,49,356,8.528,43864.3,2.3807,0.2184,2009
OR,590,2.2457,211.67,4.63366,63,27,109,7.72,44542.2,2.4128,0.2184,2009
OR,591,2.3222,212.113,4.57934,56,10,137,9.218,44391.3,2.2836,0.2184,2009
OR,592,2.3761,212.556,4.69352,62,37,26,8.625,44064.6,2.4257,0.2184,2009
OR,593,2.4075,213.0,4.84239,61,21,115,7.748,44131.3,2.3658,0.2184,2009
OR,594,2.4284,213.444,4.8427,76,35,230,8.066,44679.6,2.6097,0.2184,2009
OR,595,2.3868,213.89,4.96484,83,41,230,7.643,44761.3,2.4863,0.2184,2009
OR,596,2.3465,214.337,4.70722,89,63,277,7.369,44438.7,2.4609,0.2184,2009
OR,597,2.3215,214.785,4.56226,70,27,228,7.961,44887.0,2.5944,0.2184,2009
OR,598,2.2582,215.233,4.59369,66,129,416,7.365,45431.9,2.7596,0.2184,2009
OR,599,2.1593,215.683,4.51926,89,91,528,7.082,46004.3,2.6273,0.2184,2009
OR,600,2.6252,216.133,4.38446,59,53,112,7.638,45467.5,2.3959,0.2184,2009
OR,601,2.6194,216.585,4.39496,66,14,275,8.31,44626.9,2.4681,0.2184,2009
OR,602,2.625,217.037,4.63274,63,57,471,8.34,44203.2,2.3917,0.2184,2009
OR,603,2.7241,217.491,4.56041,58,15,569,8.163,46525.8,2.321,0.2184,2009
OR,604,2.7938,217.945,4.83025,58,28,80,7.971,44889.9,2.4018,0.2184,2009
OR,605,2.887,218.4,4.83398,75,28,289,8.636,45709.3,2.2834,0.2184,2009
OR,606,2.9094,218.856,4.80457,62,88,781,7.327,45356.7,2.5966,0.2184,2009
OR,607,2.8859,219.313,4.93831,89,44,235,7.586,44734.1,2.5737,0.2184,2009
OR,608,2.8546,219.772,4.79058,84,56,194,8.624,46396.8,2.6968,0.2184,2009
OR,609,2.7805,220.231,4.64016,88,71,95,8.147,46776.1,2.6343,0.2184,2009
OR,610,2.747,220.691,4.45483,84,34,558,7.818,44528.7,2.7065,0.2184,2009
OR,611,2.6489,221.152,4.28437,79,37,277,7.714,46372.2,2.4781,0.2184,2009
OR,612,3.3828,221.614,4.51087,68,15,69,4.945,47698.2,2.3666,0.2184,2009
OR,613,3.3752,222.076,4.59398,60,40,356,5.478,48030.2,2.1804,0.2184,2009
OR,614,3.4438,222.54,4.54677,64,41,342,5.635,48018.7,2.2121,0.2184,2009
OR,615,3.514,223.005,4.75768,76,20,246,4.578,47369.0,2.0625,0.2184,2009
OR,616,3.5615,223.471,4.73938,55,21,87,4.92,47438.5,2.1217,0.2184,2009
OR,617,3.6107,223.938,4.77895,63,31,596,5.832,47695.8,2.2303,0.2184,2009
OR,618,3.5485,224.405,4.79619,59,22,207,5.289,46171.0,2.2592,0.2184,2009
OR,619,3.58,224.874,4.87119,66,90,363,5.438,48181.3,2.3829,0.2184,2009
OR,620,3.5512,225.344,4.85861,74,46,207,4.177,48531.7,2.4647,0.2184,2009
OR,621,3.3534,225.815,4.57543,59,36,397,5.204,47424.7,2.4013,0.2184,2009
OR,622,3.3668,226.286,4.56967,80,24,187,4.443,47657.0,2.4181,0.2184,2009
OR,623,3.3866,226.759,4.40078,72,80,227,4.626,48089.9,2.2736,0.2184,2009
OR,624,3.4179,227.233,4.32752,57,34,246,5.1,48356.5,2.3523,0.2184,2009
OR,625,3.4409,227.707,4.33544,59,58,510,4.876,49171.1,2.2984,0.2184,2009
OR,626,3.4671,228.183,4.69785,59,50,200,5.263,48491.7,2.2275,0.2184,2009
OR,627,3.5595,228.659,4.72193,55,25,211,5.271,49112.5,2.1824,0.2184,2009
OR,628,3.5177,229.137,4.83128,65,33,329,5.702,48376.4,2.2237,0.2184,2009
OR,629,3.5252,229.616,4.95252,68,33,431,5.367,48769.9,2.2519,0.2184,2009
OR,630,3.6243,230.095,5.19059,59,13,581,6.08,48510.4,2.3859,0.2184,2009
OR,631,3.7135,230.576,5.03449,73,37,260,4.788,48964.4,2.4225,0.2184,2009
OR,632,3.6381,231.057,5.04593,56,63,145,5.152,47850.2,2.4461,0.2184,2009
OR,633,3.6178,231.54,4.72686,69,82,495,3.921,48458.1,2.3917,0.2184,2009
OR,634,3.5711,232.024,4.58182,80,45,535,4.744,48785.9,2.3559,0.2184,2009
OR,635,3.4692,232.508,4.34755,67,40,602,4.601,47348.0,2.3156,0.2184,2009
OR,636,3.3296,232.994,4.51307,63,34,532,4.929,49391.1,2.3419,0.2184,2009
OR,637,3.2678,233.481,4.53813,58,8,138,5.263,49838.6,2.2318,0.2184,2009
OR,638,3.2173,233.968,4.75062,70,24,22,5.638,48838.4,2.168,0.2184,2009
OR,639,3.3438,234.457,4.87537,57,60,290,5.114,48852.7,2.1237,0.2184,2009
OR,640,3.5067,234.947,4.86705,62,50,172,4.974,48949.4,2.178,0.2184,2009
OR,641,3.5939,235.438,5.0987,79,16,200,5.491,49625.3,2.3052,0.2184,2009
OR,642,3.5792,235.929,5.2752,67,48,134,4.49,51111.7,2.2854,0.2184,2009
OR,643,3.6505,236.422,5.14269,83,31,608,4.627,50295.1,2.3039,0.2184,2009
OR,644,3.4814,236.916,4.99068,66,76,202,4.69,49699.3,2.3118,0.2184,2009
OR,645,3.4349,237.411,5.01891,69,68,438,4.785,50560.9,2.4354,0.2184,2009
OR,646,3.4202,237.907,4.73313,65,42,269,4.036,49749.9,2.2834,0.2184,2009
OR,647,3.3709,238.404,4.61716,56,25,262,4.424,50045.1,2.4102,0.2184,2009
OR,648,3.2493,238.902,4.54812,54,102,163,5.441,50600.9,2.3403,0.2184,2009
OR,649,3.1834,239.401,4.57607,46,10,60,5.276,50239.1,2.2335,0.2184,2009
OR,650,3.1138,239.901,4.70551,53,31,41,5.8,50267.6,2.2619,0.2184,2009
OR,651,3.1707,240.402,5.26144,63,18,222,5.692,51252.0,2.0591,0.2184,2009
OR,652,3.251,240.904,5.12058,65,61,239,4.927,51539.3,2.27,0.2184,2009
OR,653,3.5376,241.407,5.17827,58,71,498,5.005,50878.9,2.2542,0.2184,2009
OR,654,3.3836,241.911,5.23545,72,23,404,4.679,50756.4,2.3178,0.2184,2009
OR,655,3.3773,242.417,5.56598,82,36,198,4.189,51320.1,2.497,0.2184,2009
OR,656,3.335,242.923,5.12592,71,122,158,4.208,50347.5,2.4537,0.2184,2009
OR,657,3.2934,243.43,4.99992,79,38,279,5.111,51090.0,2.5153,0.2184,2009
OR,658,3.1743,243.939,4.89248,72,40,268,4.381,50080.3,2.4262,0.2184,2009
OR,659,3.0998,244.448,4.68337,66,31,242,5.321,51082.5,2.3047,0.2184,2009
OR,660,2.0636,244.959,4.53283,75,47,360,4.333,51039.6,2.317,0.2184,2009
OR,661,2.2821,245.471,5.05662,93,55,244,4.627,50698.0,2.1918,0.2184,2009
OR,662,2.3793,245.983,5.2299,55,49,249,5.798,52102.5,2.1081,0.2184,2009
OR,663,2.3826,246.497,5.43147,52,25,664,5.14,50991.2,2.1106,0.2184,2009
OR,664,2.4263,247.012,5.8411,65,69,551,5.345,51989.9,2.1893,0.2184,2009
OR,665,2.4797,247.528,5.82761,62,46,123,4.779,50890.5,2.1958,0.2184,2009
OR,666,2.5262,248.045,5.70068,63,79,48,4.531,52613.5,2.2204,0.2184,2009
OR,667,2.4363,248.563,5.99164,72,62,388,4.502,54053.3,2.4165,0.2184,2009
OR,668,2.4228,249.082,5.73225,73,49,348,4.705,53226.0,2.5054,0.2184,2009
OR,669,2.479,249.603,5.39603,74,33,236,4.338,51201.5,2.433,0.2184,2009
OR,670,2.424,250.124,5.23469,76,59,478,4.296,51916.4,2.4644,0.2184,2009
OR,671,2.3449,250.646,5.00974,73,23,781,4.891,50912.7,2.3082,0.2184,2009
OR,672,1.9605,251.17,5.05769,59,16,231,5.266,50928.0,2.3223,0.2184,2009
OR,673,1.948,251.694,5.32819,77,52,194,4.933,52096.7,2.2902,0.2184,2009
OR,674,1.954,252.22,5.41156,78,57,258,5.038,52418.2,2.157,0.2184,2009
OR,675,1.9913,252.747,5.63163,67,38,182,4.523,52235.9,2.125,0.2184,2009
OR,676,2.1148,253.275,5.85625,64,62,393,4.634,51877.6,2.2126,0.2184,2009
OR,677,2.1233,253.804,6.26827,79,46,534,4.531,53663.7,2.067,0.2184,2009
OR,678,2.1592,254.334,6.09811,65,105,338,4.772,52124.6,2.3631,0.2184,2009
OR,679,2.1765,254.865,6.07243,88,46,622,4.654,53191.5,2.3419,0.2184,2009
OR,680,2.1601,255.398,5.82262,70,30,193,5.431,53065.3,2.478,0.2184,2009
OR,681,2.089,255.931,5.78251,76,26,840,4.769,53477.0,2.4612,0.2184,2009
OR,682,2.058,256.466,5.60112,66,33,960,5.065,52778.6,2.5234,0.2184,2009
OR,683,1.9829,257.001,5.33495,83,45,340,5.055,52047.9,2.4004,0.2184,2009
OR,684,2.2935,257.538,5.35595,64,111,80,4.484,53817.0,2.4508,0.2184,2009
OR,685,2.225,258.076,5.43679,61,72,428,4.877,53512.4,2.1154,0.2184,2009
OR,686,2.3343,258.615,5.33678,54,41,282,5.542,54564.8,2.2119,0.2184,2009
OR,687,2.3699,259.155,5.68702,70,32,349,5.404,54096.3,2.1986,0.2184,2009
OR,688,2.4301,259.697,5.69094,54,37,395,5.68,54118.1,2.1526,0.2184,2009
OR,689,2.4596,260.239,5.83029,82,19,100,5.382,54233.3,2.2791,0.2184,2009
OR,690,2.5239,260.783,6.05752,66,60,621,4.651,53515.1,2.2768,0.2184,2009
OR,691,2.501,261.327,6.02546,58,28,401,4.948,53903.5,2.1873,0.2184,2009
OR,692,2.3867,261.873,5.89123,68,51,236,5.212,55304.3,2.3871,0.2184,2009
OR,693,2.3596,262.42,5.65568,79,34,419,4.565,54003.0,2.4081,0.2184,2009
OR,694,2.2483,262.968,5.70772,69,34,482,5.243,54016.0,2.3692,0.2184,2009
OR,695,2.2555,263.518,5.30788,81,78,87,4.588,54619.8,2.4062,0.2184,2009
OR,696,2.5924,264.068,5.12059,75,46,280,5.557,53743.9,2.3846,0.2184,2009
OR,697,2.585,264.62,5.24203,72,62,61,4.369,54735.8,2.1425,0.2184,2009
OR,698,2.6985,265.172,5.43331,50,73,173,4.293,55072.9,2.2061,0.2184,2009
OR,699,2.631,265.726,5.51479,75,121,254,4.899,54982.5,2.008,0.2184,2009
OR,700,2.6708,266.281,5.87091,71,26,376,5.481,54091.0,2.2117,0.2184,2009
OR,701,2.7352,266.838,5.74442,83,60,37,5.358,55981.3,2.1902,0.2184,2009
OR,702,2.748,267.395,6.00292,59,16,153,4.113,55634.8,2.1916,0.2184,2009
OR,703,2.7353,267.953,5.99513,94,73,1212,4.615,55401.1,2.2959,0.2184,2009
OR,704,2.695,268.513,5.96927,81,61,327,4.511,55689.0,2.2988,0.2184,2009
OR,705,2.5872,269.074,5.72443,81,41,468,4.176,54928.1,2.4913,0.2184,2009
OR,706,2.5361,269.636,5.43461,74,51,256,4.71,56290.2,2.4312,0.2184,2009
OR,707,2.4653,270.199,5.49427,63,36,189,4.762,55309.9,2.3301,0.2184,2009
OR,708,2.4028,270.764,5.3289,61,36,465,5.702,55042.7,2.2655,0.2184,2009
OR,709,2.3835,271.329,5.40601,62,33,53,4.207,54530.9,2.1589,0.2184,2009
OR,710,2.4898,271.896,5.38463,58,65,309,5.505,53835.7,2.1568,0.2184,2009
OR,711,2.5688,272.464,5.83982,65,78,608,5.722,56439.1,2.1484,0.2184,2009
OR,712,2.6636,273.033,5.66594,62,40,77,5.269,55536.3,2.3154,0.2184,2009
OR,713,2.6975,273.603,6.31777,66,33,247,5.275,55158.5,2.3433,0.2184,2009
OR,714,2.6867,274.175,6.15656,71,30,84,4.71,55351.6,2.4145,0.2184,2009
OR,715,2.626,274.747,6.01264,75,76,245,4.995,56474.6,2.5027,0.2184,2009
OR,716,2.6375,275.321,6.09794,79,54,184,4.77,56801.9,2.3524,0.2184,2009
OR,717,2.5643,275.896,5.74626,97,107,493,4.046,55646.8,2.4356,0.2184,2009
OR,718,2.5039,276.473,5.52843,88,62,236,4.908,57010.6,2.397,0.2184,2009
OR,719,2.4604,277.05,5.39231,80,33,643,5.575,57753.8,2.4831,0.2184,2009
OR,720,2.0042,277.629,5.08969,72,46,282,9.968,56984.1,2.1962,0.2184,2009
OR,721,1.9966,278.209,5.59807,96,47,376,9.909,56713.5,2.2519,0.2184,2009
OR,722,2.0567,278.79,4.63931,74,56,659,9.283,56939.2,2.0404,0.2184,2009
OR,723,1.7804,279.372,3.9868,73,52,120,9.183,57408.7,2.2272,0.2184,2009
OR,724,1.7987,279.956,4.72944,63,34,332,8.838,56937.3,2.0929,0.2184,2009
OR,725,2.2472,280.54,5.44533,71,23,449,9.247,56361.4,1.9897,0.2184,2009
OR,726,2.2242,281.126,5.78925,92,44,604,9.544,57223.8,2.3919,0.2184,2009
OR,727,2.2166,281.714,6.08098,79,13,535,9.233,57028.6,2.2604,0.2184,2009
OR,728,2.192,282.302,6.12889,90,85,391,8.706,56796.2,2.5042,0.2184,2009
OR,729,2.1408,282.892,5.75796,92,110,300,9.544,58100.3,2.4759,0.2184,2009
OR,730,2.0883,283.483,5.52258,91,28,185,9.328,56391.6,2.5987,0.2184,2009
OR,731,2.0653,284.075,5.29864,95,10,65,9.623,57537.6,2.3018,0.2184,2009
OR,732,2.7498,284.668,5.48512,73,60,142,4.784,57545.6,2.2856,0.2184,2009
OR,733,2.8731,285.263,5.55344,56,34,148,4.385,58624.3,2.3239,0.2184,2009
OR,734,2.9598,285.859,5.55266,56,36,447,4.666,59187.5,2.1951,0.2184,2009
OR,735,2.9994,286.456,5.88868,53,66,106,5.269,59558.8,2.1515,0.2184,2009
OR,736,3.0119,287.054,5.98979,63,45,119,4.822,59004.4,2.2326,0.2184,2009
OR,737,3.015,287.654,6.26386,75,12,466,5.376,59885.3,2.2346,0.2184,2009
OR,738,3.0896,288.254,6.25666,64,27,221,4.685,59505.5,2.2406,0.2184,2009
OR,739,3.0805,288.856,6.28069,86,34,475,4.109,59733.8,2.4959,0.2184,2009
OR,740,3.0501,289.46,6.07708,84,52,508,4.814,60067.0,2.4512,0.2184,2009
OR,741,2.9485,290.064,5.76835,70,23,455,4.821,58524.6,2.361,0.2184,2009
OR,742,2.8741,290.67,5.69318,96,29,404,5.104,58960.6,2.4137,0.2184,2009
OR,743,2.8732,291.277,5.3975,78,40,367,4.844,60248.5,2.4268,0.2184,2009
OR,744,3.8757,291.886,5.24144,67,39,224,4.662,57476.1,2.3692,0.2184,2009
OR,745,3.7547,292.496,5.49215,55,105,183,5.757,59299.6,2.1968,0.2184,2009
OR,746,3.825,293.106,5.36207,62,45,235,5.298,59015.3,2.3151,0.2184,2009
OR,747,3.8633,293.719,5.57559,63,78,92,5.122,57908.5,2.1472,0.2184,2009
OR,748,4.4808,294.332,5.67118,51,12,244,6.068,59975.0,2.0388,0.2184,2009
OR,749,4.844,294.947,5.84522,64,24,426,5.937,60842.9,2.1484,0.2184,2009
OR,750,3.9946,295.563,6.03212,67,21,649,5.185,60840.8,2.2566,0.2184,2009
OR,751,4.0592,296.18,5.88355,85,82,148,4.913,60915.4,2.4616,0.2184,2009
OR,752,4.0156,296.799,5.75485,84,44,325,3.779,59355.2,2.429,0.2184,2009
OR,753,3.9588,297.419,5.62181,74,57,195,4.783,59314.9,2.3,0.2184,2009
OR,754,3.8866,298.04,5.53425,75,72,210,4.729,60609.2,2.4448,0.2184,2009
OR,755,3.7513,298.663,5.13303,61,62,339,5.135,58428.1,2.3679,0.2184,2009
OR,756,3.2328,299.287,5.27845,67,46,471,5.368,59257.3,2.2762,0.2184,2009
OR,757,3.3086,299.912,5.39408,79,29,157,4.991,58976.3,2.129,0.2184,2009
OR,758,3.3282,300.538,5.65054,50,59,114,5.345,60893.0,2.0299,0.2184,2009
OR,759,3.4356,301.166,5.91892,61,42,338,4.51,59621.5,2.1585,0.2184,2009
OR,760,3.5241,301.795,5.93482,59,35,525,5.063,60257.9,2.1132,0.2184,2009
OR,761,3.5364,302.425,6.31852,67,21,374,4.966,60202.3,2.2712,0.2184,2009
OR,762,3.4986,303.057,6.39613,72,98,346,4.749,61849.1,2.2797,0.2184,2009
OR,763,3.4813,303.69,6.30236,48,58,577,5.615,60806.9,2.2409,0.2184,2009
OR,764,3.3643,304.324,6.06817,65,30,205,4.643,61978.5,2.3261,0.2184,2009
OR,765,3.3878,304.96,5.88225,73,50,518,4.93,61523.0,2.4048,0.2184,2009
OR,766,3.3791,305.597,5.86089,69,43,526,4.984,60787.4,2.4224,0.2184,2009
OR,767,3.3794,306.235,5.49821,68,34,146,4.737,61539.6,2.4379,0.2184,2009
OR,768,3.0967,306.875,5.57223,67,70,158,5.219,60814.2,2.3397,0.2184,2009
OR,769,3.173,307.516,5.5144,66,18,137,4.233,62356.3,2.0927,0.2184,2009
OR,770,3.243,308.158,5.52768,62,67,428,5.216,62244.2,2.2239,0.2184,2009
OR,771,3.2722,308.802,5.97204,69,51,92,5.432,61944.7,1.9815,0.2184,2009
OR,772,3.3053,309.447,5.89807,66,24,336,5.457,60149.4,2.2156,0.2184,2009
OR,773,3.2837,310.093,6.36233,56,25,243,5.506,60847.7,2.2371,0.2184,2009
OR,774,3.3533,310.741,6.61072,71,105,470,5.232,62970.1,2.3531,0.2184,2009
OR,775,3.3129,311.39,6.53108,80,35,792,5.248,62265.8,2.435,0.2184,2009
OR,776,3.2596,312.041,6.24293,67,37,149,4.995,62090.6,2.4326,0.2184,2009
OR,777,3.1592,312.692,5.95536,61,87,628,4.883,62951.5,2.3475,0.2184,2009
OR,778,3.0977,313.345,6.07497,65,74,712,4.945,61594.0,2.344,0.2184,2009
OR,779,3.0097,314.0,5.79325,63,23,395,5.896,63289.5,2.3866,0.2184,2009
PA,540,2.1797,190.7,6.65386,113,35,331,5.152,42432.4,2.2611,0.4043,2007
PA,541,2.2361,191.098,6.57788,87,33,420,4.815,42316.6,2.1463,0.4043,2007
PA,542,2.2889,191.497,6.63415,103,53,840,4.781,41428.8,2.2274,0.4043,2007
PA,543,2.3531,191.897,7.09822,118,33,76,5.234,42423.4,2.1408,0.4043,2007
PA,544,2.467,192.298,7.55131,103,13,707,5.328,42602.6,2.2116,0.4043,2007
PA,545,2.5193,192.7,7.43398,108,36,672,4.9,42175.6,2.2306,0.4043,2007
PA,546,2.3779,193.102,7.29468,113,57,206,5.046,42338.5,2.3985,0.4043,2007
PA,547,2.3573,193.506,7.28307,115,41,481,4.585,42833.5,2.4409,0.4043,2007
PA,548,2.3183,193.91,7.20931,128,20,768,4.666,42104.9,2.4393,0.4043,2007
PA,549,2.2641,194.315,7.08251,148,44,496,4.817,42585.9,2.6399,0.4043,2007
PA,550,2.2086,194.721,7.02076,116,61,460,4.925,41843.2,2.5045,0.4043,2007
PA,551,2.2008,195.128,6.621,118,50,391,5.162,42831.0,2.4612,0.4043,2007
PA,552,2.4812,195.535,6.54392,98,45,476,4.585,42150.8,2.3503,0.4043,2007
PA,553,2.4573,195.944,6.77172,130,59,190,5.091,42957.2,2.3001,0.4043,2007
PA,554,2.5337,196.353,6.93021,88,45,179,5.049,42378.4,2.1058,0.4043,2007
PA,555,2.6427,196.763,7.46761,96,16,217,5.343,43288.3,1.9976,0.4043,2007
PA,556,2.7115,197.174,7.45402,101,24,252,4.943,43400.8,2.142,0.4043,2007
PA,557,2.8296,197.586,7.61002,100,26,627,5.326,43237.0,2.3175,0.4043,2007
PA,558,2.8087,197.999,7.37945,101,86,93,5.547,43649.6,2.276,0.4043,2007
PA,559,2.7056,198.412,7.18429,117,75,476,4.733,42874.4,2.4865,0.4043,2007
PA,560,2.6032,198.827,7.52975,114,12,475,3.878,42789.0,2.4046,0.4043,2007
PA,561,2.5814,199.242,7.17898,137,41,137,4.679,43862.3,2.3688,0.4043,2007
PA,562,2.5446,199.658,6.83695,122,40,213,4.375,44178.4,2.2042,0.4043,2007
PA,563,2.5472,200.075,6.67697,124,51,233,5.189,43400.9,2.2956,0.4043,2007
PA,564,2.7364,200.493,6.63333,113,45,293,4.507,43079.3,2.4317,0.4043,2007
PA,565,2.7788,200.912,6.49895,117,45,149,4.811,43239.3,2.0965,0.4043,2007
PA,566,2.7642,201.331,6.98428,98,123,380,5.821,42951.2,2.1166,0.4043,2007
PA,567,2.8246,201.752,7.08517,104,44,292,5.09,44136.2,2.18,0.4043,2007
PA,568,2.8612,202.173,7.19296,89,62,194,5.392,43418.0,2.1735,0.4043,2007
PA,569,2.9641,202.596,7.34791,100,58,503,5.651,43992.4,2.1942,0.4043,2007
PA,570,3.0403,203.019,7.57963,97,133,438,4.666,43996.1,2.2716,0.4043,2007
PA,571,3.0086,203.443,7.5006,121,37,773,5.098,43511.6,2.3264,0.4043,2007
PA,572,2.9104,203.868,7.14336,124,76,383,5.272,43765.0,2.4552,0.4043,2007
PA,573,2.8024,204.294,6.91787,121,66,727,5.249,44008.6,2.507,0.4043,2007
PA,574,2.7525,204.72,6.80747,125,80,276,4.77,45326.2,2.4609,0.4043,2007
PA,575,2.7116,205.148,6.71032,118,122,126,5.373,44793.7,2.486,0.4043,2007
PA,576,3.2111,205.576,6.61539,106,53,59,6.912,43799.4,2.6863,0.4043,2007
PA,577,3.2352,206.006,6.17072,92,136,170,7.826,43179.0,2.5026,0.4043,2007
PA,578,3.3381,206.436,6.46871,91,50,414,8.09,44334.5,2.1289,0.4043,2007
PA,579,3.2968,206.867,6.50414,106,131,64,7.789,43661.2,2.3062,0.4043,2007
PA,580,3.3019,207.299,7.07545,108,21,496,7.745,43846.3,2.3168,0.4043,2007
PA,581,4.0283,207.732,7.029,117,79,654,8.076,43378.4,2.4444,0.4043,2007
PA,582,4.1603,208.166,7.09322,109,30,262,7.455,44003.0,2.5497,0.4043,2007
PA,583,3.4518,208.601,7.06605,99,39,608,7.78,43873.5,2.4796,0.4043,2007
PA,584,3.3666,209.037,6.81408,94,67,358,7.969,44504.6,2.5211,0.4043,2007
PA,585,3.2986,209.474,6.62902,124,61,463,7.364,44006.5,2.7732,0.4043,2007
PA,586,2.1605,209.911,6.55533,109,279,34,7.539,44314.0,2.7335,0.4043,2007
PA,587,1.6863,210.35,6.90559,139,98,354,7.433,44692.5,2.5933,0.4043,2007
PA,588,2.2228,210.789,7.01411,117,92,217,7.573,43295.4,2.5082,0.4043,2007
PA,589,2.1938,211.229,6.84578,113,89,693,8.231,44285.9,2.4875,0.4043,2007
PA,590,2.271,211.67,7.12539,103,45,1045,8.352,44751.0,2.4408,0.4043,2007
PA,591,2.3432,212.113,7.42826,105,70,563,8.376,44937.6,2.3822,0.4043,2007
PA,592,2.3936,212.556,7.64122,86,89,130,8.257,44525.8,2.3724,0.4043,2007
PA,593,2.4232,213.0,7.82067,120,51,156,8.268,44494.2,2.2906,0.4043,2007
PA,594,2.4451,213.444,8.09788,118,51,218,7.543,44748.1,2.545,0.4043,2007
PA,595,2.4346,213.89,7.57296,99,62,457,7.477,44899.5,2.5468,0.4043,2007
PA,596,2.4012,214.337,7.48501,120,131,1115,7.197,45409.8,2.5771,0.4043,2007
PA,597,2.3794,214.785,7.27743,117,63,539,7.073,45774.2,2.5912,0.4043,2007
PA,598,2.278,215.233,7.30968,130,49,413,6.74,45092.4,2.6885,0.4043,2007
PA,599,2.2551,215.683,6.74259,101,151,332,7.726,43678.4,2.5861,0.4043,2007
PA,600,2.7263,216.133,6.67106,112,91,1231,8.407,44923.6,2.4197,0.4043,2007
PA,601,2.6783,216.585,6.73279,91,82,670,7.726,44661.6,2.531,0.4043,2007
PA,602,2.7622,217.037,6.87108,122,31,604,8.53,44929.3,2.3545,0.4043,2007
PA,603,2.741,217.491,7.43244,100,64,282,7.925,45556.6,2.3091,0.4043,2007
PA,604,2.8105,217.945,7.15686,91,39,126,8.597,44707.0,2.326,0.4043,2007
PA,605,2.8838,218.4,7.60198,100,70,454,8.071,45214.3,2.3877,0.4043,2007
PA,606,2.8053,218.856,7.59216,110,45,519,7.718,46293.4,2.5989,0.4043,2007
PA,607,2.8203,219.313,7.66491,113,129,599,8.156,45463.5,2.687,0.4043,2007
PA,608,2.7888,219.772,7.47603,124,75,317,8.062,45680.6,2.6536,0.4043,2007
PA,609,2.788,220.231,7.08171,145,106,274,8.248,45775.6,2.6832,0.4043,2007
PA,610,2.6708,220.691,7.10178,148,29,617,7.699,46560.6,2.4959,0.4043,2007
PA,611,2.6848,221.152,7.0929,104,105,440,7.178,47232.8,2.6112,0.4043,2007
PA,612,3.4499,221.614,6.96356,102,52,523,5.63,47289.4,2.2296,0.4043,2007
PA,613,3.5028,222.076,6.70884,108,56,110,5.641,46761.3,2.1907,0.4043,2007
PA,614,3.455,222.54,7.18183,97,34,309,5.6,47816.0,2.1593,0.4043,2007
PA,615,3.4731,223.005,7.29261,85,34,459,5.005,48236.6,2.1876,0.4043,2007
PA,616,3.5603,223.471,7.61115,85,53,174,5.699,48038.2,2.1052,0.4043,2007
PA,617,3.5519,223.938,7.79289,91,27,107,5.237,49216.1,2.2806,0.4043,2007
PA,618,3.6598,224.405,7.98278,83,118,840,4.63,47479.5,2.2572,0.4043,2007
PA,619,3.5532,224.874,7.66876,104,97,335,4.685,48144.1,2.3399,0.4043,2007
PA,620,3.4889,225.344,7.43466,106,33,272,3.878,48246.1,2.5718,0.4043,2007
PA,621,3.6815,225.815,7.15556,126,26,553,4.759,47047.8,2.474,0.4043,2007
PA,622,3.5406,226.286,7.09874,108,84,407,5.002,48060.8,2.3232,0.4043,2007
PA,623,3.5153,226.759,6.81551,116,39,682,4.528,47543.5,2.4358,0.4043,2007
PA,624,3.5444,227.233,6.91711,114,58,372,5.269,48772.3,2.4097,0.4043,2007
PA,625,3.5866,227.707,6.9583,93,79,145,4.793,47999.6,2.184,0.4043,2007
PA,626,3.6682,228.183,7.07533,81,75,221,4.877,48114.7,2.0974,0.4043,2007
PA,627,3.6696,228.659,7.49986,97,77,136,5.51,49861.7,2.2717,0.4043,2007
PA,628,3.696,229.137,7.49346,99,77,466,5.268,48947.9,2.2871,0.4043,2007
PA,629,3.762,229.616,7.82629,97,46,693,5.697,48428.4,2.1872,0.4043,2007
PA,630,3.8241,230.095,7.70886,108,62,436,5.069,48402.9,2.4192,0.4043,2007
PA,631,3.758,230.576,8.01394,93,59,531,4.808,49518.4,2.4096,0.4043,2007
PA,632,3.8339,231.057,7.37917,110,30,308,5.407,49048.3,2.535,0.4043,2007
PA,633,3.7368,231.54,7.31905,126,11,263,4.258,48283.2,2.4857,0.4043,2007
PA,634,3.6295,232.024,7.47024,103,33,430,4.08,49648.1,2.4529,0.4043,2007
PA,635,3.5692,232.508,6.93703,86,41,182,5.295,49587.2,2.4841,0.4043,2007
PA,636,3.4254,232.994,6.98529,128,39,188,4.607,50017.3,2.1726,0.4043,2007
PA,637,3.4674,233.481,6.95583,105,41,237,4.714,48947.2,2.2349,0.4043,2007
PA,638,3.5651,233.968,6.95151,72,35,215,5.581,49192.1,2.1603,0.4043,2007
PA,639,3.5236,234.457,7.5154,84,37,243,4.988,49975.1,2.1532,0.4043,2007
PA,640,3.6589,234.947,7.69833,105,31,215,5.321,49009.8,2.1601,0.4043,2007
PA,641,3.7037,235.438,8.10595,101,41,290,4.819,50488.6,2.2643,0.4043,2007
PA,642,3.7734,235.929,7.70968,108,125,192,5.253,49449.6,2.2689,0.4043,2007
PA,643,3.7552,236.422,8.10063,121,61,838,4.477,50013.6,2.2381,0.4043,2007
PA,644,3.6231,236.916,7.59144,121,142,285,5.073,50553.2,2.6461,0.4043,2007
PA,645,3.4752,237.411,7.62768,107,47,574,4.273,51006.8,2.4095,0.4043,2007
PA,646,3.3954,237.907,7.36294,109,108,755,4.187,49817.9,2.429,0.4043,2007
PA,647,3.4046,238.404,7.44518,96,57,450,4.536,51548.1,2.4484,0.4043,2007
PA,648,3.2415,238.902,6.93944,94,71,133,4.893,50668.3,2.3279,0.4043,2007
PA,649,3.2719,239.401,7.21123,79,80,185,5.275,50310.7,2.3363,0.4043,2007
PA,650,3.3106,239.901,7.26163,99,28,121,5.77,51623.4,2.2333,0.4043,2007
PA,651,3.3599,240.402,7.55834,90,54,326,5.747,49688.4,2.1867,0.4043,2007
PA,652,3.3943,240.904,7.7516,97,67,142,5.907,50238.5,2.184,0.4043,2007
PA,653,3.623,241.407,8.22993,103,40,808,4.777,50830.7,2.3386,0.4043,2007
PA,654,3.3738,241.911,8.22793,115,100,683,5.25,50535.4,2.2831,0.4043,2007
PA,655,3.4834,242.417,8.37401,107,67,695,4.686,49661.3,2.409,0.4043,2007
PA,656,3.3768,242.923,8.04915,121,92,438,4.636,51251.3,2.4496,0.4043,2007
PA,657,3.3305,243.43,7.91036,117,171,682,4.747,51078.2,2.5435,0.4043,2007
PA,658,3.3307,243.939,7.9829,95,92,1158,4.663,51817.0,2.4276,0.4043,2007
PA,659,3.2423,244.448,7.49997,120,75,535,4.447,51672.2,2.2377,0.4043,2007
PA,660,2.182,244.959,7.71594,120,24,209,5.195,51794.8,2.1559,0.4043,2007
PA,661,2.3454,245.471,7.83095,111,95,224,4.917,51288.3,2.205,0.4043,2007
PA,662,2.3666,245.983,7.74478,99,68,391,5.323,51460.3,2.257,0.4043,2007
PA,663,2.4611,246.497,8.64051,92,41,257,4.726,52231.1,2.1682,0.4043,2007
PA,664,2.5663,247.012,8.63464,78,110,155,5.152,53219.5,2.245,0.4043,2007
PA,665,2.5833,247.528,8.64401,93,81,143,5.492,52379.5,2.2558,0.4043,2007
PA,666,2.5415,248.045,9.35673,107,95,333,5.524,52988.7,2.351,0.4043,2007
PA,667,2.5037,248.563,8.76611,103,125,190,4.471,51332.5,2.4531,0.4043,2007
PA,668,2.4725,249.082,8.74727,110,54,860,4.416,50871.7,2.4344,0.4043,2007
PA,669,2.4928,249.603,8.31682,124,154,524,4.877,51885.3,2.561,0.4043,2007
PA,670,2.4007,250.124,8.37447,126,126,337,4.584,52130.2,2.4953,0.4043,2007
PA,671,2.3815,250.646,8.27819,101,130,359,4.682,52572.1,2.3152,0.4043,2007
PA,672,2.0032,251.17,7.83786,114,34,244,5.212,52648.5,2.1128,0.4043,2007
PA,673,2.035,251.694,8.19859,126,50,503,4.877,52626.5,2.1685,0.4043,2007
PA,674,2.0672,252.22,8.57572,95,38,300,5.473,51513.0,2.0438,0.4043,2007
PA,675,2.1813,252.747,8.61856,101,78,451,4.898,52177.0,2.2677,0.4043,2007
PA,676,2.2246,253.275,9.15674,105,70,473,5.406,51685.3,2.1005,0.4043,2007
PA,677,2.218,253.804,9.54052,95,122,384,5.147,52577.6,2.0935,0.4043,2007
PA,678,2.2165,254.334,9.53255,116,27,916,4.152,52582.5,2.316,0.4043,2007
PA,679,2.1606,254.865,9.04187,139,28,225,5.889,53673.5,2.3113,0.4043,2007
PA,680,2.1526,255.398,8.88389,134,48,443,5.603,53656.4,2.4577,0.4043,2007
PA,681,2.1348,255.931,9.19174,130,114,361,4.2,53573.9,2.4125,0.4043,2007
PA,682,2.0581,256.466,8.6484,153,41,1073,5.047,52687.2,2.3705,0.4043,2007
PA,683,2.0601,257.001,8.56003,121,167,951,5.154,52955.7,2.3111,0.4043,2007
PA,684,2.2779,257.538,8.29551,115,66,419,4.91,53482.2,2.3638,0.4043,2007
PA,685,2.318,258.076,8.3795,131,18,363,5.254,54012.0,2.2861,0.4043,2007
PA,686,2.3383,258.615,8.31829,114,88,140,5.654,52669.9,2.1939,0.4043,2007
PA,687,2.4606,259.155,9.12524,107,51,92,5.492,53345.0,2.4001,0.4043,2007
PA,688,2.4808,259.697,9.0823,95,86,317,4.959,52970.9,2.244,0.4043,2007
PA,689,2.5184,260.239,9.38991,123,106,194,4.857,52609.0,2.1516,0.4043,2007
PA,690,2.4843,260.783,9.27712,95,41,193,4.986,53616.8,2.2469,0.4043,2007
PA,691,2.4841,261.327,9.49699,104,152,209,4.542,54034.2,2.302,0.4043,2007
PA,692,2.4005,261.873,9.45178,144,74,1442,4.853,53900.3,2.4477,0.4043,2007
PA,693,2.4142,262.42,9.01149,131,127,366,4.526,54644.9,2.4294,0.4043,2007
PA,694,2.4023,262.968,8.61475,99,84,274,5.081,54944.9,2.3856,0.4043,2007
PA,695,2.377,263.518,8.44493,126,88,395,5.334,54739.9,2.4824,0.4043,2007
PA,696,2.5711,264.068,8.27662,132,26,429,4.732,53485.8,2.3052,0.4043,2007
PA,697,2.5442,264.62,8.05719,116,57,144,5.502,54863.3,2.3543,0.4043,2007
PA,698,2.5964,265.172,8.44131,116,94,169,4.932,54179.3,2.1861,0.4043,2007
PA,699,2.6265,265.726,8.61395,120,101,311,5.553,54043.0,2.2696,0.4043,2007
PA,700,2.8289,266.281,9.16009,96,76,311,5.47,55183.9,2.2142,0.4043,2007
PA,701,2.7967,266.838,9.11455,99,88,502,5.224,54483.3,2.4245,0.4043,2007
PA,702,2.784,267.395,9.74299,110,23,766,4.928,55522.0,2.2472,0.4043,2007
PA,703,2.7734,267.953,9.14967,90,101,329,4.549,54775.2,2.4531,0.4043,2007
PA,704,2.725,268.513,9.2382,105,66,428,5.068,55129.8,2.4485,0.4043,2007
PA,705,2.7181,269.074,8.78818,130,160,401,4.866,54746.3,2.3779,0.4043,2007
PA,706,2.5699,269.636,8.70887,121,94,503,4.439,55012.3,2.341,0.4043,2007
PA,707,2.5855,270.199,8.37936,128,69,1340,4.562,54499.7,2.4242,0.4043,2007
PA,708,2.4886,270.764,8.2758,110,105,593,5.086,54975.6,2.2319,0.4043,2007
PA,709,2.515,271.329,8.2301,100,65,1104,5.302,55442.7,2.1272,0.4043,2007
PA,710,2.5274,271.896,8.94248,109,57,158,4.377,55827.5,2.2936,0.4043,2007
PA,711,2.6209,272.464,9.09176,93,89,96,4.599,56575.9,2.1819,0.4043,2007
PA,712,2.6395,273.033,9.12033,86,31,1218,5.777,55801.4,2.2415,0.4043,2007
PA,713,2.6079,273.603,9.67575,109,44,122,5.37,56551.4,2.1651,0.4043,2007
PA,714,2.6358,274.175,9.3515,117,32,113,5.467,55726.1,2.3672,0.4043,2007
PA,715,2.6843,274.747,9.80016,120,121,995,4.756,56328.0,2.5131,0.4043,2007
PA,716,2.6255,275.321,9.42145,118,101,767,4.428,56422.5,2.4233,0.4043,2007
PA,717,2.5638,275.896,8.81819,124,39,1463,4.802,56283.6,2.6104,0.4043,2007
PA,718,2.5068,276.473,9.09461,123,85,1417,4.346,55342.0,2.5249,0.4043,2007
PA,719,2.4696,277.05,8.63143,150,54,480,5.307,56241.5,2.4778,0.4043,2007
PA,720,2.0264,277.629,8.46299,149,48,1040,9.735,56749.9,2.2805,0.4043,2007
PA,721,2.1145,278.209,8.45404,113,74,234,9.838,58247.9,2.1861,0.4043,2007
PA,722,2.1165,278.79,7.02926,95,37,845,9.778,56648.3,2.1965,0.4043,2007
PA,723,1.8821,279.372,6.12639,110,21,98,9.43,56610.6,2.3664,0.4043,2007
PA,724,1.8726,279.956,7.38117,128,81,460,9.823,56032.7,2.1965,0.4043,2007
PA,725,2.2739,280.54,8.15666,118,39,151,9.61,56960.9,2.1924,0.4043,2007
PA,726,2.3234,281.126,8.94713,119,82,602,9.329,56553.3,2.3624,0.4043,2007
PA,727,2.2774,281.714,9.95274,128,62,405,9.104,57645.8,2.3712,0.4043,2007
PA,728,2.2221,282.302,9.51694,113,74,708,9.46,57526.4,2.4376,0.4043,2007
PA,729,2.1269,282.892,9.5688,139,49,759,9.32,57824.5,2.4252,0.4043,2007
PA,730,2.134,283.483,8.66841,127,54,205,9.374,58283.6,2.4368,0.4043,2007
PA,731,2.1103,284.075,8.71943,142,25,781,8.692,56247.3,2.3336,0.4043,2007
PA,732,2.9461,284.668,8.91711,119,100,851,5.115,58188.6,2.3607,0.4043,2007
PA,733,2.8871,285.263,8.72794,74,44,711,5.241,59191.0,2.2295,0.4043,2007
PA,734,2.9488,285.859,8.86927,120,76,335,4.834,58452.5,2.2555,0.4043,2007
PA,735,2.9853,286.456,9.24103,110,43,458,5.079,58425.5,2.299,0.4043,2007
PA,736,2.9724,287.054,9.21906,119,90,615,6.009,57496.1,2.1474,0.4043,2007
PA,737,3.1173,287.654,9.30374,101,106,312,5.258,57670.8,2.1857,0.4043,2007
PA,738,3.1282,288.254,9.85828,75,161,627,5.87,58511.9,2.2962,0.4043,2007
PA,739,3.0933,288.856,9.69316,98,59,412,4.577,58024.5,2.4343,0.4043,2007
PA,740,3.0046,289.46,9.39456,124,47,352,4.782,58977.1,2.4023,0.4043,2007
PA,741,2.9363,290.064,9.02165,139,91,2562,4.431,58445.9,2.4978,0.4043,2007
PA,742,2.8673,290.67,8.79597,127,96,1044,4.65,58342.3,2.414,0.4043,2007
PA,743,2.8598,291.277,8.41402,107,76,445,4.874,57770.8,2.4084,0.4043,2007
PA,744,3.8692,291.886,8.36736,91,100,979,4.905,58043.0,2.3074,0.4043,2007
PA,745,3.8008,292.496,8.52856,114,70,1015,5.34,59604.7,2.2648,0.4043,2007
PA,746,3.8582,293.106,8.68821,76,49,514,4.415,58262.4,1.9993,0.4043,2007
PA,747,3.9492,293.719,8.77921,107,80,420,6.121,58892.5,2.2419,0.4043,2007
PA,748,4.3696,294.332,9.20329,91,89,228,4.885,59750.5,2.1443,0.4043,2007
PA,749,4.9195,294.947,9.34318,88,122,909,4.801,59005.4,2.1065,0.4043,2007
PA,750,3.9812,295.563,9.58878,108,77,427,4.119,59184.4,2.1644,0.4043,2007
PA,751,4.1479,296.18,9.64385,106,61,332,4.851,60700.1,2.385,0.4043,2007
PA,752,4.0963,296.799,9.11938,109,126,629,4.726,61586.7,2.375,0.4043,2007
PA,753,3.912,297.419,8.81461,127,97,848,5.133,59432.3,2.4449,0.4043,2007
PA,754,3.7748,298.04,8.62793,107,59,476,4.659,60905.9,2.5098,0.4043,2007
PA,755,3.7698,298.663,8.29693,114,44,444,5.279,60462.5,2.2904,0.4043,2007
PA,756,3.3326,299.287,8.74828,120,36,264,4.956,59554.0,2.3412,0.4043,2007
PA,757,3.3604,299.912,8.73435,101,63,416,4.612,59941.9,2.3248,0.4043,2007
PA,758,3.3524,300.538,8.5076,79,32,422,5.213,59341.9,2.2868,0.4043,2007
PA,759,3.4663,301.166,9.36417,101,112,279,4.388,59947.3,2.1294,0.4043,2007
PA,760,3.5334,301.795,9.92232,91,65,380,5.541,60388.3,2.2235,0.4043,2007
PA,761,3.6428,302.425,9.97524,136,61,380,4.967,61723.9,2.2139,0.4043,2007
PA,762,3.7192,303.057,9.55548,84,31,595,5.272,60438.2,2.4957,0.4043,2007
PA,763,3.6539,303.69,9.76899,109,214,544,5.233,60245.0,2.594,0.4043,2007
PA,764,3.4974,304.324,9.05995,117,75,162,4.926,59399.8,2.2282,0.4043,2007
PA,765,3.473,304.96,9.2431,101,64,126,4.567,62683.6,2.4389,0.4043,2007
PA,766,3.4046,305.597,9.13673,110,96,956,4.042,60939.1,2.4184,0.4043,2007
PA,767,3.3751,306.235,8.577,110,122,888,4.71,61428.9,2.3312,0.4043,2007
PA,768,3.1843,306.875,8.5032,109,118,507,4.871,59929.2,2.1378,0.4043,2007
PA,769,3.1666,307.516,9.09018,101,63,506,5.673,61750.9,2.2337,0.4043,2007
PA,770,3.1632,308.158,9.20671,77,113,410,4.255,62527.5,2.1558,0.4043,2007
PA,771,3.2772,308.802,9.43086,96,69,409,5.266,61263.5,2.2465,0.4043,2007
PA,772,3.4434,309.447,9.86015,81,50,373,4.736,62251.8,2.071,0.4043,2007
PA,773,3.4149,310.093,9.91578,118,85,337,5.458,61764.3,2.2907,0.4043,2007
PA,774,3.535,310.741,9.97185,100,113,433,5.526,63348.5,2.213,0.4043,2007
PA,775,3.3532,311.39,10.17259,110,89,600,5.072,61943.0,2.353,0.4043,2007
PA,776,3.3229,312.041,9.79099,122,43,398,4.897,61165.1,2.3753,0.4043,2007
PA,777,3.3982,312.692,9.4689,118,77,144,4.734,61125.4,2.4456,0.4043,2007
PA,778,3.2959,313.345,9.11618,115,54,532,4.908,61109.6,2.4663,0.4043,2007
PA,779,3.1857,314.0,9.1681,98,55,1041,4.966,62978.7,2.4058,0.4043,2007
RI,540,2.2083,190.7,13.88183,246,199,964,5.591,41726.5,2.412,0.2619,2009
RI,541,2.2075,191.098,13.68466,269,43,440,5.655,41536.0,2.2333,0.2619,2009
RI,542,2.2432,191.497,14.40184,242,87,944,5.562,40872.5,2.2685,0.2619,2009
RI,543,2.2939,191.897,15.47521,184,198,766,4.477,43029.2,2.1645,0.2619,2009
RI,544,2.3254,192.298,16.12507,216,198,523,5.538,42826.5,2.1899,0.2619,2009
RI,545,2.429,192.7,16.17574,249,195,553,5.173,42179.4,2.3703,0.2619,2009
RI,546,2.4627,193.102,16.6101,220,84,667,4.832,42374.6,2.3314,0.2619,2009
RI,547,2.433,193.506,15.78566,245,61,2204,5.475,42477.2,2.4699,0.2619,2009
RI,548,2.3435,193.91,16.07225,252,143,419,4.643,42992.9,2.4751,0.2619,2009
RI,549,2.3838,194.315,15.53134,288,312,1633,4.63,42941.4,2.4965,0.2619,2009
RI,550,2.318,194.721,14.63448,229,169,1142,4.462,42743.8,2.4797,0.2619,2009
RI,551,2.222,195.128,14.73119,253,122,1728,4.413,42655.4,2.4348,0.2619,2009
RI,552,2.5058,195.535,13.93589,239,223,293,5.625,42723.5,2.2397,0.2619,2009
RI,553,2.5263,195.944,14.34385,225,189,852,4.694,43181.3,2.3587,0.2619,2009
RI,554,2.5118,196.353,15.09977,210,187,559,4.816,43174.3,2.2282,0.2619,2009
RI,555,2.6038,196.763,14.83124,205,26,896,5.667,43766.4,2.304,0.2619,2009
RI,556,2.6367,197.174,15.9341,212,179,1424,5.071,43693.7,2.117,0.2619,2009
RI,557,2.7851,197.586,16.09902,166,204,66,4.857,43502.8,2.1781,0.2619,2009
RI,558,2.7348,197.999,16.22779,235,200,1222,5.384,42910.5,2.1815,0.2619,2009
RI,559,2.6981,198.412,16.37177,243,94,785,3.751,43715.6,2.4193,0.2619,2009
RI,560,2.7043,198.827,15.66724,249,79,800,4.578,43824.7,2.5233,0.2619,2009
RI,561,2.592,199.242,15.53363,245,54,1652,4.526,43681.7,2.2315,0.2619,2009
RI,562,2.5449,199.658,15.42345,262,145,959,4.504,43361.8,2.3255,0.2619,2009
RI,563,2.4449,200.075,14.72971,254,166,675,4.838,43362.4,2.2897,0.2619,2009
RI,564,2.6614,200.493,14.60389,239,188,1002,5.055,45291.7,2.3605,0.2619,2009
RI,565,2.6187,200.912,14.35384,236,246,163,5.415,44147.5,2.0742,0.2619,2009
RI,566,2.7313,201.331,14.80987,224,102,439,5.712,43657.4,2.0811,0.2619,2009
RI,567,2.7913,201.752,15.13517,210,55,572,6.415,44260.8,2.0121,0.2619,2009
RI,568,2.935,202.173,16.08931,191,224,443,5.375,43369.3,2.2948,0.2619,2009
RI,569,2.9357,202.596,16.37554,204,174,1330,5.32,44986.5,2.3755,0.2619,2009
RI,570,2.943,203.019,16.98112,246,186,730,5.707,44368.0,2.2641,0.2619,2009
RI,571,2.965,203.443,16.43544,269,122,1299,4.959,44018.8,2.4737,0.2619,2009
RI,572,2.9064,203.868,15.96378,249,129,770,4.701,44921.8,2.4596,0.2619,2009
RI,573,2.8646,204.294,15.63403,219,52,3075,4.574,44663.0,2.3912,0.2619,2009
RI,574,2.8141,204.72,14.21296,235,113,839,4.776,44739.4,2.4298,0.2619,2009
RI,575,2.757,205.148,14.37091,244,190,974,4.921,43871.8,2.2815,0.2619,2009
RI,576,3.1834,205.576,13.99335,253,121,652,8.174,42730.8,2.4852,0.2619,2009
RI,577,3.1812,206.006,13.80223,256,67,752,7.921,43907.0,2.546,0.2619,2009
RI,578,3.1713,206.436,14.34278,212,93,416,7.919,43983.3,2.5016,0.2619,2009
RI,579,3.2668,206.867,14.61758,217,148,1008,8.371,43360.6,2.4256,0.2619,2009
RI,580,3.3869,207.299,15.05233,202,196,695,7.778,43488.1,2.0822,0.2619,2009
RI,581,4.1689,207.732,15.40792,233,150,298,7.848,44563.3,2.4543,0.2619,2009
RI,582,4.2126,208.166,15.61087,246,124,1503,7.582,43483.1,2.4834,0.2619,2009
RI,583,3.4908,208.601,15.05851,219,148,1654,8.143,43824.1,2.4808,0.2619,2009
RI,584,3.4516,209.037,15.19858,277,114,1162,7.763,43995.2,2.534,0.2619,2009
RI,585,3.3596,209.474,14.3181,260,106,932,7.242,42925.6,2.5912,0.2619,2009
RI,586,2.1832,209.911,14.05505,249,271,1305,7.48,43778.0,2.5794,0.2619,2009
RI,587,1.6837,210.35,14.90373,241,66,259,7.464,44386.1,2.5749,0.2619,2009
RI,588,2.2246,210.789,14.21524,260,183,790,8.233,44095.8,2.5597,0.2619,2009
RI,589,2.2401,211.229,14.99271,220,246,828,8.472,43998.9,2.4413,0.2619,2009
RI,590,2.3238,211.67,15.21389,247,258,575,8.347,44735.5,2.3448,0.2619,2009
RI,591,2.3603,212.113,16.08147,264,142,459,7.734,44740.3,2.2497,0.2619,2009
RI,592,2.4893,212.556,17.15803,187,94,1122,7.552,45142.1,2.4071,0.2619,2009
RI,593,2.5019,213.0,16.51628,227,76,274,9.228,44978.8,2.4081,0.2619,2009
RI,594,2.4921,213.444,16.61794,229,80,1125,7.622,44587.2,2.4673,0.2619,2009
RI,595,2.5043,213.89,17.04411,242,93,320,7.696,44310.6,2.6698,0.2619,2009
RI,596,2.3749,214.337,16.81144,257,77,1076,8.305,44626.4,2.7518,0.2619,2009
RI,597,2.3354,214.785,16.33947,265,80,1463,7.94,44317.6,2.6533,0.2619,2009
RI,598,2.2687,215.233,15.21051,261,235,862,8.08,44889.0,2.4084,0.2619,2009
RI,599,2.282,215.683,15.67862,249,128,448,7.993,46028.3,2.6209,0.2619,2009
RI,600,2.7138,216.133,15.16213,263,264,396,7.28,45267.2,2.5356,0.2619,2009
RI,601,2.7534,216.585,15.03396,222,36,518,7.324,45052.6,2.486,0.2619,2009
RI,602,2.6904,217.037,15.03437,235,157,377,8.487,45343.0,2.3977,0.2619,2009
RI,603,2.8107,217.491,15.33462,228,117,424,8.541,45016.0,2.4166,0.2619,2009
RI,604,2.9118,217.945,16.63571,224,158,815,6.913,46744.2,2.3942,0.2619,2009
RI,605,2.9017,218.4,16.688,229,294,2657,7.031,45415.9,2.5198,0.2619,2009
RI,606,2.9125,218.856,16.83644,225,130,3280,8.016,44285.6,2.5231,0.2619,2009
RI,607,2.9132,219.313,16.74369,258,114,981,7.207,45077.7,2.588,0.2619,2009
RI,608,2.8771,219.772,16.26759,266,163,464,7.643,46624.2,2.6033,0.2619,2009
RI,609,2.8098,220.231,15.7658,236,196,1286,8.114,45980.4,2.6954,0.2619,2009
RI,610,2.7162,220.691,15.45374,289,88,2069,7.722,45899.2,2.5242,0.2619,2009
RI,611,2.7236,221.152,15.07938,228,49,732,8.644,46114.7,2.6862,0.2619,2009
RI,612,3.5257,221.614,15.20932,202,19,765,5.607,47929.6,2.3405,0.2619,2009
RI,613,3.3901,222.076,14.99067,218,103,1712,5.794,46478.0,2.4403,0.2619,2009
RI,614,3.5183,222.54,15.56177,223,105,685,5.596,47197.6,2.1174,0.2619,2009
RI,615,3.5764,223.005,15.7915,166,169,571,5.141,47861.7,2.09,0.2619,2009
RI,616,3.5878,223.471,16.4305,210,127,851,5.729,48539.6,2.2832,0.2619,2009
RI,617,3.6098,223.938,16.52132,209,167,338,5.429,47492.8,2.1343,0.2619,2009
RI,618,3.7337,224.405,16.95193,217,42,2453,5.195,47702.8,2.3124,0.2619,2009
RI,619,3.724,224.874,16.07136,249,218,1259,5.343,48196.2,2.4109,0.2619,2009
RI,620,3.5972,225.344,16.72539,237,122,778,5.178,47855.1,2.2927,0.2619,2009
RI,621,3.6971,225.815,16.04355,239,291,1239,4.38,46880.5,2.2135,0.2619,2009
RI,622,3.6079,226.286,15.14459,283,199,1259,4.75,48342.5,2.4889,0.2619,2009
RI,623,3.5375,226.759,14.81979,244,93,1623,4.755,48837.3,2.3996,0.2619,2009
RI,624,3.5893,227.233,15.15402,196,193,1014,5.868,48101.4,2.2102,0.2619,2009
RI,625,3.5676,227.707,14.9072,224,103,442,5.325,48528.1,2.2307,0.2619,2009
RI,626,3.5988,228.183,15.10814,202,73,569,5.149,48485.9,2.1233,0.2619,2009
RI,627,3.6832,228.659,15.69385,213,104,182,6.299,48627.7,2.0454,0.2619,2009
RI,628,3.8289,229.137,16.67209,208,61,727,5.592,48402.2,2.1784,0.2619,2009
RI,629,3.845,229.616,17.30193,195,100,664,4.373,48483.7,2.2659,0.2619,2009
RI,630,3.9055,230.095,16.54633,212,178,553,4.642,48100.5,2.2228,0.2619,2009
RI,631,3.7902,230.576,17.03984,237,154,794,5.351,49091.4,2.3827,0.2619,2009
RI,632,3.781,231.057,16.88376,261,275,1996,4.468,48645.7,2.5246,0.2619,2009
RI,633,3.7891,231.54,16.20332,229,55,414,4.285,49450.1,2.3979,0.2619,2009
RI,634,3.6744,232.024,15.68156,283,110,439,3.82,49797.4,2.3017,0.2619,2009
RI,635,3.5116,232.508,14.96377,234,36,572,5.323,48597.7,2.3265,0.2619,2009
RI,636,3.4123,232.994,14.7277,227,64,771,4.775,48991.9,2.2755,0.2619,2009
RI,637,3.4132,233.481,15.48838,227,111,2187,4.984,49940.9,2.3296,0.2619,2009
RI,638,3.5391,233.968,15.85457,238,64,584,5.455,49283.5,2.0854,0.2619,2009
RI,639,3.5282,234.457,16.60296,202,39,956,4.923,50035.6,2.154,0.2619,2009
RI,640,3.7506,234.947,17.09865,204,196,652,6.391,48766.8,2.1127,0.2619,2009
RI,641,3.7576,235.438,17.70535,225,174,866,5.07,49305.9,2.3373,0.2619,2009
RI,642,3.7203,235.929,17.50896,223,124,1163,5.04,50107.8,2.3738,0.2619,2009
RI,643,3.7812,236.422,17.25015,213,204,826,5.383,50239.5,2.2804,0.2619,2009
RI,644,3.784,236.916,16.74998,225,131,1361,4.856,51109.0,2.4674,0.2619,2009
RI,645,3.6333,237.411,16.75931,200,252,1190,4.968,50473.4,2.4406,0.2619,2009
RI,646,3.5343,237.907,16.05612,224,118,973,5.046,50626.1,2.4397,0.2619,2009
RI,647,3.5501,238.404,15.44976,221,112,867,5.071,50844.5,2.535,0.2619,2009
RI,648,3.3358,238.902,15.1643,218,165,1757,4.777,50049.8,2.4955,0.2619,2009
RI,649,3.3808,239.401,16.00485,221,118,931,4.984,49706.5,2.1404,0.2619,2009
RI,650,3.3501,239.901,16.21099,184,215,690,5.206,50820.4,2.3323,0.2619,2009
RI,651,3.5634,240.402,16.71283,201,215,217,6.107,51290.5,2.1296,0.2619,2009
RI,652,3.608,240.904,16.90483,195,30,606,5.741,49977.6,2.2315,0.2619,2009
RI,653,3.809,241.407,17.37026,278,67,768,5.814,51304.9,2.2134,0.2619,2009
RI,654,3.606,241.911,18.04813,232,140,1631,4.517,51033.8,2.2977,0.2619,2009
RI,655,3.6329,242.417,17.89938,225,71,1030,5.158,50543.4,2.5146,0.2619,2009
RI,656,3.5345,242.923,17.16321,264,164,1916,5.409,50893.7,2.3175,0.2619,2009
RI,657,3.406,243.43,17.02043,246,81,2021,4.33,50536.1,2.6149,0.2619,2009
RI,658,3.3845,243.939,15.73939,258,52,1200,5.477,49974.4,2.4266,0.2619,2009
RI,659,3.4416,244.448,15.92841,202,123,1021,4.797,51579.4,2.3539,0.2619,2009
RI,660,2.17,244.959,16.03776,227,123,583,5.313,50763.6,2.3429,0.2619,2009
RI,661,2.4323,245.471,16.30005,240,94,692,4.806,51089.2,2.3127,0.2619,2009
RI,662,2.5056,245.983,17.48957,194,115,1471,4.658,51941.6,2.2836,0.2619,2009
RI,663,2.4984,246.497,17.5847,159,98,1679,5.648,51313.1,2.1739,0.2619,2009
RI,664,2.5948,247.012,18.69569,208,278,608,4.692,51403.9,2.1603,0.2619,2009
RI,665,2.5723,247.528,18.78923,248,55,1340,4.981,50516.5,2.2188,0.2619,2009
RI,666,2.6534,248.045,19.43456,208,233,1838,5.362,51404.7,2.4489,0.2619,2009
RI,667,2.6656,248.563,19.81281,244,249,1240,4.276,51083.5,2.5296,0.2619,2009
RI,668,2.5941,249.082,18.46219,291,178,1388,5.054,52147.9,2.3398,0.2619,2009
RI,669,2.5768,249.603,18.16997,287,153,1976,4.364,51965.5,2.3174,0.2619,2009
RI,670,2.392,250.124,17.76265,235,65,1275,4.686,51884.2,2.4939,0.2619,2009
RI,671,2.3846,250.646,17.5775,230,170,1913,4.992,52743.5,2.4161,0.2619,2009
RI,672,2.0255,251.17,17.46755,280,174,456,5.712,52171.2,2.3522,0.2619,2009
RI,673,2.0349,251.694,17.91224,266,170,765,4.875,52687.8,2.2045,0.2619,2009
RI,674,2.0759,252.22,18.39021,241,218,1893,5.781,52727.7,2.2275,0.2619,2009
RI,675,2.214,252.747,19.46251,221,135,153,5.243,53569.7,2.2802,0.2619,2009
RI,676,2.2287,253.275,20.37589,195,102,1580,5.081,52701.1,2.1415,0.2619,2009
RI,677,2.2606,253.804,20.07054,256,116,1106,5.463,53039.8,2.2496,0.2619,2009
RI,678,2.2597,254.334,19.96064,218,57,1410,4.567,52508.6,2.3743,0.2619,2009
RI,679,2.2719,254.865,20.10294,256,261,1996,4.091,52119.1,2.4227,0.2619,2009
RI,680,2.1861,255.398,19.34265,247,121,2103,5.056,54200.5,2.4183,0.2619,2009
RI,681,2.1245,255.931,19.22797,250,117,887,4.625,52349.0,2.4195,0.2619,2009
RI,682,2.0516,256.466,19.22938,266,260,1518,4.543,53173.9,2.3673,0.2619,2009
RI,683,1.9891,257.001,18.77295,228,121,332,4.915,53024.4,2.3714,0.2619,2009
RI,684,2.2065,257.538,18.01532,267,233,675,5.29,54700.3,2.3665,0.2619,2009
RI,685,2.3093,258.076,18.11353,231,124,1448,4.78,53887.3,2.2366,0.2619,2009
RI,686,2.3439,258.615,18.16224,252,41,2191,4.867,52400.2,2.1696,0.2619,2009
RI,687,2.4024,259.155,19.80427,185,80,971,5.184,54179.6,2.1242,0.2619,2009
RI,688,2.5127,259.697,19.51877,217,96,1026,4.956,54639.6,2.195,0.2619,2009
RI,689,2.5381,260.239,20.65128,231,221,1105,5.033,53772.1,2.3041,0.2619,2009
RI,690,2.553,260.783,20.91683,226,87,1378,4.76,54316.2,2.4117,0.2619,2009
RI,691,2.566,261.327,20.60423,254,142,684,4.966,53930.6,2.3494,0.2619,2009
RI,692,2.552,261.873,20.09521,263,64,627,4.211,53453.0,2.5184,0.2619,2009
RI,693,2.5002,262.42,18.86449,251,167,2041,4.303,54761.1,2.5728,0.2619,2009
RI,694,2.4032,262.968,19.06115,257,222,412,4.306,54163.2,2.497,0.2619,2009
RI,695,2.4295,263.518,18.59306,274,173,703,4.733,54023.7,2.3205,0.2619,2009
RI,696,2.6632,264.068,18.49064,236,242,2549,5.033,54963.7,2.2115,0.2619,2009
RI,697,2.6097,264.62,17.78444,251,75,420,6.063,55200.2,2.1486,0.2619,2009
RI,698,2.7342,265.172,19.07148,247,204,76,4.704,55829.2,2.1798,0.2619,2009
RI,699,2.7817,265.726,19.44159,229,113,101,5.118,54197.5,2.1416,0.2619,2009
RI,700,2.8697,266.281,20.07259,200,286,822,5.546,55225.7,1.9904,0.2619,2009
RI,701,2.8987,266.838,19.56701,215,139,526,5.435,55872.5,2.2334,0.2619,2009
RI,702,2.9384,267.395,20.48152,250,44,2323,4.403,55147.1,2.2274,0.2619,2009
RI,703,2.848,267.953,19.80741,268,96,1322,4.622,54496.8,2.5047,0.2619,2009
RI,704,2.7776,268.513,20.16493,269,239,2631,5.058,55144.9,2.4145,0.2619,2009
RI,705,2.6885,269.074,18.99941,285,141,711,4.434,55766.9,2.428,0.2619,2009
RI,706,2.6365,269.636,18.58269,266,172,920,4.629,55352.2,2.4668,0.2619,2009
RI,707,2.6025,270.199,18.11281,229,102,1276,4.729,55314.5,2.466,0.2619,2009
RI,708,2.5143,270.764,18.11426,264,121,877,4.534,56324.5,2.4722,0.2619,2009
RI,709,2.571,271.329,18.16603,210,72,1386,5.659,55810.3,2.1661,0.2619,2009
RI,710,2.5793,271.896,18.5307,212,219,885,5.712,56023.2,2.0556,0.2619,2009
RI,711,2.617,272.464,19.82398,205,167,1649,5.079,54806.6,2.1347,0.2619,2009
RI,712,2.7079,273.033,20.11967,236,94,522,5.475,55571.9,2.1657,0.2619,2009
RI,713,2.7638,273.603,21.35956,206,379,2444,5.503,56211.1,2.0795,0.2619,2009
RI,714,2.7843,274.175,20.8711,247,183,778,4.716,56604.4,2.1976,0.2619,2009
RI,715,2.7977,274.747,21.44266,262,248,1413,4.582,56724.1,2.4165,0.2619,2009
RI,716,2.7234,275.321,20.58873,259,198,1563,4.514,57189.7,2.3037,0.2619,2009
RI,717,2.6528,275.896,18.85879,277,264,2085,3.974,56144.4,2.5015,0.2619,2009
RI,718,2.4951,276.473,18.72468,250,189,1186,4.937,56691.6,2.5669,0.2619,2009
RI,719,2.503,277.05,18.6277,269,97,514,5.08,56952.7,2.2554,0.2619,2009
RI,720,2.0011,277.629,17.62693,292,51,693,9.949,56400.2,2.2706,0.2619,2009
RI,721,2.0643,278.209,18.07711,254,148,538,10.018,56068.4,2.3062,0.2619,2009
RI,722,2.1108,278.79,16.35911,271,204,2040,9.809,57183.2,1.9993,0.2619,2009
RI,723,1.8733,279.372,13.23394,213,66,1506,9.515,56239.5,2.0649,0.2619,2009
RI,724,1.9409,279.956,15.68178,255,72,2519,9.374,57158.7,2.11,0.2619,2009
RI,725,2.3577,280.54,17.88133,254,176,1364,9.669,56923.9,2.3068,0.2619,2009
RI,726,2.3249,281.126,19.76537,259,189,1624,9.319,56098.2,2.4476,0.2619,2009
RI,727,2.2852,281.714,21.33655,246,68,953,8.965,57946.1,2.3674,0.2619,2009
RI,728,2.2027,282.302,20.83947,245,145,1334,9.43,58232.9,2.3948,0.2619,2009
RI,729,2.1686,282.892,20.18361,288,232,587,9.049,56495.9,2.4058,0.2619,2009
RI,730,2.1121,283.483,19.38365,280,161,967,8.295,57190.2,2.3605,0.2619,2009
RI,731,2.0305,284.075,19.09574,281,197,646,8.718,57800.1,2.3962,0.2619,2009
RI,732,2.9104,284.668,18.79945,223,231,593,4.147,57406.7,2.242,0.2619,2009
RI,733,2.8837,285.263,19.29237,228,27,688,5.69,57711.6,2.2691,0.2619,2009
RI,734,2.9635,285.859,20.02746,229,66,457,5.907,59180.7,2.141,0.2619,2009
RI,735,3.0025,286.456,19.85118,217,202,341,5.476,57847.3,2.0023,0.2619,2009
RI,736,3.1243,287.054,20.73812,231,469,986,5.339,59024.9,2.2853,0.2619,2009
RI,737,3.1767,287.654,21.30806,270,211,1235,5.226,59274.1,2.2711,0.2619,2009
RI,738,3.19,288.254,20.41754,253,72,1172,5.325,56775.5,2.3323,0.2619,2009
RI,739,3.154,288.856,20.70185,246,349,822,4.449,59112.8,2.3984,0.2619,2009
RI,740,3.1501,289.46,20.59894,256,199,3604,4.771,58291.1,2.4347,0.2619,2009
RI,741,3.1007,290.064,20.81129,264,151,4482,4.246,59867.7,2.4628,0.2619,2009
RI,742,3.0303,290.67,19.45697,258,168,1649,5.169,59128.7,2.2397,0.2619,2009
RI,743,3.0735,291.277,18.5692,243,75,1242,5.166,59157.7,2.3367,0.2619,2009
RI,744,3.9657,291.886,18.25017,226,400,3297,5.145,59121.3,2.3469,0.2619,2009
RI,745,4.0115,292.496,18.55839,218,97,782,4.67,60001.9,2.1367,0.2619,2009
RI,746,3.9974,293.106,18.75035,200,247,473,6.156,59122.3,2.3197,0.2619,2009
RI,747,4.1234,293.719,19.23651,195,149,484,6.085,59139.3,2.2041,0.2619,2009
RI,748,4.7326,294.332,19.94837,193,205,588,4.814,60106.2,2.327,0.2619,2009
RI,749,5.1228,294.947,19.77538,192,158,1417,5.46,59113.7,2.1466,0.2619,2009
RI,750,4.1111,295.563,19.93614,234,169,624,4.74,59106.3,2.2506,0.2619,2009
RI,751,4.1613,296.18,20.21098,273,216,1312,4.561,59070.4,2.4077,0.2619,2009
RI,752,4.1823,296.799,19.73823,245,123,995,4.753,59392.9,2.5273,0.2619,2009
RI,753,4.1525,297.419,19.34914,237,111,3306,4.06,59487.9,2.4883,0.2619,2009
RI,754,4.1192,298.04,18.65321,265,218,412,4.068,59443.2,2.3519,0.2619,2009
RI,755,4.0096,298.663,18.04144,235,86,960,4.958,61830.3,2.3265,0.2619,2009
RI,756,3.5063,299.287,18.92375,241,114,510,5.019,60485.0,2.1704,0.2619,2009
RI,757,3.427,299.912,18.32631,228,79,966,5.013,58253.8,2.1551,0.2619,2009
RI,758,3.4678,300.538,19.02831,229,440,459,4.686,61055.1,2.1716,0.2619,2009
RI,759,3.4335,301.166,19.70872,205,98,882,5.861,60383.1,1.9394,0.2619,2009
RI,760,3.6128,301.795,21.09507,254,167,1372,5.251,60571.1,2.2306,0.2619,2009
RI,761,3.6618,302.425,20.71242,240,347,1251,5.841,61556.1,2.3051,0.2619,2009
RI,762,3.689,303.057,21.923,226,234,532,4.525,62715.6,2.4468,0.2619,2009
RI,763,3.7392,303.69,21.66216,233,193,616,4.536,60112.5,2.2709,0.2619,2009
RI,764,3.7276,304.324,20.5539,273,134,2129,4.754,60345.1,2.4677,0.2619,2009
RI,765,3.6237,304.96,19.6156,248,166,973,4.912,62227.8,2.4766,0.2619,2009
RI,766,3.659,305.597,19.24472,258,108,1845,4.053,60981.7,2.3432,0.2619,2009
RI,767,3.5513,306.235,18.35449,277,91,445,5.052,61639.9,2.3659,0.2619,2009
RI,768,3.2715,306.875,18.45085,212,143,319,4.961,62328.5,2.0595,0.2619,2009
RI,769,3.228,307.516,19.25344,240,57,693,5.126,61346.6,2.3216,0.2619,2009
RI,770,3.261,308.158,19.33525,212,289,443,4.483,61259.0,2.077,0.2619,2009
RI,771,3.2875,308.802,20.59669,200,114,975,5.519,62746.7,2.2284,0.2619,2009
RI,772,3.3262,309.447,20.57456,223,202,302,5.034,61177.8,2.1281,0.2619,2009
RI,773,3.3588,310.093,21.61832,253,124,1975,5.595,62601.8,2.216,0.2619,2009
RI,774,3.3848,310.741,21.96979,246,159,800,5.174,62658.5,2.2087,0.2619,2009
RI,775,3.4019,311.39,21.31926,243,87,1303,4.841,62471.5,2.3146,0.2619,2009
RI,776,3.4079,312.041,22.56901,214,74,495,4.656,61931.7,2.5003,0.2619,2009
RI,777,3.3148,312.692,20.24373,263,309,801,4.492,62350.8,2.5646,0.2619,2009
RI,778,3.2189,313.345,19.9525,261,60,1009,4.366,63367.9,2.4044,0.2619,2009
RI,779,3.1444,314.0,19.62996,256,65,837,4.408,62634.9,2.4648,0.2619,2009
SC,540,2.2076,190.7,2.71306,50,21,418,4.424,42387.1,2.2536,0.3316,2010
SC,541,2.197,191.098,2.71788,70,28,215,5.525,41677.0,2.2437,0.3316,2010
SC,542,2.2985,191.497,2.78988,43,16,262,4.782,42199.7,2.1528,0.3316,2010
SC,543,2.3829,191.897,2.9756,37,8,233,5.066,42460.0,2.2047,0.3316,2010
SC,544,2.4285,192.298,2.98263,47,24,63,5.346,42553.5,2.0741,0.3316,2010
SC,545,2.4959,192.7,3.10927,54,65,136,5.489,41890.8,2.0391,0.3316,2010
SC,546,2.5126,193.102,3.19193,37,33,248,4.829,42478.1,2.3875,0.3316,2010
SC,547,2.4334,193.506,3.20139,45,12,87,4.64,42905.6,2.4386,0.3316,2010
SC,548,2.4388,193.91,3.05511,46,32,266,4.492,42166.1,2.4033,0.3316,2010
SC,549,2.3368,194.315,2.83998,49,17,135,4.637,42198.8,2.3775,0.3316,2010
SC,550,2.2718,194.721,2.86581,43,27,60,5.496,44077.3,2.3856,0.3316,2010
SC,551,2.1704,195.128,2.91386,48,35,189,4.182,42186.6,2.4982,0.3316,2010
SC,552,2.415,195.535,2.83544,52,25,119,4.78,43064.6,2.2791,0.3316,2010
SC,553,2.466,195.944,2.77385,40,28,82,5.736,43141.3,2.1711,0.3316,2010
SC,554,2.5443,196.353,2.902,49,18,222,5.394,43347.1,2.2118,0.3316,2010
SC,555,2.6692,196.763,2.97541,38,21,294,5.544,43838.8,2.0324,0.3316,2010
SC,556,2.7563,197.174,3.19373,41,14,108,5.025,43941.2,2.1535,0.3316,2010
SC,557,2.8121,197.586,3.08817,40,8,98,5.284,42310.3,2.2031,0.3316,2010
SC,558,2.7727,197.999,3.0825,37,26,271,5.24,43385.4,2.2847,0.3316,2010
SC,559,2.7953,198.412,3.23115,59,31,266,4.618,43403.0,2.2591,0.3316,2010
SC,560,2.7104,198.827,3.00964,49,8,398,4.748,42725.2,2.589,0.3316,2010
SC,561,2.5872,199.242,3.02307,51,49,272,3.949,43271.6,2.2017,0.3316,2010
SC,562,2.4879,199.658,2.89922,55,13,156,4.461,42995.7,2.3437,0.3316,2010
SC,563,2.5037,200.075,2.73772,37,3,170,4.973,43226.6,2.3648,0.3316,2010
SC,564,2.7847,200.493,2.81246,56,22,205,4.981,44525.5,2.4189,0.3316,2010
SC,565,2.7843,200.912,2.78453,37,24,214,5.065,44602.4,2.2795,0.3316,2010
SC,566,2.8459,201.331,2.88528,46,39,364,5.037,44356.3,2.1719,0.3316,2010
SC,567,2.8416,201.752,2.98361,46,6,350,5.221,44045.7,2.1099,0.3316,2010
SC,568,2.9295,202.173,3.0356,40,18,144,5.26,43739.7,2.3038,0.3316,2010
SC,569,2.9674,202.596,3.16324,39,22,191,5.273,43629.6,1.9416,0.3316,2010
SC,570,2.9417,203.019,3.21905,46,9,109,4.533,43637.7,2.2091,0.3316,2010
SC,571,3.0281,203.443,3.028,50,12,71,5.242,43605.2,2.4242,0.3316,2010
SC,572,2.9001,203.868,3.06459,60,9,155,4.639,44146.7,2.486,0.3316,2010
SC,573,2.8386,204.294,2.92917,47,27,281,5.426,44200.8,2.2377,0.3316,2010
SC,574,2.7922,204.72,2.76,49,16,279,4.997,44416.2,2.3354,0.3316,2010
SC,575,2.7039,205.148,2.82504,40,27,60,5.433,44413.1,2.2835,0.3316,2010
SC,576,3.2936,205.576,2.68168,46,18,76,7.759,43498.9,2.5733,0.3316,2010
SC,577,3.215,206.006,2.66887,37,23,171,7.886,43452.2,2.4213,0.3316,2010
SC,578,3.2016,206.436,2.79747,39,36,112,7.794,44831.9,2.2971,0.3316,2010
SC,579,3.3877,206.867,2.77958,41,1,26,8.903,44086.9,2.3825,0.3316,2010
SC,580,3.4429,207.299,2.89434,39,17,477,7.549,42848.4,2.285,0.3316,2010
SC,581,4.1432,207.732,3.02579,41,13,48,7.779,44078.2,2.4639,0.3316,2010
SC,582,4.1411,208.166,2.98586,37,19,184,7.421,43427.8,2.5115,0.3316,2010
SC,583,3.4131,208.601,3.00885,39,41,15,7.135,43512.9,2.5621,0.3316,2010
SC,584,3.3497,209.037,2.88626,55,18,71,7.754,43431.6,2.6307,0.3316,2010
SC,585,3.3228,209.474,2.91041,51,32,228,7.543,43798.4,2.7322,0.3316,2010
SC,586,2.1633,209.911,2.82295,42,25,850,7.792,44201.6,2.7009,0.3316,2010
SC,587,1.7302,210.35,2.75889,44,20,224,8.139,44112.1,2.5132,0.3316,2010
SC,588,2.286,210.789,2.8202,52,36,551,8.318,44688.4,2.5667,0.3316,2010
SC,589,2.2843,211.229,2.81566,49,28,62,8.313,44531.3,2.493,0.3316,2010
SC,590,2.329,211.67,2.90407,36,6,88,8.374,43858.2,2.3674,0.3316,2010
SC,591,2.396,212.113,3.05037,32,13,101,8.473,44634.1,2.4305,0.3316,2010
SC,592,2.3896,212.556,3.18033,51,16,310,8.384,44745.7,2.3493,0.3316,2010
SC,593,2.4696,213.0,3.29046,44,11,228,7.87,44468.9,2.4804,0.3316,2010
SC,594,2.5235,213.444,3.38784,51,21,280,8.051,44314.1,2.5206,0.3316,2010
SC,595,2.5303,213.89,3.08041,55,18,121,7.999,44115.7,2.5749,0.3316,2010
SC,596,2.5249,214.337,3.28911,56,16,195,7.55,44980.5,2.7074,0.3316,2010
SC,597,2.4264,214.785,3.10718,46,10,212,7.518,45358.1,2.5776,0.3316,2010
SC,598,2.3327,215.233,3.01067,55,22,108,7.474,45521.1,2.6841,0.3316,2010
SC,599,2.344,215.683,3.03132,38,27,222,7.648,46259.7,2.5302,0.3316,2010
SC,600,2.7076,216.133,2.92916,56,51,391,8.088,46082.1,2.6027,0.3316,2010
SC,601,2.7222,216.585,2.87213,49,31,213,7.861,44798.1,2.4402,0.3316,2010
SC,602,2.8406,217.037,2.94155,58,20,170,8.697,45007.8,2.396,0.3316,2010
SC,603,2.9511,217.491,3.05267,52,18,156,8.28,44541.6,2.4364,0.3316,2010
SC,604,2.9509,217.945,3.18372,60,14,236,7.964,45492.1,2.3722,0.3316,2010
SC,605,2.9462,218.4,3.13703,49,13,211,7.684,45003.8,2.4272,0.3316,2010
SC,606,2.9731,218.856,3.23878,42,13,146,8.288,45562.5,2.5561,0.3316,2010
SC,607,2.9595,219.313,3.11258,49,22,135,7.279,45177.3,2.57,0.3316,2010
SC,608,2.902,219.772,3.18452,41,44,300,6.794,46014.7,2.6387,0.3316,2010
SC,609,2.8392,220.231,3.05261,53,24,702,6.542,45958.7,2.8552,0.3316,2010
SC,610,2.7108,220.691,3.00352,59,38,132,8.027,46445.1,2.574,0.3316,2010
SC,611,2.6607,221.152,2.8605,42,23,157,8.035,45836.9,2.5431,0.3316,2010
SC,612,3.4619,221.614,3.02736,43,38,100,5.147,47510.2,2.3382,0.3316,2010
SC,613,3.485,222.076,2.861,43,36,44,5.789,46682.9,2.2391,0.3316,2010
SC,614,3.4632,222.54,3.07753,47,10,214,4.821,47069.5,2.151,0.3316,2010
SC,615,3.5406,223.005,3.00336,38,17,134,5.184,46795.9,2.1819,0.3316,2010
SC,616,3.6464,223.471,3.12843,46,29,377,5.462,47245.7,2.2042,0.3316,2010
SC,617,3.6742,223.938,3.1956,39,14,150,5.126,48050.4,2.2226,0.3316,2010
SC,618,3.6545,224.405,3.41733,45,14,406,4.473,48191.7,2.3066,0.3316,2010
SC,619,3.6208,224.874,3.36409,46,12,199,4.67,48225.1,2.3192,0.3316,2010
SC,620,3.6068,225.344,3.31595,44,12,265,4.316,47908.7,2.4553,0.3316,2010
SC,621,3.4763,225.815,3.06675,44,20,125,4.153,46642.5,2.48,0.3316,2010
SC,622,3.4641,226.286,2.98628,41,18,193,3.879,48363.6,2.3407,0.3316,2010
SC,623,3.523,226.759,2.90368,49,25,120,4.7,48370.4,2.3897,0.3316,2010
SC,624,3.516,227.233,2.86542,60,27,147,5.438,49390.3,2.3508,0.3316,2010
SC,625,3.5689,227.707,3.02262,52,28,271,5.141,48436.7,2.1878,0.3316,2010
SC,626,3.529,228.183,3.0144,46,19,135,5.388,49908.6,2.2358,0.3316,2010
SC,627,3.693,228.659,3.19555,41,16,149,6.0,48380.6,2.1972,0.3316,2010
SC,628,3.7612,229.137,3.2255,41,10,434,5.652,48138.1,2.2838,0.3316,2010
SC,629,3.76,229.616,3.29597,41,18,191,4.588,48801.8,2.2251,0.3316,2010
SC,630,3.8106,230.095,3.35905,50,7,381,4.928,49629.6,2.4127,0.3316,2010
SC,631,3.7928,230.576,3.20982,35,39,265,4.769,49248.6,2.5779,0.3316,2010
SC,632,3.8064,231.057,3.12244,54,52,134,5.516,50279.3,2.4686,0.3316,2010
SC,633,3.5891,231.54,3.06468,50,24,68,4.919,48428.4,2.5111,0.3316,2010
SC,634,3.5702,232.024,2.99399,43,37,418,4.611,48227.2,2.4046,0.3316,2010
SC,635,3.5871,232.508,2.98122,49,7,120,5.127,49186.6,2.3306,0.3316,2010
SC,636,3.3821,232.994,2.92066,47,17,201,4.993,47949.0,2.1984,0.3316,2010
SC,637,3.4458,233.481,3.00528,52,25,127,4.974,49028.5,2.2013,0.3316,2010
SC,638,3.4836,233.968,3.01823,48,13,225,5.697,49767.5,2.2159,0.3316,2010
SC,639,3.5342,234.457,3.2261,29,45,284,5.138,49315.5,2.1568,0.3316,2010
SC,640,3.5954,234.947,3.29764,34,17,43,4.48,49094.7,2.1981,0.3316,2010
SC,641,3.6309,235.438,3.33572,37,6,145,5.602,49657.2,2.2362,0.3316,2010
SC,642,3.6668,235.929,3.42695,49,42,273,4.835,50581.4,2.2165,0.3316,2010
SC,643,3.5733,236.422,3.302,54,32,261,4.844,49249.3,2.4501,0.3316,2010
SC,644,3.5357,236.916,3.26797,56,34,263,4.588,51189.0,2.4642,0.3316,2010
SC,645,3.5778,237.411,3.20834,46,8,71,4.586,50120.1,2.3586,0.3316,2010
SC,646,3.5542,237.907,3.04309,44,38,135,4.12,50542.3,2.4145,0.3316,2010
SC,647,3.4687,238.404,2.98478,47,12,154,4.68,49925.3,2.3715,0.3316,2010
SC,648,3.2627,238.902,3.11729,49,36,47,4.837,50372.1,2.2284,0.3316,2010
SC,649,3.3202,239.401,3.14156,48,24,383,5.18,49743.4,2.2086,0.3316,2010
SC,650,3.3632,239.901,3.08982,39,23,179,4.771,50627.9,2.1385,0.3316,2010
SC,651,3.3474,240.402,3.24918,40,26,92,5.144,51006.0,2.1851,0.3316,2010
SC,652,3.4086,240.904,3.40479,41,31,233,5.43,51609.0,2.2539,0.3316,2010
SC,653,3.7643,241.407,3.54697,49,61,106,5.317,51470.7,2.1794,0.3316,2010
SC,654,3.5261,241.911,3.38089,36,29,112,4.361,51070.2,2.2714,0.3316,2010
SC,655,3.4943,242.417,3.41654,51,40,187,4.412,50699.7,2.2653,0.3316,2010
SC,656,3.558,242.923,3.38353,60,25,465,4.23,51118.4,2.3191,0.3316,2010
SC,657,3.4757,243.43,3.31989,48,22,124,4.921,50891.2,2.3336,0.3316,2010
SC,658,3.421,243.939,3.07415,54,19,162,5.275,51050.9,2.2779,0.3316,2010
SC,659,3.3081,244.448,3.03197,37,20,112,5.38,51683.2,2.3246,0.3316,2010
SC,660,2.1428,244.959,3.23387,37,35,245,4.823,51016.6,2.3246,0.3316,2010
SC,661,2.3237,245.471,3.2143,48,43,188,5.13,51561.1,2.1736,0.3316,2010
SC,662,2.4244,245.983,3.41601,37,12,294,5.253,51229.0,2.0121,0.3316,2010
SC,663,2.5677,246.497,3.52109,36,13,191,5.506,51543.9,2.2322,0.3316,2010
SC,664,2.6463,247.012,3.72474,56,19,54,5.189,52340.0,2.2063,0.3316,2010
SC,665,2.6551,247.528,3.68018,35,39,220,5.642,51877.9,2.1525,0.3316,2010
SC,666,2.5886,248.045,3.6735,52,30,79,4.775,52029.8,2.2632,0.3316,2010
SC,667,2.583,248.563,3.70377,50,37,413,5.105,51965.1,2.499,0.3316,2010
SC,668,2.6145,249.082,3.72592,51,33,186,4.788,53165.0,2.3208,0.3316,2010
SC,669,2.5465,249.603,3.64042,53,13,183,4.528,51185.0,2.4811,0.3316,2010
SC,670,2.4248,250.124,3.52902,49,44,83,4.682,51943.6,2.5098,0.3316,2010
SC,671,2.3278,250.646,3.28272,55,31,63,5.302,52432.3,2.3069,0.3316,2010
SC,672,2.0142,251.17,3.31627,54,39,46,5.161,51737.5,2.3042,0.3316,2010
SC,673,2.0408,251.694,3.56364,67,26,166,5.653,51757.9,2.3333,0.3316,2010
SC,674,2.1048,252.22,3.59048,71,29,179,4.54,53701.9,2.1353,0.3316,2010
SC,675,2.1781,252.747,3.68543,48,63,215,4.728,52702.6,2.1296,0.3316,2010
SC,676,2.2323,253.275,3.88643,51,10,56,5.903,52632.5,2.1358,0.3316,2010
SC,677,2.2655,253.804,3.95369,34,37,201,4.857,53047.4,2.2385,0.3316,2010
SC,678,2.2495,254.334,3.88248,57,18,306,5.025,51862.5,2.3079,0.3316,2010
SC,679,2.2273,254.865,3.94851,40,67,514,4.818,53045.3,2.2779,0.3316,2010
SC,680,2.2378,255.398,3.83852,65,61,280,4.621,53005.2,2.4505,0.3316,2010
SC,681,2.1914,255.931,3.71339,49,21,361,4.354,53661.4,2.3158,0.3316,2010
SC,682,2.1151,256.466,3.71853,59,42,367,5.125,52968.3,2.4066,0.3316,2010
SC,683,2.054,257.001,3.52843,46,26,89,5.264,53032.8,2.3124,0.3316,2010
SC,684,2.2739,257.538,3.29426,60,25,77,5.305,53632.4,2.3347,0.3316,2010
SC,685,2.3684,258.076,3.54144,38,49,146,5.126,53727.2,2.3681,0.3316,2010
SC,686,2.421,258.615,3.6161,38,55,501,5.448,52483.6,2.1556,0.3316,2010
SC,687,2.4717,259.155,3.69855,42,42,248,5.208,54110.1,2.1242,0.3316,2010
SC,688,2.473,259.697,4.05025,38,72,251,4.745,53783.2,2.1497,0.3316,2010
SC,689,2.492,260.239,3.9546,52,21,53,4.83,53262.6,2.2292,0.3316,2010
SC,690,2.5337,260.783,3.9619,43,16,148,5.255,54484.8,2.3135,0.3316,2010
SC,691,2.5429,261.327,3.82842,51,21,345,4.941,53238.6,2.3406,0.3316,2010
SC,692,2.5057,261.873,3.71153,56,38,204,5.526,54009.0,2.4917,0.3316,2010
SC,693,2.468,262.42,3.70458,46,27,330,4.679,53545.9,2.2857,0.3316,2010
SC,694,2.4468,262.968,3.57114,43,99,116,4.547,53217.9,2.3956,0.3316,2010
SC,695,2.4128,263.518,3.67188,52,16,262,4.743,54705.8,2.3725,0.3316,2010
SC,696,2.6456,264.068,3.49229,48,30,391,4.309,54332.7,2.3784,0.3316,2010
SC,697,2.6787,264.62,3.4388,54,49,210,4.651,54354.7,2.3391,0.3316,2010
SC,698,2.779,265.172,3.61184,44,27,107,4.986,54894.2,2.1394,0.3316,2010
SC,699,2.8122,265.726,3.54714,44,28,199,5.283,55890.7,2.0754,0.3316,2010
SC,700,2.8892,266.281,3.74689,39,24,142,5.209,54695.8,2.278,0.3316,2010
SC,701,2.9023,266.838,3.85185,41,40,243,5.331,56864.3,2.2238,0.3316,2010
SC,702,2.8676,267.395,3.8916,59,18,306,4.791,54840.6,2.2898,0.3316,2010
SC,703,2.8815,267.953,3.86119,44,21,345,4.763,54993.1,2.3427,0.3316,2010
SC,704,2.8714,268.513,3.91463,44,30,448,5.208,56093.2,2.4389,0.3316,2010
SC,705,2.791,269.074,3.76473,52,67,245,5.009,55624.2,2.3888,0.3316,2010
SC,706,2.6517,269.636,3.49306,56,65,618,4.767,54240.8,2.5852,0.3316,2010
SC,707,2.6273,270.199,3.50238,49,20,330,5.314,54875.4,2.4615,0.3316,2010
SC,708,2.5822,270.764,3.33969,43,29,332,5.483,56032.8,2.2444,0.3316,2010
SC,709,2.5107,271.329,3.43684,51,3,266,5.698,56262.9,2.2961,0.3316,2010
SC,710,2.4843,271.896,3.51665,41,38,61,5.992,56164.2,2.1251,0.3316,2010
SC,711,2.6266,272.464,3.78171,60,20,310,5.366,55637.6,2.1387,0.3316,2010
SC,712,2.6964,273.033,3.77569,41,23,161,5.828,55356.6,2.1802,0.3316,2010
SC,713,2.7637,273.603,3.9408,42,19,171,5.594,55289.0,2.2256,0.3316,2010
SC,714,2.7495,274.175,3.99227,36,46,183,4.71,55309.6,2.2101,0.3316,2010
SC,715,2.785,274.747,4.05484,55,28,426,3.966,56947.1,2.5254,0.3316,2010
SC,716,2.7714,275.321,3.90411,36,21,291,4.838,55845.2,2.473,0.3316,2010
SC,717,2.7132,275.896,3.87478,54,11,258,5.131,56513.7,2.3523,0.3316,2010
SC,718,2.5841,276.473,3.5924,46,63,320,5.263,55504.5,2.4262,0.3316,2010
SC,719,2.554,277.05,3.69916,39,40,136,4.563,56755.6,2.4924,0.3316,2010
SC,720,2.0579,277.629,3.5318,63,33,222,9.309,57304.3,2.5089,0.3316,2010
SC,721,2.1366,278.209,3.50354,54,22,181,8.83,56337.0,2.1054,0.3316,2010
SC,722,2.1781,278.79,2.97097,44,6,53,9.39,57219.0,2.103,0.3316,2010
SC,723,1.8242,279.372,2.57128,48,19,160,10.077,56345.6,2.1394,0.3316,2010
SC,724,1.8409,279.956,3.15347,52,13,158,9.561,57663.8,2.2611,0.3316,2010
SC,725,2.3163,280.54,3.50553,54,20,467,9.118,57283.2,2.3168,0.3316,2010
SC,726,2.4059,281.126,3.82686,46,33,87,9.963,58420.0,2.3179,0.3316,2010
SC,727,2.3029,281.714,4.01015,54,9,310,9.568,57457.1,2.4677,0.3316,2010
SC,728,2.2404,282.302,3.90048,58,55,454,8.804,56662.9,2.4078,0.3316,2010
SC,729,2.1852,282.892,4.04955,53,55,467,8.988,58240.9,2.494,0.3316,2010
SC,730,2.0676,283.483,3.85777,47,35,112,9.52,57332.5,2.4285,0.3316,2010
SC,731,2.0421,284.075,3.53815,45,4,343,9.512,57656.8,2.3352,0.3316,2010
SC,732,2.9121,284.668,3.74065,44,58,130,4.092,57627.0,2.3822,0.3316,2010
SC,733,2.9834,285.263,3.71639,49,22,103,5.187,57673.9,2.2117,0.3316,2010
SC,734,2.9929,285.859,3.7497,43,34,111,6.028,57895.5,2.3001,0.3316,2010
SC,735,3.0734,286.456,3.79362,38,34,251,5.791,57499.1,2.1505,0.3316,2010
SC,736,3.1391,287.054,4.09835,42,28,335,4.707,59838.1,2.3202,0.3316,2010
SC,737,3.2534,287.654,3.95749,34,15,467,4.788,57360.2,2.2896,0.3316,2010
SC,738,3.1763,288.254,4.03258,59,25,131,4.849,59094.1,2.2374,0.3316,2010
SC,739,3.1499,288.856,4.01857,44,13,106,5.074,59154.6,2.4114,0.3316,2010
SC,740,3.1138,289.46,3.90342,46,14,550,4.299,58126.3,2.3054,0.3316,2010
SC,741,3.0608,290.064,3.80113,45,21,447,4.516,58896.1,2.4704,0.3316,2010
SC,742,2.9739,290.67,3.75829,40,40,320,4.336,58145.4,2.3645,0.3316,2010
SC,743,2.8757,291.277,3.5162,45,7,128,5.419,58370.3,2.2753,0.3316,2010
SC,744,3.9315,291.886,3.50714,55,27,125,5.287,58897.0,2.251,0.3316,2010
SC,745,4.0211,292.496,3.5993,24,36,46,5.234,58457.1,2.2032,0.3316,2010
SC,746,4.0085,293.106,3.79221,37,28,133,4.735,59169.9,2.0585,0.3316,2010
SC,747,4.0596,293.719,3.6777,37,43,164,4.863,58956.4,2.2901,0.3316,2010
SC,748,4.7047,294.332,3.70705,38,31,423,5.631,59654.0,2.1017,0.3316,2010
SC,749,5.017,294.947,3.79035,30,29,61,4.781,59538.4,2.1403,0.3316,2010
SC,750,4.1738,295.563,3.91301,45,40,493,5.148,58120.7,2.2942,0.3316,2010
SC,751,4.2318,296.18,3.82921,49,88,169,4.861,59050.0,2.4234,0.3316,2010
SC,752,4.2178,296.799,3.73416,44,29,310,4.279,58733.8,2.422,0.3316,2010
SC,753,4.0465,297.419,3.70155,39,43,251,4.847,60919.6,2.3384,0.3316,2010
SC,754,4.0956,298.04,3.65598,64,15,333,3.764,59233.8,2.4008,0.3316,2010
SC,755,3.9433,298.663,3.58124,57,18,281,4.452,61056.8,2.3703,0.3316,2010
SC,756,3.4498,299.287,3.58675,49,15,274,4.047,60939.6,2.4435,0.3316,2010
SC,757,3.4422,299.912,3.40441,40,12,116,4.726,60709.3,2.3231,0.3316,2010
SC,758,3.4128,300.538,3.65849,42,16,178,5.693,59742.1,2.147,0.3316,2010
SC,759,3.5324,301.166,3.88674,46,3,54,5.001,60137.7,2.097,0.3316,2010
SC,760,3.6308,301.795,3.87893,43,25,156,5.697,60456.8,2.2843,0.3316,2010
SC,761,3.6514,302.425,4.05049,32,22,217,5.233,61445.4,2.1737,0.3316,2010
SC,762,3.6407,303.057,4.17626,43,12,273,5.027,60324.3,2.2932,0.3316,2010
SC,763,3.6404,303.69,4.15613,38,51,166,4.779,60760.4,2.282,0.3316,2010
SC,764,3.5306,304.324,4.03613,37,29,296,4.688,61229.3,2.3799,0.3316,2010
SC,765,3.446,304.96,3.77396,50,35,367,4.867,60549.1,2.3762,0.3316,2010
SC,766,3.4809,305.597,3.78036,46,13,259,4.599,60669.6,2.3529,0.3316,2010
SC,767,3.4083,306.235,3.68875,53,40,492,5.518,59716.7,2.2753,0.3316,2010
SC,768,3.2215,306.875,3.65619,37,40,172,4.865,61880.8,2.2411,0.3316,2010
SC,769,3.1432,307.516,3.75219,39,24,170,5.093,62377.8,2.1923,0.3316,2010
SC,770,3.208,308.158,3.78073,39,14,104,4.695,61429.2,2.1255,0.3316,2010
SC,771,3.3386,308.802,3.9912,31,12,176,5.521,62908.8,2.1969,0.3316,2010
SC,772,3.3087,309.447,4.01991,44,19,251,5.601,61569.8,2.2967,0.3316,2010
SC,773,3.4008,310.093,4.29766,39,25,213,5.447,61615.3,2.1632,0.3316,2010
SC,774,3.4941,310.741,4.27653,45,44,235,4.832,62325.3,2.4866,0.3316,2010
SC,775,3.4896,311.39,4.23172,49,38,210,5.007,62178.9,2.268,0.3316,2010
SC,776,3.4635,312.041,4.01554,58,49,427,4.807,63661.0,2.4189,0.3316,2010
SC,777,3.4159,312.692,3.93406,60,30,368,4.379,62927.9,2.5231,0.3316,2010
SC,778,3.3833,313.345,3.72832,64,68,146,4.813,61930.7,2.3932,0.3316,2010
SC,779,3.1994,314.0,3.86161,47,24,247,4.805,63865.9,2.206,0.3316,2010
SD,540,2.1968,190.7,12.0696,224,129,749,4.833,41989.3,2.3173,0.5723,2009
SD,541,2.2172,191.098,12.39088,205,104,629,5.176,42036.6,2.3538,0.5723,2009
SD,542,2.2443,191.497,12.4991,175,142,293,4.755,41407.2,2.2759,0.5723,2009
SD,543,2.3328,191.897,13.23008,178,48,927,4.708,41311.4,2.0722,0.5723,2009
SD,544,2.342,192.298,14.20456,173,100,1370,4.594,42904.5,2.1989,0.5723,2009
SD,545,2.3316,192.7,13.80284,175,59,907,5.3,42387.0,2.296,0.5723,2009
SD,546,2.4002,193.102,14.66695,174,30,562,4.679,42629.7,2.2598,0.5723,2009
SD,547,2.4413,193.506,14.02834,230,171,587,4.537,43000.9,2.4206,0.5723,2009
SD,548,2.3905,193.91,13.30265,224,127,222,4.623,42644.3,2.4218,0.5723,2009
SD,549,2.2769,194.315,13.51034,208,134,453,4.191,41957.4,2.3025,0.5723,2009
SD,550,2.2316,194.721,13.11054,198,20,625,4.254,43170.8,2.4077,0.5723,2009
SD,551,2.2083,195.128,12.46568,231,69,1746,5.785,42506.0,2.3181,0.5723,2009
SD,552,2.5614,195.535,12.36606,207,83,913,5.038,42372.7,2.1733,0.5723,2009
SD,553,2.5157,195.944,12.68927,170,160,50,5.31,42889.8,2.4024,0.5723,2009
SD,554,2.5492,196.353,12.85339,181,87,839,4.938,43833.6,2.1265,0.5723,2009
SD,555,2.5996,196.763,13.06408,181,41,335,5.552,43427.7,2.2132,0.5723,2009
SD,556,2.6003,197.174,13.816,193,152,1094,5.372,43112.0,2.088,0.5723,2009
SD,557,2.7253,197.586,14.07885,181,42,634,5.433,43866.4,2.2762,0.5723,2009
SD,558,2.7568,197.999,13.31515,208,152,390,4.852,43184.8,2.336,0.5723,2009
SD,559,2.7707,198.412,14.65296,195,37,1087,5.113,43400.4,2.2927,0.5723,2009
SD,560,2.7008,198.827,14.13409,198,143,2968,4.588,43366.7,2.4708,0.5723,2009
SD,561,2.6335,199.242,13.59453,227,47,1097,4.665,43903.8,2.3955,0.5723,2009
SD,562,2.4909,199.658,13.01087,218,193,1087,4.051,44470.4,2.5826,0.5723,2009
SD,563,2.5011,200.075,12.84279,205,72,300,4.987,43698.7,2.3741,0.5723,2009
SD,564,2.6999,200.493,13.12159,204,103,598,5.416,44440.3,2.3127,0.5723,2009
SD,565,2.7223,200.912,12.79974,184,121,508,4.52,43441.9,2.3198,0.5723,2009
SD,566,2.7949,201.331,12.62273,168,52,1168,5.262,43312.1,2.2312,0.5723,2009
SD,567,2.8789,201.752,13.12383,164,82,699,4.684,43627.4,2.3036,0.5723,2009
SD,568,2.861,202.173,13.72815,168,64,326,5.885,44849.0,2.2704,0.5723,2009
SD,569,2.913,202.596,14.04032,199,61,89,5.874,44606.1,2.2782,0.5723,2009
SD,570,2.9421,203.019,14.30863,220,54,1457,4.887,43792.9,2.1822,0.5723,2009
SD,571,2.9242,203.443,14.42612,191,75,200,4.87,44527.3,2.3495,0.5723,2009
SD,572,2.8028,203.868,13.69218,196,44,496,4.808,44263.6,2.6008,0.5723,2009
SD,573,2.8014,204.294,13.52434,220,52,354,4.498,45093.7,2.3561,0.5723,2009
SD,574,2.7233,204.72,12.87581,203,171,618,4.802,45559.5,2.4355,0.5723,2009
SD,575,2.6904,205.148,12.35201,215,81,446,5.095,44061.7,2.5244,0.5723,2009
SD,576,3.1378,205.576,12.47026,179,127,868,7.518,43339.3,2.4845,0.5723,2009
SD,577,3.1327,206.006,12.04038,177,183,1133,7.555,42534.5,2.3766,0.5723,2009
SD,578,3.1727,206.436,12.22997,207,96,550,8.018,43666.2,2.3509,0.5723,2009
SD,579,3.2093,206.867,12.998,173,123,1421,8.122,43718.0,2.2493,0.5723,2009
SD,580,3.3179,207.299,12.95981,194,62,1175,8.54,44555.6,2.3978,0.5723,2009
SD,581,4.0608,207.732,13.48644,185,52,1168,7.783,43513.5,2.44,0.5723,2009
SD,582,4.1725,208.166,13.37875,178,118,527,8.253,44497.4,2.433,0.5723,2009
SD,583,3.3644,208.601,13.07101,242,164,427,7.904,43336.9,2.6506,0.5723,2009
SD,584,3.3271,209.037,12.60092,204,45,917,7.755,43430.5,2.6101,0.5723,2009
SD,585,3.2207,209.474,12.50261,225,148,884,7.293,44746.9,2.5345,0.5723,2009
SD,586,2.1083,209.911,12.80009,218,61,1357,7.804,43964.3,2.5887,0.5723,2009
SD,587,1.7323,210.35,12.73608,250,99,1219,7.49,44841.4,2.5098,0.5723,2009
SD,588,2.2651,210.789,13.01866,238,132,1188,7.754,44175.2,2.3977,0.5723,2009
SD,589,2.2545,211.229,12.55338,194,94,498,7.827,44027.1,2.3581,0.5723,2009
SD,590,2.3157,211.67,12.94017,195,58,706,7.469,42899.6,2.421,0.5723,2009
SD,591,2.3488,212.113,13.37716,187,87,400,8.776,44182.9,2.3885,0.5723,2009
SD,592,2.4228,212.556,13.94396,195,95,183,8.246,45529.7,2.3015,0.5723,2009
SD,593,2.459,213.0,14.39019,229,205,568,7.469,44344.5,2.5572,0.5723,2009
SD,594,2.5126,213.444,14.91773,207,80,857,7.395,44939.7,2.4617,0.5723,2009
SD,595,2.528,213.89,14.67783,233,228,232,7.082,44156.5,2.4735,0.5723,2009
SD,596,2.369,214.337,14.68383,231,86,670,6.96,44464.4,2.718,0.5723,2009
SD,597,2.3743,214.785,14.04557,245,141,754,7.779,45487.2,2.6211,0.5723,2009
SD,598,2.3207,215.233,13.28729,260,136,880,7.755,46156.3,2.6286,0.5723,2009
SD,599,2.2464,215.683,13.13107,242,128,1053,6.956,45350.6,2.668,0.5723,2009
SD,600,2.7364,216.133,13.12112,219,114,550,7.608,45510.8,2.5151,0.5723,2009
SD,601,2.7153,216.585,12.97429,231,115,440,7.22,45324.1,2.4597,0.5723,2009
SD,602,2.78,217.037,12.88249,192,56,812,8.27,45486.0,2.3727,0.5723,2009
SD,603,2.9403,217.491,13.62292,168,45,799,8.439,45173.5,2.3053,0.5723,2009
SD,604,2.9548,217.945,13.86035,160,104,1031,8.016,45050.1,2.3446,0.5723,2009
SD,605,2.9658,218.4,14.41235,173,44,83,7.533,45384.4,2.4399,0.5723,2009
SD,606,2.9173,218.856,14.71251,222,59,1007,7.48,46235.0,2.5374,0.5723,2009
SD,607,2.9336,219.313,14.3832,231,232,954,7.545,46125.9,2.6586,0.5723,2009
SD,608,2.9431,219.772,14.04284,193,161,841,8.061,45721.5,2.6864,0.5723,2009
SD,609,2.7573,220.231,13.3998,199,104,620,7.8,45370.6,2.599,0.5723,2009
SD,610,2.7084,220.691,13.02865,227,77,134,7.832,45670.7,2.6459,0.5723,2009
SD,611,2.7385,221.152,13.27977,217,30,1786,7.501,45364.2,2.5954,0.5723,2009
SD,612,3.4641,221.614,13.47408,214,114,1145,5.42,47708.7,2.4482,0.5723,2009
SD,613,3.3874,222.076,13.46203,193,110,831,4.911,47139.2,2.15,0.5723,2009
SD,614,3.4398,222.54,13.38424,163,106,930,5.033,48144.7,2.0002,0.5723,2009
SD,615,3.5572,223.005,13.53606,157,156,654,5.14,47345.2,2.1429,0.5723,2009
SD,616,3.6352,223.471,13.58119,182,113,903,4.933,47693.4,2.1909,0.5723,2009
SD,617,3.6174,223.938,15.01306,163,148,263,4.981,48083.2,2.2777,0.5723,2009
SD,618,3.7009,224.405,14.17499,199,120,1975,5.577,48415.6,2.2771,0.5723,2009
SD,619,3.7271,224.874,15.01635,156,140,406,5.052,48634.1,2.3559,0.5723,2009
SD,620,3.5601,225.344,14.1396,190,84,1280,4.776,47648.3,2.2946,0.5723,2009
SD,621,3.4977,225.815,13.92768,225,135,1146,4.506,49003.3,2.5923,0.5723,2009
SD,622,3.4457,226.286,13.09867,204,51,753,4.993,47546.0,2.4692,0.5723,2009
SD,623,3.4177,226.759,12.79559,216,18,1323,4.964,47469.3,2.4365,0.5723,2009
SD,624,3.5047,227.233,12.76688,203,191,825,4.891,47960.5,2.3596,0.5723,2009
SD,625,3.4896,227.707,13.27084,167,122,410,5.261,49177.0,2.2837,0.5723,2009
SD,626,3.5047,228.183,14.04191,171,255,636,4.822,48733.2,2.0116,0.5723,2009
SD,627,3.5775,228.659,14.08545,169,112,906,5.127,47552.2,2.186,0.5723,2009
SD,628,3.7025,229.137,13.79747,155,78,590,5.486,47256.5,2.2692,0.5723,2009
SD,629,3.8287,229.616,15.12441,182,148,230,4.857,48556.8,2.2388,0.5723,2009
SD,630,3.7158,230.095,14.53726,207,215,353,5.193,49093.2,2.1874,0.5723,2009
SD,631,3.7818,230.576,14.75114,224,93,1032,5.212,50113.2,2.318,0.5723,2009
SD,632,3.7403,231.057,14.3359,230,234,1233,4.834,48379.7,2.4212,0.5723,2009
SD,633,3.6158,231.54,14.04621,208,187,1557,4.513,48753.0,2.5044,0.5723,2009
SD,634,3.6059,232.024,13.29872,223,193,1004,5.204,49392.4,2.4643,0.5723,2009
SD,635,3.6224,232.508,13.6232,201,33,645,4.161,48881.8,2.411,0.5723,2009
SD,636,3.5306,232.994,12.83906,182,57,207,5.043,49854.8,2.2606,0.5723,2009
SD,637,3.4694,233.481,13.5422,169,54,279,5.32,50278.5,2.2881,0.5723,2009
SD,638,3.4675,233.968,13.22954,192,101,745,5.108,49572.2,2.1847,0.5723,2009
SD,639,3.523,234.457,14.0967,172,105,671,5.404,49467.7,2.1242,0.5723,2009
SD,640,3.551,234.947,14.95106,177,109,1349,5.136,49676.8,2.2196,0.5723,2009
SD,641,3.643,235.438,14.85186,183,66,1131,4.771,50382.2,2.2518,0.5723,2009
SD,642,3.5975,235.929,15.16219,175,170,1269,4.989,50277.6,2.305,0.5723,2009
SD,643,3.648,236.422,14.86119,192,194,645,5.363,48784.1,2.3536,0.5723,2009
SD,644,3.5582,236.916,14.98106,186,284,2164,4.516,51343.6,2.4627,0.5723,2009
SD,645,3.5082,237.411,13.82088,224,61,1775,4.376,49275.4,2.5434,0.5723,2009
SD,646,3.492,237.907,13.80179,227,192,1161,5.223,50347.8,2.3583,0.5723,2009
SD,647,3.3764,238.404,13.48495,213,125,865,5.511,49922.7,2.2182,0.5723,2009
SD,648,3.2224,238.902,13.27444,206,177,359,4.929,50166.6,2.4606,0.5723,2009
SD,649,3.3969,239.401,13.48351,183,138,932,5.539,50289.4,2.1498,0.5723,2009
SD,650,3.316,239.901,14.16616,174,68,246,5.195,49865.4,2.1696,0.5723,2009
SD,651,3.3565,240.402,14.80763,154,46,464,5.746,51306.1,2.1658,0.5723,2009
SD,652,3.3701,240.904,15.04415,186,106,1263,4.934,50861.8,2.1872,0.5723,2009
SD,653,3.6966,241.407,15.26846,181,245,806,4.448,51339.3,2.4032,0.5723,2009
SD,654,3.541,241.911,16.1295,214,95,622,5.352,50615.4,2.2752,0.5723,2009
SD,655,3.5642,242.417,15.51019,214,106,186,5.048,50143.7,2.3644,0.5723,2009
SD,656,3.4048,242.923,14.76469,210,122,1784,4.947,51825.7,2.4475,0.5723,2009
SD,657,3.3612,243.43,15.0913,198,214,1044,5.053,50165.4,2.4945,0.5723,2009
SD,658,3.4014,243.939,14.01255,228,58,1469,5.182,51705.6,2.4926,0.5723,2009
SD,659,3.3422,244.448,13.86905,189,199,1173,4.739,50858.5,2.3745,0.5723,2009
SD,660,2.2014,244.959,13.89249,198,90,394,5.778,51171.7,2.2324,0.5723,2009
SD,661,2.4313,245.471,14.60116,221,73,749,4.849,51405.3,2.2342,0.5723,2009
SD,662,2.479,245.983,15.4488,179,202,1579,4.523,51433.9,2.2146,0.5723,2009
SD,663,2.5243,246.497,15.78404,205,180,216,5.161,51584.4,2.1078,0.5723,2009
SD,664,2.5745,247.012,16.34362,178,81,191,5.756,51541.0,2.0654,0.5723,2009
SD,665,2.5593,247.528,17.19108,178,134,206,4.722,51889.4,2.2037,0.5723,2009
SD,666,2.5873,248.045,17.21031,186,108,944,5.012,52635.1,2.2851,0.5723,2009
SD,667,2.5782,248.563,16.65906,244,98,233,4.598,51074.6,2.4217,0.5723,2009
SD,668,2.5465,249.082,17.0014,240,157,1138,4.18,51423.7,2.4062,0.5723,2009
SD,669,2.4336,249.603,16.33558,207,83,2377,4.489,52366.6,2.4873,0.5723,2009
SD,670,2.4056,250.124,14.73136,231,78,1425,4.808,52029.8,2.5204,0.5723,2009
SD,671,2.3415,250.646,14.94833,192,214,1901,4.871,52831.8,2.3306,0.5723,2009
SD,672,1.9992,251.17,15.20313,209,92,799,5.37,52294.1,2.4105,0.5723,2009
SD,673,2.0377,251.694,15.58546,185,233,372,5.651,53112.5,2.0765,0.5723,2009
SD,674,2.1174,252.22,16.2751,214,276,179,5.141,52627.8,2.1183,0.5723,2009
SD,675,2.1588,252.747,16.66976,190,99,1041,4.591,52951.7,2.0647,0.5723,2009
SD,676,2.1903,253.275,16.56125,209,111,1137,5.936,52139.7,2.1738,0.5723,2009
SD,677,2.263,253.804,18.14943,198,138,540,5.025,54123.5,2.2987,0.5723,2009
SD,678,2.3152,254.334,17.97643,199,144,1074,4.944,53856.6,2.2648,0.5723,2009
SD,679,2.2334,254.865,17.93366,181,194,1757,4.332,54171.9,2.4653,0.5723,2009
SD,680,2.201,255.398,16.94318,251,157,1091,4.322,52257.4,2.3585,0.5723,2009
SD,681,2.1306,255.931,16.37407,216,251,922,4.468,52303.0,2.3455,0.5723,2009
SD,682,2.1115,256.466,15.69698,248,159,1373,4.883,52804.0,2.4669,0.5723,2009
SD,683,2.1034,257.001,15.58152,241,60,1127,4.526,52724.0,2.3729,0.5723,2009
SD,684,2.3598,257.538,15.52749,214,99,858,5.262,53668.7,2.2935,0.5723,2009
SD,685,2.3744,258.076,15.71157,189,69,1833,5.106,53732.8,2.1819,0.5723,2009
SD,686,2.3904,258.615,16.37318,176,64,1248,5.335,53924.0,2.1846,0.5723,2009
SD,687,2.4254,259.155,16.26848,213,246,208,5.748,54093.2,2.1558,0.5723,2009
SD,688,2.4867,259.697,17.51897,201,117,1400,5.153,53272.0,2.1477,0.5723,2009
SD,689,2.5099,260.239,17.88404,205,139,433,5.45,52936.1,2.3113,0.5723,2009
SD,690,2.5673,260.783,17.47184,204,73,528,4.64,54595.4,2.2921,0.5723,2009
SD,691,2.4995,261.327,18.05461,210,113,1419,4.829,54442.4,2.3797,0.5723,2009
SD,692,2.4318,261.873,16.74344,212,116,681,4.879,53927.7,2.447,0.5723,2009
SD,693,2.4195,262.42,16.1341,218,320,1503,4.866,54143.0,2.5162,0.5723,2009
SD,694,2.347,262.968,16.67986,231,172,2210,4.876,55095.8,2.5074,0.5723,2009
SD,695,2.2829,263.518,15.64492,222,223,990,5.415,53267.8,2.3852,0.5723,2009
SD,696,2.5701,264.068,15.89363,205,79,261,5.154,53898.5,2.2244,0.5723,2009
SD,697,2.6292,264.62,15.61667,211,90,855,4.303,55128.8,2.1826,0.5723,2009
SD,698,2.6742,265.172,15.93088,192,90,507,5.75,54019.8,2.0892,0.5723,2009
SD,699,2.8156,265.726,16.63186,193,172,456,4.864,54865.1,2.2558,0.5723,2009
SD,700,2.7783,266.281,17.36559,200,259,1527,5.025,55624.0,2.2709,0.5723,2009
SD,701,2.805,266.838,16.99854,214,59,1565,5.708,55722.1,2.3713,0.5723,2009
SD,702,2.8219,267.395,17.36931,204,123,629,4.778,54679.3,2.2451,0.5723,2009
SD,703,2.8446,267.953,16.33979,203,203,693,4.977,55709.1,2.3449,0.5723,2009
SD,704,2.7995,268.513,17.38471,230,128,1624,4.681,56482.2,2.4722,0.5723,2009
SD,705,2.7428,269.074,16.6338,255,53,1875,5.064,55405.3,2.539,0.5723,2009
SD,706,2.6748,269.636,15.59478,230,249,936,5.262,55032.0,2.2905,0.5723,2009
SD,707,2.6023,270.199,16.39665,249,98,241,4.475,55204.0,2.3842,0.5723,2009
SD,708,2.4868,270.764,16.10573,214,130,837,5.111,56031.8,2.4204,0.5723,2009
SD,709,2.458,271.329,16.00012,182,67,1108,5.259,55982.5,2.1554,0.5723,2009
SD,710,2.5339,271.896,16.99068,187,19,1082,5.112,55791.0,2.0816,0.5723,2009
SD,711,2.5834,272.464,16.53083,216,138,1752,4.876,54992.3,2.0268,0.5723,2009
SD,712,2.657,273.033,17.54352,205,168,521,4.876,57357.2,2.1843,0.5723,2009
SD,713,2.731,273.603,18.02497,195,88,998,5.617,56091.4,2.3172,0.5723,2009
SD,714,2.7827,274.175,18.65443,221,81,1074,5.166,57096.4,2.1309,0.5723,2009
SD,715,2.7129,274.747,18.40929,222,283,1563,4.196,56827.3,2.4533,0.5723,2009
SD,716,2.6981,275.321,17.46798,224,445,1249,5.395,56559.1,2.4769,0.5723,2009
SD,717,2.6435,275.896,17.24972,235,152,1525,5.049,56763.7,2.512,0.5723,2009
SD,718,2.5631,276.473,16.46251,233,283,654,4.827,56318.7,2.5396,0.5723,2009
SD,719,2.4833,277.05,16.28136,191,73,521,4.689,56635.2,2.5254,0.5723,2009
SD,720,1.9969,277.629,15.58287,197,247,432,9.43,57475.6,2.3102,0.5723,2009
SD,721,2.0553,278.209,15.93763,241,97,263,9.46,57950.1,2.3303,0.5723,2009
SD,722,2.1147,278.79,13.30661,211,108,500,10.579,55979.5,2.1578,0.5723,2009
SD,723,1.8447,279.372,11.17025,223,168,235,9.415,57153.9,2.3081,0.5723,2009
SD,724,1.8052,279.956,13.90447,213,83,466,9.571,58375.0,2.0492,0.5723,2009
SD,725,2.2904,280.54,15.91316,219,167,524,8.795,57925.2,2.0922,0.5723,2009
SD,726,2.3003,281.126,16.77082,223,103,1283,10.024,57078.1,2.2489,0.5723,2009
SD,727,2.3049,281.714,17.76963,229,125,1067,9.371,56928.4,2.511,0.5723,2009
SD,728,2.2721,282.302,17.27862,265,146,882,9.47,57604.4,2.6071,0.5723,2009
SD,729,2.221,282.892,17.45163,233,109,1991,9.403,57666.1,2.5233,0.5723,2009
SD,730,2.1868,283.483,16.32152,241,112,959,9.107,56831.6,2.5496,0.5723,2009
SD,731,2.1454,284.075,15.72764,228,64,320,8.693,57915.5,2.3794,0.5723,2009
SD,732,3.0056,284.668,16.29389,206,56,834,5.562,57396.8,2.165,0.5723,2009
SD,733,3.0155,285.263,16.58828,202,81,352,4.744,57451.4,2.2262,0.5723,2009
SD,734,2.931,285.859,16.56322,203,206,505,4.73,57518.6,2.1484,0.5723,2009
SD,735,3.0029,286.456,17.23778,184,139,828,5.227,57716.2,2.0984,0.5723,2009
SD,736,2.9455,287.054,17.93873,184,110,323,5.152,57315.4,2.0823,0.5723,2009
SD,737,3.0636,287.654,17.9325,186,302,680,4.692,58454.3,2.1884,0.5723,2009
SD,738,3.1406,288.254,17.31357,237,393,1803,4.927,58926.9,2.4607,0.5723,2009
SD,739,3.0355,288.856,18.10475,197,137,409,4.756,59598.2,2.414,0.5723,2009
SD,740,2.9997,289.46,17.75782,213,41,934,5.198,59620.0,2.4002,0.5723,2009
SD,741,3.0111,290.064,17.75285,233,94,2215,4.789,57924.2,2.4854,0.5723,2009
SD,742,2.9285,290.67,16.64618,232,192,1523,4.842,57989.4,2.5934,0.5723,2009
SD,743,2.925,291.277,16.35658,207,122,1754,4.967,59929.0,2.3118,0.5723,2009
SD,744,3.8987,291.886,15.74363,189,109,276,4.754,58413.8,2.4273,0.5723,2009
SD,745,3.7953,292.496,16.14675,173,126,1779,5.371,59028.4,2.2889,0.5723,2009
SD,746,3.899,293.106,16.07225,190,138,742,5.449,59523.5,2.1352,0.5723,2009
SD,747,3.9995,293.719,17.19005,177,140,247,4.943,59402.1,2.1906,0.5723,2009
SD,748,4.624,294.332,17.30249,153,158,675,5.045,59985.6,2.0543,0.5723,2009
SD,749,5.0075,294.947,17.09227,166,108,711,5.338,58546.6,2.1402,0.5723,2009
SD,750,4.1066,295.563,16.96697,211,239,772,5.195,59747.8,2.2278,0.5723,2009
SD,751,4.0841,296.18,16.35894,167,73,1685,4.871,59544.4,2.4104,0.5723,2009
SD,752,4.0406,296.799,16.79237,225,154,3060,4.723,58781.9,2.5651,0.5723,2009
SD,753,4.0706,297.419,16.22012,245,92,1245,3.879,60176.1,2.4734,0.5723,2009
SD,754,3.9753,298.04,16.4752,195,165,1194,4.336,60751.7,2.5182,0.5723,2009
SD,755,3.8692,298.663,15.54184,185,97,787,4.706,60186.4,2.3441,0.5723,2009
SD,756,3.4237,299.287,15.71756,210,98,1390,5.878,60214.1,2.3004,0.5723,2009
SD,757,3.4621,299.912,15.87994,193,49,776,5.596,59466.3,2.4046,0.5723,2009
SD,758,3.4954,300.538,16.46691,187,258,99,5.545,61459.5,2.0911,0.5723,2009
SD,759,3.5928,301.166,16.55037,187,108,2629,5.992,60399.8,2.1007,0.5723,2009
SD,760,3.691,301.795,17.4926,165,96,1253,5.657,61575.6,2.178,0.5723,2009
SD,761,3.6728,302.425,18.28591,188,51,244,5.095,60862.5,2.1226,0.5723,2009
SD,762,3.6323,303.057,18.27532,201,99,939,5.633,59876.0,2.1666,0.5723,2009
SD,763,3.5624,303.69,18.13702,216,311,1494,5.128,61476.7,2.4907,0.5723,2009
SD,764,3.5802,304.324,18.15105,213,191,843,4.511,61897.5,2.4496,0.5723,2009
SD,765,3.5459,304.96,17.32147,190,199,2297,4.741,60573.9,2.5683,0.5723,2009
SD,766,3.4876,305.597,16.65004,222,280,234,4.519,61728.4,2.4058,0.5723,2009
SD,767,3.3916,306.235,16.41653,199,180,224,5.233,61350.5,2.4117,0.5723,2009
SD,768,3.0544,306.875,16.83655,201,45,1561,4.74,60219.1,2.3226,0.5723,2009
SD,769,3.2088,307.516,17.31274,173,127,1387,4.495,61620.9,2.291,0.5723,2009
SD,770,3.2118,308.158,17.3586,182,63,1926,5.629,61528.5,2.2955,0.5723,2009
SD,771,3.3364,308.802,17.99039,191,59,1197,5.424,61865.2,2.0897,0.5723,2009
SD,772,3.3778,309.447,18.23859,196,209,946,5.185,61638.4,2.1508,0.5723,2009
SD,773,3.3969,310.093,18.74754,165,180,2635,4.581,61232.1,2.1938,0.5723,2009
SD,774,3.4566,310.741,19.21329,237,376,174,5.169,61984.9,2.41,0.5723,2009
SD,775,3.4213,311.39,18.32695,219,90,726,4.724,62618.4,2.4815,0.5723,2009
SD,776,3.3813,312.041,18.46812,221,140,4108,4.627,61975.4,2.503,0.5723,2009
SD,777,3.3613,312.692,18.36965,217,281,1386,4.264,63108.9,2.5301,0.5723,2009
SD,778,3.2979,313.345,16.74902,221,168,614,4.961,61455.2,2.4082,0.5723,2009
SD,779,3.2245,314.0,16.9679,223,270,1535,4.646,64162.9,2.3982,0.5723,2009
TN,540,2.2939,190.7,3.11192,56,23,383,4.973,41671.8,2.2581,0.6939,2008
TN,541,2.3098,191.098,3.22632,61,35,139,4.72,41807.4,2.1897,0.6939,2008
TN,542,2.3128,191.497,3.26539,60,22,91,4.911,42495.1,2.2033,0.6939,2008
TN,543,2.4211,191.897,3.43133,48,23,338,4.95,42042.5,2.0406,0.6939,2008
TN,544,2.4682,192.298,3.50151,43,16,317,5.08,41719.5,2.1755,0.6939,2008
TN,545,2.5338,192.7,3.64849,46,31,226,5.074,42423.2,2.1863,0.6939,2008
TN,546,2.6547,193.102,3.61173,54,84,480,4.826,42274.5,2.2439,0.6939,2008
TN,547,2.6366,193.506,3.67572,59,32,169,4.727,42636.5,2.3603,0.6939,2008
TN,548,2.5727,193.91,3.52536,59,41,607,4.544,42361.2,2.5538,0.6939,2008
TN,549,2.4859,194.315,3.41709,53,24,216,4.919,42869.2,2.5625,0.6939,2008
TN,550,2.3925,194.721,3.3265,53,13,10,4.189,43461.6,2.3885,0.6939,2008
TN,551,2.321,195.128,3.27361,60,27,250,4.581,42748.1,2.4354,0.6939,2008
TN,552,2.5563,195.535,3.26931,53,38,284,4.937,43163.0,2.2624,0.6939,2008
TN,553,2.6574,195.944,3.26206,45,35,354,5.35,42864.1,2.2505,0.6939,2008
TN,554,2.6455,196.353,3.42431,47,31,188,5.062,43834.1,2.2019,0.6939,2008
TN,555,2.7255,196.763,3.47226,52,21,60,5.837,42577.8,2.0564,0.6939,2008
TN,556,2.8191,197.174,3.46528,51,31,238,5.219,42874.2,2.337,0.6939,2008
TN,557,2.9127,197.586,3.64754,49,26,165,4.521,43212.0,2.1695,0.6939,2008
TN,558,2.9033,197.999,3.72812,70,14,294,4.746,42805.2,2.2918,0.6939,2008
TN,559,2.8331,198.412,3.71376,50,20,169,4.651,42455.2,2.3922,0.6939,2008
TN,560,2.8283,198.827,3.53128,62,33,736,5.091,42786.4,2.4564,0.6939,2008
TN,561,2.7291,199.242,3.39031,47,23,261,4.853,43206.1,2.4831,0.6939,2008
TN,562,2.6621,199.658,3.37112,58,38,934,5.309,43754.8,2.488,0.6939,2008
TN,563,2.5795,200.075,3.19621,57,29,110,5.094,44208.3,2.2604,0.6939,2008
TN,564,2.8127,200.493,3.23785,52,44,153,4.462,42710.1,2.2239,0.6939,2008
TN,565,2.78,200.912,3.27344,50,44,484,5.652,43902.7,2.1473,0.6939,2008
TN,566,2.8721,201.331,3.49369,43,24,383,5.679,44168.1,2.2203,0.6939,2008
TN,567,2.9866,201.752,3.52891,36,16,257,4.959,43342.6,2.1627,0.6939,2008
TN,568,3.0422,202.173,3.64649,36,18,72,5.331,44214.0,2.2035,0.6939,2008
TN,569,3.0564,202.596,3.69049,44,33,278,5.039,43680.2,2.1955,0.6939,2008
TN,570,3.0621,203.019,3.55662,63,24,167,4.769,43256.2,2.2906,0.6939,2008
TN,571,3.0431,203.443,3.69263,49,36,223,5.071,44309.8,2.2629,0.6939,2008
TN,572,2.9643,203.868,3.51771,45,25,362,5.266,43613.1,2.3619,0.6939,2008
TN,573,2.9175,204.294,3.57248,57,19,280,4.573,44435.4,2.4823,0.6939,2008
TN,574,2.8365,204.72,3.22094,55,35,228,4.372,44152.8,2.4005,0.6939,2008
TN,575,2.8119,205.148,3.248,58,6,85,5.37,45156.2,2.289,0.6939,2008
TN,576,3.3321,205.576,3.07995,55,28,202,7.24,42650.1,2.5076,0.6939,2008
TN,577,3.313,206.006,3.11068,55,16,58,8.08,43732.1,2.5617,0.6939,2008
TN,578,3.3379,206.436,3.16814,43,10,114,8.326,42447.3,2.3619,0.6939,2008
TN,579,3.4548,206.867,3.32482,43,32,184,8.243,42877.6,2.3503,0.6939,2008
TN,580,3.5541,207.299,3.33358,53,45,111,7.984,43060.0,2.4184,0.6939,2008
TN,581,4.2515,207.732,3.5149,45,38,253,7.878,43943.9,2.4785,0.6939,2008
TN,582,4.3838,208.166,3.4228,37,24,635,8.173,43580.4,2.5963,0.6939,2008
TN,583,3.4793,208.601,3.4677,50,29,175,8.011,43613.0,2.4988,0.6939,2008
TN,584,3.3991,209.037,3.26952,73,33,162,8.264,43599.8,2.6684,0.6939,2008
TN,585,3.4478,209.474,3.3556,62,23,641,7.666,43173.2,2.7356,0.6939,2008
TN,586,2.2844,209.911,3.30515,82,35,127,7.724,43563.2,2.5584,0.6939,2008
TN,587,1.8672,210.35,3.3757,54,18,309,7.49,43873.9,2.6137,0.6939,2008
TN,588,2.3749,210.789,3.30156,59,36,270,8.329,44806.3,2.5287,0.6939,2008
TN,589,2.3466,211.229,3.31013,61,21,317,8.162,43946.9,2.3998,0.6939,2008
TN,590,2.4486,211.67,3.3881,49,39,90,7.358,44635.0,2.336,0.6939,2008
TN,591,2.5628,212.113,3.52993,50,15,137,8.151,45441.1,2.1883,0.6939,2008
TN,592,2.5865,212.556,3.74166,46,46,104,7.575,44207.2,2.3338,0.6939,2008
TN,593,2.5784,213.0,3.67226,53,14,87,8.421,44383.9,2.4389,0.6939,2008
TN,594,2.5816,213.444,3.94593,38,29,54,7.638,45007.7,2.3119,0.6939,2008
TN,595,2.5765,213.89,3.87115,74,19,502,7.73,44809.7,2.502,0.6939,2008
TN,596,2.4833,214.337,3.74239,57,28,80,7.809,44878.8,2.6875,0.6939,2008
TN,597,2.4078,214.785,3.5758,63,11,118,7.44,45244.1,2.5508,0.6939,2008
TN,598,2.3741,215.233,3.51372,60,33,284,7.281,44876.2,2.7525,0.6939,2008
TN,599,2.3052,215.683,3.42304,58,17,211,7.779,44925.6,2.5403,0.6939,2008
TN,600,2.7473,216.133,3.28731,58,56,270,7.84,44464.3,2.565,0.6939,2008
TN,601,2.7745,216.585,3.29714,56,21,133,7.743,44885.4,2.385,0.6939,2008
TN,602,2.871,217.037,3.51764,41,31,354,8.49,44625.8,2.3895,0.6939,2008
TN,603,2.8762,217.491,3.62737,65,25,217,8.594,45856.3,2.316,0.6939,2008
TN,604,2.9445,217.945,3.65758,53,22,362,7.871,45198.7,2.3517,0.6939,2008
TN,605,3.0329,218.4,3.59168,53,16,230,8.44,45330.0,2.3247,0.6939,2008
TN,606,2.9977,218.856,3.82837,57,37,47,8.228,44843.0,2.5354,0.6939,2008
TN,607,3.0568,219.313,3.82152,48,21,341,7.891,46076.4,2.5131,0.6939,2008
TN,608,3.0064,219.772,3.51627,57,43,152,7.857,45262.8,2.4711,0.6939,2008
TN,609,2.9073,220.231,3.54376,53,36,275,7.785,45761.0,2.651,0.6939,2008
TN,610,2.7759,220.691,3.45352,65,29,439,8.069,45033.8,2.7178,0.6939,2008
TN,611,2.8157,221.152,3.35908,64,4,877,7.748,46225.0,2.6667,0.6939,2008
TN,612,3.5312,221.614,3.33731,59,30,72,4.894,46699.9,2.3501,0.6939,2008
TN,613,3.6023,222.076,3.40388,56,24,275,5.14,47862.2,2.2923,0.6939,2008
TN,614,3.6389,222.54,3.42524,43,23,45,4.909,47779.2,2.3414,0.6939,2008
TN,615,3.6604,223.005,3.64456,35,5,133,5.464,47982.4,2.191,0.6939,2008
TN,616,3.7167,223.471,3.62799,39,32,191,5.394,47661.3,2.3463,0.6939,2008
TN,617,3.7871,223.938,3.71541,41,47,282,5.022,46560.9,2.1316,0.6939,2008
TN,618,3.8932,224.405,4.01279,50,56,196,4.13,48438.0,2.3234,0.6939,2008
TN,619,3.8406,224.874,3.81155,59,28,154,4.876,48278.9,2.3777,0.6939,2008
TN,620,3.7609,225.344,3.70119,75,34,84,4.775,47653.1,2.2968,0.6939,2008
TN,621,3.6862,225.815,3.63978,50,55,290,4.238,49296.6,2.5496,0.6939,2008
TN,622,3.6369,226.286,3.47422,45,13,151,4.724,47353.6,2.4115,0.6939,2008
TN,623,3.5877,226.759,3.34349,54,42,297,6.09,48136.5,2.3769,0.6939,2008
TN,624,3.6849,227.233,3.33444,54,30,76,5.378,48483.4,2.3271,0.6939,2008
TN,625,3.7736,227.707,3.25162,51,49,185,5.405,47765.1,2.0768,0.6939,2008
TN,626,3.6745,228.183,3.56015,53,36,371,5.118,49096.4,2.2568,0.6939,2008
TN,627,3.8391,228.659,3.50108,53,44,58,5.199,47393.1,2.1534,0.6939,2008
TN,628,3.8805,229.137,3.81163,44,65,211,5.584,49032.5,2.2556,0.6939,2008
TN,629,3.9884,229.616,3.83164,31,22,213,5.231,48534.7,2.3342,0.6939,2008
TN,630,4.002,230.095,3.86977,55,21,184,5.404,48602.9,2.2947,0.6939,2008
TN,631,3.9819,230.576,3.89543,54,28,637,4.858,47951.8,2.4055,0.6939,2008
TN,632,3.8375,231.057,3.81096,50,23,80,5.005,49199.3,2.3696,0.6939,2008
TN,633,3.8473,231.54,3.67992,81,26,350,5.707,48715.5,2.4151,0.6939,2008
TN,634,3.8239,232.024,3.42855,59,27,79,4.993,48232.4,2.3947,0.6939,2008
TN,635,3.6853,232.508,3.3802,50,23,165,4.98,48334.9,2.3418,0.6939,2008
TN,636,3.5363,232.994,3.3905,49,88,675,5.405,48794.1,2.2843,0.6939,2008
TN,637,3.5363,233.481,3.48745,50,19,182,5.314,49212.5,2.2404,0.6939,2008
TN,638,3.6473,233.968,3.58598,45,8,220,5.826,50075.9,2.2209,0.6939,2008
TN,639,3.6874,234.457,3.64486,43,32,209,5.275,49321.0,2.0648,0.6939,2008
TN,640,3.704,234.947,3.82178,42,24,113,4.87,48828.7,2.0649,0.6939,2008
TN,641,3.7687,235.438,3.91498,44,23,345,5.205,49124.6,2.2743,0.6939,2008
TN,642,3.869,235.929,3.92383,50,22,132,4.937,49891.5,2.2449,0.6939,2008
TN,643,3.8604,236.422,3.82811,58,48,137,4.619,50622.7,2.2418,0.6939,2008
TN,644,3.7578,236.916,4.00498,58,26,446,4.775,50117.9,2.3776,0.6939,2008
TN,645,3.7018,237.411,3.72017,70,39,332,4.523,50170.4,2.4547,0.6939,2008
TN,646,3.7652,237.907,3.5399,47,48,263,4.77,49726.4,2.447,0.6939,2008
TN,647,3.6131,238.404,3.55259,46,26,226,4.938,50685.4,2.3908,0.6939,2008
TN,648,3.4296,238.902,3.46331,66,16,204,5.235,50016.3,2.3367,0.6939,2008
TN,649,3.4896,239.401,3.44373,42,26,181,4.944,49453.8,2.2519,0.6939,2008
TN,650,3.4969,239.901,3.62416,44,50,187,5.228,49315.8,2.1557,0.6939,2008
TN,651,3.6065,240.402,3.7711,36,32,45,5.275,50477.6,2.1344,0.6939,2008
TN,652,3.6591,240.904,3.99407,57,48,205,5.497,50704.6,2.3272,0.6939,2008
TN,653,3.9776,241.407,3.93304,42,60,379,4.887,49712.9,2.3773,0.6939,2008
TN,654,3.6309,241.911,4.09277,45,36,213,5.514,50208.8,2.2843,0.6939,2008
TN,655,3.6828,242.417,4.11005,55,34,137,4.712,51612.4,2.4421,0.6939,2008
TN,656,3.6634,242.923,3.86874,48,17,349,5.369,51540.6,2.5124,0.6939,2008
TN,657,3.5541,243.43,3.7833,53,26,297,4.474,50994.8,2.4547,0.6939,2008
TN,658,3.4677,243.939,3.75245,52,29,53,4.327,50610.2,2.4788,0.6939,2008
TN,659,3.4383,244.448,3.55622,58,31,431,4.081,51107.3,2.4583,0.6939,2008
TN,660,2.2288,244.959,3.66195,64,62,293,5.566,51675.6,2.2588,0.6939,2008
TN,661,2.5006,245.471,3.70556,61,23,98,5.099,52160.0,2.2799,0.6939,2008
TN,662,2.48,245.983,3.91145,54,22,354,4.726,51235.8,2.1618,0.6939,2008
TN,663,2.5666,246.497,3.96946,50,31,99,5.695,52164.9,2.2397,0.6939,2008
TN,664,2.64,247.012,4.13434,58,26,189,5.125,51944.0,2.0519,0.6939,2008
TN,665,2.6444,247.528,4.34489,39,49,210,4.765,51165.6,2.094,0.6939,2008
TN,666,2.6907,248.045,4.40016,66,45,367,4.691,52087.6,2.3308,0.6939,2008
TN,667,2.6763,248.563,4.47056,49,55,283,4.987,51980.5,2.4515,0.6939,2008
TN,668,2.605,249.082,4.17191,59,32,319,4.963,52034.4,2.4487,0.6939,2008
TN,669,2.5696,249.603,4.18563,69,16,366,4.769,51587.4,2.3691,0.6939,2008
TN,670,2.4905,250.124,4.04393,58,42,271,4.657,52571.9,2.4812,0.6939,2008
TN,671,2.4981,250.646,4.05756,61,27,393,4.918,52703.1,2.4165,0.6939,2008
TN,672,2.1452,251.17,3.91844,65,39,352,4.98,50871.5,2.4379,0.6939,2008
TN,673,2.1698,251.694,4.03649,55,48,201,4.918,53404.2,2.2037,0.6939,2008
TN,674,2.2219,252.22,4.01887,44,32,128,5.654,51572.7,2.134,0.6939,2008
TN,675,2.2297,252.747,4.34184,51,25,217,5.263,54121.1,2.1092,0.6939,2008
TN,676,2.3226,253.275,4.48728,40,21,211,4.549,53081.0,2.2229,0.6939,2008
TN,677,2.3293,253.804,4.60051,55,40,542,5.252,53132.1,2.2116,0.6939,2008
TN,678,2.3453,254.334,4.59598,65,55,203,5.493,52252.9,2.251,0.6939,2008
TN,679,2.3603,254.865,4.59958,53,15,412,4.452,53333.6,2.2994,0.6939,2008
TN,680,2.3529,255.398,4.52206,63,33,373,4.249,52883.1,2.5454,0.6939,2008
TN,681,2.3066,255.931,4.40102,69,40,736,4.517,52525.6,2.3622,0.6939,2008
TN,682,2.2378,256.466,4.35572,60,19,155,4.611,52193.0,2.474,0.6939,2008
TN,683,2.1373,257.001,4.13915,42,36,314,3.992,54293.2,2.3515,0.6939,2008
TN,684,2.421,257.538,4.19214,53,30,187,4.598,53842.9,2.2884,0.6939,2008
TN,685,2.3873,258.076,4.03339,43,41,397,6.008,54536.7,2.3179,0.6939,2008
TN,686,2.4977,258.615,4.09335,50,20,95,5.879,53296.3,2.2784,0.6939,2008
TN,687,2.5703,259.155,4.28061,46,31,405,5.735,53374.7,2.2202,0.6939,2008
TN,688,2.6038,259.697,4.34214,48,23,150,4.973,53638.7,2.1938,0.6939,2008
TN,689,2.646,260.239,4.4877,44,17,348,5.109,54252.1,2.1632,0.6939,2008
TN,690,2.7032,260.783,4.69072,41,40,78,4.49,54546.6,2.4282,0.6939,2008
TN,691,2.6912,261.327,4.5804,62,63,102,4.832,53658.8,2.4719,0.6939,2008
TN,692,2.6555,261.873,4.44046,61,14,136,5.072,54703.7,2.4856,0.6939,2008
TN,693,2.4923,262.42,4.28027,68,56,78,4.764,53297.7,2.4258,0.6939,2008
TN,694,2.4885,262.968,4.13204,57,39,118,4.652,54495.6,2.4187,0.6939,2008
TN,695,2.3659,263.518,4.10649,65,58,104,5.056,53485.6,2.4723,0.6939,2008
TN,696,2.7353,264.068,4.06285,55,40,230,5.163,54539.2,2.3553,0.6939,2008
TN,697,2.7521,264.62,4.05665,60,43,141,5.013,54501.1,2.38,0.6939,2008
TN,698,2.8957,265.172,4.21895,62,32,161,4.865,53741.0,2.1651,0.6939,2008
TN,699,2.8969,265.726,4.09863,43,37,121,5.452,54097.9,2.0625,0.6939,2008
TN,700,2.8653,266.281,4.43885,62,13,279,4.556,54267.0,2.1848,0.6939,2008
TN,701,2.9128,266.838,4.55999,57,28,397,4.742,55426.2,2.3393,0.6939,2008
TN,702,2.9499,267.395,4.66401,49,24,761,5.075,54009.5,2.1993,0.6939,2008
TN,703,2.897,267.953,4.72199,54,27,229,4.883,54238.8,2.2429,0.6939,2008
TN,704,2.8257,268.513,4.43835,69,13,143,5.253,55400.7,2.4423,0.6939,2008
TN,705,2.8106,269.074,4.33247,56,41,292,4.478,54999.4,2.3799,0.6939,2008
TN,706,2.7428,269.636,4.24649,63,32,222,4.579,56734.6,2.3969,0.6939,2008
TN,707,2.7699,270.199,4.06351,64,51,297,4.927,56203.5,2.2905,0.6939,2008
TN,708,2.5861,270.764,4.05502,55,35,502,5.04,56285.7,2.2344,0.6939,2008
TN,709,2.6294,271.329,4.04223,64,62,190,5.044,55240.0,2.1817,0.6939,2008
TN,710,2.6252,271.896,4.26528,60,34,213,5.237,56034.9,2.1574,0.6939,2008
TN,711,2.713,272.464,4.40373,45,17,262,5.771,56527.6,2.1878,0.6939,2008
TN,712,2.8517,273.033,4.50593,61,56,301,5.753,54950.3,2.0642,0.6939,2008
TN,713,2.8756,273.603,4.69433,61,57,63,4.626,56519.8,2.3006,0.6939,2008
TN,714,2.8216,274.175,4.63106,59,50,199,5.388,55890.3,2.181,0.6939,2008
TN,715,2.8563,274.747,4.52633,46,25,171,4.912,56016.0,2.3241,0.6939,2008
TN,716,2.7579,275.321,4.66048,58,13,764,4.911,56431.4,2.2878,0.6939,2008
TN,717,2.6826,275.896,4.21393,60,10,409,4.935,55724.2,2.5902,0.6939,2008
TN,718,2.6853,276.473,4.31008,47,64,77,4.554,57157.0,2.4312,0.6939,2008
TN,719,2.6789,277.05,4.07253,55,19,340,5.04,56093.7,2.4421,0.6939,2008
TN,720,2.1962,277.629,4.06592,48,20,260,10.075,56747.4,2.3827,0.6939,2008
TN,721,2.2418,278.209,4.07975,56,50,184,9.245,57311.3,2.2052,0.6939,2008
TN,722,2.2209,278.79,3.48517,55,36,57,9.517,56129.1,2.2776,0.6939,2008
TN,723,1.9606,279.372,2.91268,51,46,132,9.5,57279.7,2.335,0.6939,2008
TN,724,1.9837,279.956,3.56421,64,15,29,9.953,57181.2,2.0804,0.6939,2008
TN,725,2.3128,280.54,4.13079,51,11,375,9.715,57022.7,2.2315,0.6939,2008
TN,726,2.4227,281.126,4.44267,59,23,295,8.939,58705.1,2.3927,0.6939,2008
TN,727,2.4319,281.714,4.73013,65,67,91,9.684,57795.9,2.4334,0.6939,2008
TN,728,2.379,282.302,4.75289,58,33,481,9.352,56376.9,2.2881,0.6939,2008
TN,729,2.3239,282.892,4.51249,62,56,331,8.677,57685.6,2.4069,0.6939,2008
TN,730,2.2027,283.483,4.31387,56,15,114,9.079,57255.2,2.4687,0.6939,2008
TN,731,2.1019,284.075,4.23492,71,33,509,8.872,57074.6,2.3216,0.6939,2008
TN,732,3.0021,284.668,4.31182,49,15,511,4.61,57931.0,2.1239,0.6939,2008
TN,733,3.084,285.263,4.18351,51,37,135,5.899,56921.4,2.2668,0.6939,2008
TN,734,3.1826,285.859,4.28681,41,27,254,5.51,57352.1,2.1036,0.6939,2008
TN,735,3.2583,286.456,4.40633,44,24,329,5.582,58959.8,2.2361,0.6939,2008
TN,736,3.2715,287.054,4.42643,58,25,164,5.731,58043.5,2.2166,0.6939,2008
TN,737,3.2017,287.654,4.80626,62,34,143,5.359,58218.8,2.2076,0.6939,2008
TN,738,3.2096,288.254,4.78717,63,18,352,4.621,59379.9,2.3069,0.6939,2008
TN,739,3.3456,288.856,4.74553,66,24,868,5.199,57869.7,2.3182,0.6939,2008
TN,740,3.3136,289.46,4.38502,52,50,418,4.598,59520.0,2.547,0.6939,2008
TN,741,3.0976,290.064,4.45613,57,44,345,4.452,58010.3,2.5695,0.6939,2008
TN,742,3.0712,290.67,4.38386,58,72,921,4.813,58616.3,2.5013,0.6939,2008
TN,743,3.0536,291.277,4.30131,64,15,241,5.204,59440.1,2.3748,0.6939,2008
TN,744,3.9991,291.886,4.0953,50,32,375,5.198,58833.0,2.1282,0.6939,2008
TN,745,4.0159,292.496,4.16627,39,33,126,5.656,58913.4,2.3537,0.6939,2008
TN,746,4.018,293.106,4.28514,54,33,280,5.975,60158.1,2.2333,0.6939,2008
TN,747,4.0712,293.719,4.29605,42,50,312,4.413,60890.2,2.1898,0.6939,2008
TN,748,4.7037,294.332,4.56845,51,66,223,5.278,60925.8,1.9964,0.6939,2008
TN,749,5.172,294.947,4.49399,42,17,309,5.444,58462.4,2.1729,0.6939,2008
TN,750,4.2509,295.563,4.45693,53,51,309,5.109,60363.4,2.331,0.6939,2008
TN,751,4.2282,296.18,4.67098,47,54,164,4.606,59455.2,2.5522,0.6939,2008
TN,752,4.1668,296.799,4.32123,57,53,228,5.255,59703.0,2.3699,0.6939,2008
TN,753,4.2269,297.419,4.35346,45,26,238,4.764,60083.5,2.3547,0.6939,2008
TN,754,4.1887,298.04,4.31101,67,34,400,4.863,59524.5,2.3287,0.6939,2008
TN,755,4.1091,298.663,3.98951,63,32,113,5.161,59830.2,2.3235,0.6939,2008
TN,756,3.5913,299.287,3.96117,43,44,100,5.109,59432.9,2.2699,0.6939,2008
TN,757,3.5646,299.912,4.11093,43,35,194,4.933,59768.0,2.2578,0.6939,2008
TN,758,3.5719,300.538,4.2211,47,12,85,5.392,60208.2,2.2195,0.6939,2008
TN,759,3.7151,301.166,4.44154,38,30,96,5.423,60986.2,2.1508,0.6939,2008
TN,760,3.7998,301.795,4.82535,49,68,451,5.313,60000.1,2.4183,0.6939,2008
TN,761,3.8042,302.425,4.67627,58,27,407,5.982,59243.5,2.2636,0.6939,2008
TN,762,3.8303,303.057,4.72593,46,35,350,5.376,59743.1,2.2948,0.6939,2008
TN,763,3.7143,303.69,4.89106,56,64,791,4.792,60867.6,2.3313,0.6939,2008
TN,764,3.7715,304.324,4.68161,52,40,34,4.66,61303.4,2.4804,0.6939,2008
TN,765,3.6328,304.96,4.55523,60,100,494,5.461,60756.1,2.4757,0.6939,2008
TN,766,3.5368,305.597,4.4518,58,17,286,3.884,61970.1,2.5344,0.6939,2008
TN,767,3.5234,306.235,4.38402,74,37,368,4.635,62362.5,2.3294,0.6939,2008
TN,768,3.3143,306.875,4.34948,58,54,72,5.282,62111.3,2.1989,0.6939,2008
TN,769,3.3415,307.516,4.3147,49,35,414,5.31,61330.8,2.3531,0.6939,2008
TN,770,3.5099,308.158,4.37525,48,27,152,5.0,61171.1,2.2141,0.6939,2008
TN,771,3.611,308.802,4.63538,50,79,183,4.899,61977.5,2.2729,0.6939,2008
TN,772,3.5746,309.447,4.67586,41,33,354,4.968,61502.8,2.2223,0.6939,2008
TN,773,3.4806,310.093,4.85662,59,39,363,5.158,61759.8,2.3618,0.6939,2008
TN,774,3.6519,310.741,4.84235,40,34,286,4.755,61665.8,2.2786,0.6939,2008
TN,775,3.6265,311.39,4.98846,47,44,197,4.889,62601.8,2.377,0.6939,2008
TN,776,3.5956,312.041,4.9194,70,46,422,5.029,61408.4,2.3739,0.6939,2008
TN,777,3.4586,312.692,4.65674,54,49,164,4.364,62189.8,2.3727,0.6939,2008
TN,778,3.3637,313.345,4.46543,51,42,335,4.536,63011.5,2.3242,0.6939,2008
TN,779,3.3818,314.0,4.35148,54,87,199,4.906,61846.4,2.3742,0.6939,2008
TX,540,2.1371,190.7,6.44052,114,122,311,5.617,41495.0,2.2068,0.1586,2008
TX,541,2.1271,191.098,6.75302,113,80,140,5.21,42614.5,2.2233,0.1586,2008
TX,542,2.1873,191.497,6.9376,88,55,453,5.146,41535.6,2.1931,0.1586,2008
TX,543,2.2959,191.897,7.32034,116,74,396,5.648,42923.4,2.2276,0.1586,2008
TX,544,2.2788,192.298,7.64332,97,17,282,4.426,43205.7,2.0819,0.1586,2008
TX,545,2.4065,192.7,7.62843,91,61,208,4.648,42673.8,2.2885,0.1586,2008
TX,546,2.4028,193.102,7.79265,120,104,126,4.4,41180.9,2.282,0.1586,2008
TX,547,2.4076,193.506,7.68303,124,69,2041,4.651,42159.3,2.3934,0.1586,2008
TX,548,2.3552,193.91,7.38184,107,107,899,4.726,42491.2,2.4042,0.1586,2008
TX,549,2.2857,194.315,7.08767,115,73,548,4.888,44036.9,2.4828,0.1586,2008
TX,550,2.2081,194.721,6.97454,111,63,622,4.825,43452.6,2.3089,0.1586,2008
TX,551,2.214,195.128,6.95821,127,46,355,5.064,43154.5,2.3665,0.1586,2008
TX,552,2.4757,195.535,6.9853,116,99,634,5.022,43422.2,2.2597,0.1586,2008
TX,553,2.4385,195.944,6.77512,132,47,770,4.767,42965.9,2.148,0.1586,2008
TX,554,2.4648,196.353,6.95191,97,55,101,5.245,42817.2,2.0444,0.1586,2008
TX,555,2.4558,196.763,6.94391,110,28,261,5.186,42399.4,2.1849,0.1586,2008
TX,556,2.5345,197.174,7.71634,84,126,159,4.634,43026.0,2.0778,0.1586,2008
TX,557,2.5878,197.586,7.84951,107,51,278,4.724,44383.2,2.2455,0.1586,2008
TX,558,2.6792,197.999,7.72198,113,80,189,4.936,42747.5,2.3899,0.1586,2008
TX,559,2.6206,198.412,7.78026,124,17,186,5.664,42642.7,2.3856,0.1586,2008
TX,560,2.6276,198.827,7.70703,120,75,1609,4.474,43741.3,2.4429,0.1586,2008
TX,561,2.4914,199.242,7.18251,119,33,555,4.777,43709.0,2.422,0.1586,2008
TX,562,2.4887,199.658,6.84541,127,68,792,4.866,43970.3,2.3718,0.1586,2008
TX,563,2.4223,200.075,7.06485,105,29,343,5.351,43150.8,2.5288,0.1586,2008
TX,564,2.5644,200.493,6.89745,122,54,541,5.271,43694.2,2.2001,0.1586,2008
TX,565,2.6118,200.912,6.94677,117,44,507,5.436,44455.0,2.1196,0.1586,2008
TX,566,2.5749,201.331,7.15799,96,20,505,5.632,43158.6,2.099,0.1586,2008
TX,567,2.7088,201.752,7.24281,100,13,701,5.376,43549.1,2.0786,0.1586,2008
TX,568,2.7918,202.173,7.31915,91,28,638,5.358,43461.0,2.195,0.1586,2008
TX,569,2.878,202.596,7.72701,116,56,704,5.078,43087.9,2.1985,0.1586,2008
TX,570,2.8318,203.019,7.92935,98,60,171,4.756,43994.6,2.2904,0.1586,2008
TX,571,2.8758,203.443,7.80053,108,35,661,4.995,44324.9,2.424,0.1586,2008
TX,572,2.7893,203.868,7.4613,130,101,661,4.938,43813.2,2.4013,0.1586,2008
TX,573,2.6751,204.294,7.34805,114,89,271,4.538,44095.3,2.429,0.1586,2008
TX,574,2.6471,204.72,6.8616,103,38,154,4.336,44386.2,2.5237,0.1586,2008
TX,575,2.6288,205.148,6.85109,129,16,321,5.496,43862.9,2.3935,0.1586,2008
TX,576,3.093,205.576,6.598,124,70,568,8.274,42638.2,2.5015,0.1586,2008
TX,577,3.0936,206.006,6.4496,118,21,342,8.409,43526.9,2.3661,0.1586,2008
TX,578,3.065,206.436,6.80645,106,25,428,7.72,43251.7,2.2564,0.1586,2008
TX,579,3.1074,206.867,6.87652,96,59,393,7.714,43446.9,2.2817,0.1586,2008
TX,580,3.2791,207.299,7.0801,110,82,151,7.628,43351.6,2.2995,0.1586,2008
TX,581,3.8927,207.732,7.53204,100,79,570,8.282,43974.6,2.4827,0.1586,2008
TX,582,3.9845,208.166,7.49574,108,70,434,8.03,44334.1,2.3784,0.1586,2008
TX,583,3.2798,208.601,7.28394,124,16,234,8.226,44244.8,2.4383,0.1586,2008
TX,584,3.1628,209.037,7.06639,123,137,541,6.621,42744.5,2.6365,0.1586,2008
TX,585,3.1577,209.474,7.06635,115,33,821,6.869,43084.1,2.7309,0.1586,2008
TX,586,2.1135,209.911,6.80986,116,60,262,8.274,44581.1,2.5401,0.1586,2008
TX,587,1.6407,210.35,7.01709,139,48,239,6.905,43318.1,2.5804,0.1586,2008
TX,588,2.1146,210.789,7.11981,124,55,159,7.863,44906.0,2.5608,0.1586,2008
TX,589,2.1518,211.229,7.26623,104,45,466,8.535,44752.1,2.5742,0.1586,2008
TX,590,2.2242,211.67,7.37067,134,52,476,8.384,45559.7,2.3486,0.1586,2008
TX,591,2.3228,212.113,7.63012,102,19,319,8.02,44582.7,2.4476,0.1586,2008
TX,592,2.3394,212.556,7.77715,109,89,612,8.511,44365.6,2.3079,0.1586,2008
TX,593,2.4238,213.0,8.52225,112,52,705,8.064,44294.3,2.3665,0.1586,2008
TX,594,2.4477,213.444,8.00095,94,73,280,7.999,44726.8,2.5726,0.1586,2008
TX,595,2.3549,213.89,8.14688,143,70,169,7.711,44963.6,2.5401,0.1586,2008
TX,596,2.3278,214.337,7.81461,146,36,1065,8.029,44663.8,2.7952,0.1586,2008
TX,597,2.2766,214.785,7.41391,119,59,280,7.422,44501.0,2.5147,0.1586,2008
TX,598,2.2502,215.233,7.27412,131,38,547,7.423,44658.9,2.7616,0.1586,2008
TX,599,2.1703,215.683,7.19087,138,76,417,8.391,44067.8,2.5551,0.1586,2008
TX,600,2.6379,216.133,6.77722,127,38,513,7.511,45180.8,2.6407,0.1586,2008
TX,601,2.6944,216.585,7.07564,97,69,282,7.675,45208.5,2.4867,0.1586,2008
TX,602,2.7008,217.037,7.38114,94,13,248,8.241,45584.4,2.4503,0.1586,2008
TX,603,2.8038,217.491,7.42561,108,76,267,7.253,45553.1,2.2767,0.1586,2008
TX,604,2.8971,217.945,8.01358,115,89,543,7.781,45978.7,2.4204,0.1586,2008
TX,605,2.935,218.4,8.02165,125,41,424,8.056,45301.1,2.3912,0.1586,2008
TX,606,2.8375,218.856,7.83299,100,118,355,7.538,45052.4,2.4813,0.1586,2008
TX,607,2.881,219.313,7.59782,120,60,930,7.612,45677.9,2.6248,0.1586,2008
TX,608,2.7937,219.772,7.35074,112,113,890,7.764,45630.7,2.5448,0.1586,2008
TX,609,2.7396,220.231,7.47327,138,129,586,7.214,45487.8,2.5926,0.1586,2008
TX,610,2.6415,220.691,7.16156,136,212,643,7.296,45338.5,2.7143,0.1586,2008
TX,611,2.588,221.152,6.85838,115,32,953,7.534,46330.5,2.6747,0.1586,2008
TX,612,3.2459,221.614,7.33809,107,40,320,4.923,46892.6,2.2213,0.1586,2008
TX,613,3.3184,222.076,6.91358,99,38,454,5.201,46580.2,2.2958,0.1586,2008
TX,614,3.3857,222.54,7.15141,103,72,1003,4.915,48117.0,2.2042,0.1586,2008
TX,615,3.4049,223.005,7.47964,101,66,282,5.84,47349.2,2.202,0.1586,2008
TX,616,3.5032,223.471,7.75972,108,54,207,4.452,47236.7,2.1544,0.1586,2008
TX,617,3.6308,223.938,7.99139,101,27,205,4.592,46909.7,2.2477,0.1586,2008
TX,618,3.5637,224.405,8.1937,90,153,658,5.381,47571.0,2.4165,0.1586,2008
TX,619,3.5714,224.874,7.79924,121,34,211,5.481,47193.3,2.3422,0.1586,2008
TX,620,3.5266,225.344,7.80114,129,156,389,5.091,48798.8,2.4545,0.1586,2008
TX,621,3.4427,225.815,7.75034,118,108,352,4.785,47708.8,2.4159,0.1586,2008
TX,622,3.3411,226.286,7.2897,125,66,805,4.737,48663.9,2.5264,0.1586,2008
TX,623,3.3219,226.759,7.4455,117,116,248,5.239,48782.7,2.3122,0.1586,2008
TX,624,3.3685,227.233,7.10146,111,123,431,5.658,47327.1,2.3503,0.1586,2008
TX,625,3.4311,227.707,7.16592,103,27,177,4.396,48720.8,2.2775,0.1586,2008
TX,626,3.4042,228.183,7.61941,103,60,147,5.366,48291.8,2.1782,0.1586,2008
TX,627,3.412,228.659,7.65193,109,37,212,4.913,49310.8,2.0772,0.1586,2008
TX,628,3.5913,229.137,7.77877,100,84,274,5.38,48860.4,2.0718,0.1586,2008
TX,629,3.6087,229.616,7.88524,77,35,621,4.769,47869.3,2.1707,0.1586,2008
TX,630,3.6795,230.095,8.15786,101,102,430,4.73,48389.1,2.3977,0.1586,2008
TX,631,3.6044,230.576,8.18995,112,54,886,5.197,48482.3,2.3412,0.1586,2008
TX,632,3.7074,231.057,8.04706,115,80,77,5.032,49345.1,2.4465,0.1586,2008
TX,633,3.6308,231.54,7.61854,113,38,260,5.507,49236.6,2.5292,0.1586,2008
TX,634,3.5804,232.024,7.26193,121,45,807,4.857,48008.1,2.3013,0.1586,2008
TX,635,3.5483,232.508,7.17218,106,48,343,5.334,49434.4,2.4368,0.1586,2008
TX,636,3.4096,232.994,6.93991,115,64,214,5.231,49643.0,2.2111,0.1586,2008
TX,637,3.3647,233.481,7.34072,126,126,282,5.206,49566.1,2.2647,0.1586,2008
TX,638,3.3325,233.968,7.59736,84,97,204,6.177,49682.4,2.15,0.1586,2008
TX,639,3.4418,234.457,7.85428,116,168,149,5.796,51059.1,2.0997,0.1586,2008
TX,640,3.5096,234.947,8.0447,88,59,505,4.94,50742.7,2.105,0.1586,2008
TX,641,3.5328,235.438,8.37643,95,34,718,4.864,50111.1,2.1923,0.1586,2008
TX,642,3.5926,235.929,8.28737,116,73,621,5.192,49702.3,2.2604,0.1586,2008
TX,643,3.567,236.422,8.34066,108,53,387,4.959,50433.6,2.3552,0.1586,2008
TX,644,3.509,236.916,8.00853,147,24,255,4.895,49989.7,2.4573,0.1586,2008
TX,645,3.4015,237.411,7.92281,109,64,237,4.917,50720.6,2.4045,0.1586,2008
TX,646,3.3242,237.907,7.84092,126,81,162,4.818,51654.8,2.3907,0.1586,2008
TX,647,3.3927,238.404,7.56979,102,53,567,5.23,49888.5,2.3405,0.1586,2008
TX,648,3.1845,238.902,7.02592,77,91,49,5.156,50012.8,2.2893,0.1586,2008
TX,649,3.2556,239.401,7.55779,105,112,117,4.613,51085.3,2.1485,0.1586,2008
TX,650,3.3051,239.901,7.78942,84,33,402,5.502,49471.2,2.0694,0.1586,2008
TX,651,3.2327,240.402,8.06066,88,40,306,5.588,51371.3,2.1533,0.1586,2008
TX,652,3.2799,240.904,8.22804,99,126,648,4.87,50639.6,2.2909,0.1586,2008
TX,653,3.5522,241.407,8.36148,96,52,437,5.382,50196.2,2.2343,0.1586,2008
TX,654,3.3578,241.911,8.82738,120,24,325,4.916,50765.4,2.3373,0.1586,2008
TX,655,3.3861,242.417,8.29221,108,39,306,5.483,50207.8,2.4895,0.1586,2008
TX,656,3.3085,242.923,8.59026,104,56,501,4.022,50653.9,2.4011,0.1586,2008
TX,657,3.3094,243.43,8.01975,123,86,1153,4.323,50930.7,2.4792,0.1586,2008
TX,658,3.2042,243.939,7.71842,102,87,282,4.98,49974.7,2.3957,0.1586,2008
TX,659,3.2436,244.448,7.70693,126,61,490,3.947,51869.4,2.4445,0.1586,2008
TX,660,2.0878,244.959,7.73673,85,18,287,5.019,51484.3,2.3157,0.1586,2008
TX,661,2.2637,245.471,8.20146,92,36,471,4.464,51008.9,2.2384,0.1586,2008
TX,662,2.2733,245.983,8.52589,97,63,486,5.736,52122.5,2.0877,0.1586,2008
TX,663,2.3339,246.497,8.4489,98,46,753,5.454,51163.9,2.1372,0.1586,2008
TX,664,2.4279,247.012,8.92963,97,26,320,5.708,52364.9,2.0933,0.1586,2008
TX,665,2.3956,247.528,9.50231,101,42,554,5.208,51824.3,2.2069,0.1586,2008
TX,666,2.4429,248.045,9.95441,124,29,868,5.095,52843.6,2.4015,0.1586,2008
TX,667,2.4092,248.563,9.58354,116,107,905,5.121,51632.6,2.3829,0.1586,2008
TX,668,2.4394,249.082,8.91484,124,91,470,5.136,51709.7,2.4223,0.1586,2008
TX,669,2.3732,249.603,8.58236,117,50,1198,4.971,52291.8,2.3857,0.1586,2008
TX,670,2.3757,250.124,8.53029,131,166,260,4.59,51237.9,2.5016,0.1586,2008
TX,671,2.3296,250.646,8.2817,125,119,1099,5.202,51915.5,2.3669,0.1586,2008
TX,672,1.9702,251.17,8.77809,119,55,734,4.899,53691.2,2.3914,0.1586,2008
TX,673,1.9588,251.694,8.34917,104,47,486,5.037,53288.2,2.3738,0.1586,2008
TX,674,1.9859,252.22,8.7674,125,156,170,4.95,52456.8,2.1894,0.1586,2008
TX,675,2.064,252.747,9.25087,97,139,471,5.037,53568.2,2.082,0.1586,2008
TX,676,2.0932,253.275,9.73182,97,85,366,4.872,52970.4,2.1264,0.1586,2008
TX,677,2.1814,253.804,10.04956,123,128,511,5.112,53858.2,2.2528,0.1586,2008
TX,678,2.2556,254.334,9.43181,113,184,321,4.566,52703.4,2.2605,0.1586,2008
TX,679,2.166,254.865,9.66444,124,128,843,4.252,52746.1,2.3378,0.1586,2008
TX,680,2.1664,255.398,9.3515,128,55,747,5.684,53433.8,2.4783,0.1586,2008
TX,681,2.0859,255.931,9.14391,124,69,379,3.935,53702.7,2.4753,0.1586,2008
TX,682,2.0098,256.466,8.81797,127,80,864,3.884,53440.4,2.1455,0.1586,2008
TX,683,2.0386,257.001,8.92442,126,4,758,4.593,54193.3,2.2929,0.1586,2008
TX,684,2.304,257.538,8.19611,93,77,575,4.818,53159.4,2.3573,0.1586,2008
TX,685,2.262,258.076,8.61768,104,114,350,5.14,53629.6,2.3009,0.1586,2008
TX,686,2.3029,258.615,8.73555,91,64,233,5.593,53495.5,2.2588,0.1586,2008
TX,687,2.3695,259.155,8.96737,105,45,1005,5.063,52263.5,2.181,0.1586,2008
TX,688,2.4017,259.697,9.10909,92,50,25,5.094,54845.4,2.1896,0.1586,2008
TX,689,2.4828,260.239,9.65533,99,121,399,5.784,53458.7,2.1882,0.1586,2008
TX,690,2.4745,260.783,9.77734,113,53,1233,5.054,52952.2,2.4164,0.1586,2008
TX,691,2.3861,261.327,9.85612,112,48,530,4.724,53704.6,2.2434,0.1586,2008
TX,692,2.3944,261.873,9.19282,136,178,954,5.252,53492.1,2.5037,0.1586,2008
TX,693,2.3715,262.42,9.2042,130,56,1261,4.411,54987.1,2.431,0.1586,2008
TX,694,2.3892,262.968,8.76462,123,180,506,5.028,53912.2,2.4735,0.1586,2008
TX,695,2.2655,263.518,8.24258,113,61,830,4.759,54560.5,2.3152,0.1586,2008
TX,696,2.5224,264.068,8.56596,120,23,601,5.341,54167.6,2.1767,0.1586,2008
TX,697,2.6543,264.62,8.70363,108,25,709,5.13,54681.1,2.2795,0.1586,2008
TX,698,2.6211,265.172,8.78886,100,47,395,5.598,54429.9,2.1764,0.1586,2008
TX,699,2.7192,265.726,8.8187,111,120,225,5.515,55293.1,2.0557,0.1586,2008
TX,700,2.8652,266.281,8.88551,93,58,411,5.827,55878.9,2.0544,0.1586,2008
TX,701,2.8853,266.838,9.68194,120,96,394,5.482,54659.0,2.1494,0.1586,2008
TX,702,2.921,267.395,9.25955,104,37,269,5.37,54486.0,2.2645,0.1586,2008
TX,703,2.8237,267.953,9.40438,102,79,538,5.047,54806.1,2.4235,0.1586,2008
TX,704,2.7512,268.513,9.17814,120,100,344,4.674,54893.0,2.3842,0.1586,2008
TX,705,2.6582,269.074,9.13561,123,70,325,4.675,54574.3,2.3845,0.1586,2008
TX,706,2.5943,269.636,8.89186,125,92,790,4.883,55276.3,2.4495,0.1586,2008
TX,707,2.6194,270.199,8.46202,118,17,875,5.053,54765.8,2.3582,0.1586,2008
TX,708,2.4485,270.764,8.54158,90,67,527,4.853,54485.5,2.4055,0.1586,2008
TX,709,2.4715,271.329,8.66883,90,77,840,4.134,54894.1,2.2975,0.1586,2008
TX,710,2.4956,271.896,8.865,107,125,513,5.659,55972.5,2.1484,0.1586,2008
TX,711,2.5535,272.464,9.25609,96,20,449,5.101,55252.0,2.122,0.1586,2008
TX,712,2.5326,273.033,9.35225,99,31,266,5.61,55717.2,2.2859,0.1586,2008
TX,713,2.5826,273.603,10.34346,85,25,291,4.677,55783.0,2.1779,0.1586,2008
TX,714,2.6759,274.175,10.13147,104,46,802,5.202,56812.0,2.2401,0.1586,2008
TX,715,2.6308,274.747,9.64986,113,29,376,4.858,56121.9,2.2967,0.1586,2008
TX,716,2.6207,275.321,9.39034,127,122,1033,5.868,56515.8,2.5419,0.1586,2008
TX,717,2.5822,275.896,9.12991,106,26,385,4.641,56441.0,2.495,0.1586,2008
TX,718,2.4918,276.473,8.93017,141,63,458,4.645,56427.7,2.3123,0.1586,2008
TX,719,2.4616,277.05,8.92913,136,51,250,3.855,56832.8,2.4263,0.1586,2008
TX,720,2.0293,277.629,8.69675,121,33,863,9.257,57276.5,2.2642,0.1586,2008
TX,721,2.0342,278.209,8.72434,105,117,323,9.349,57424.0,2.1044,0.1586,2008
TX,722,2.0549,278.79,7.45294,116,38,342,9.494,57056.0,2.1951,0.1586,2008
TX,723,1.7985,279.372,6.17733,128,16,178,9.961,57438.3,2.0504,0.1586,2008
TX,724,1.8272,279.956,7.6098,123,25,328,9.381,57802.7,2.12,0.1586,2008
TX,725,2.1921,280.54,8.54477,125,55,607,10.045,58464.7,2.3314,0.1586,2008
TX,726,2.2273,281.126,9.6723,118,142,1502,8.645,57584.8,2.3613,0.1586,2008
TX,727,2.2515,281.714,9.54367,120,56,586,9.301,56430.2,2.3977,0.1586,2008
TX,728,2.1977,282.302,9.58034,126,61,618,9.303,57830.1,2.3543,0.1586,2008
TX,729,2.0901,282.892,9.73719,143,170,555,8.7,57246.1,2.4943,0.1586,2008
TX,730,2.0461,283.483,9.11792,131,181,109,8.919,56886.9,2.5087,0.1586,2008
TX,731,1.9608,284.075,8.60141,142,69,1396,9.902,58348.4,2.5155,0.1586,2008
TX,732,2.7562,284.668,9.10012,119,29,750,4.833,59288.4,2.4887,0.1586,2008
TX,733,2.8982,285.263,8.90979,94,93,352,5.39,57052.9,2.1925,0.1586,2008
TX,734,2.9661,285.859,9.25378,111,27,1478,5.014,58358.0,2.1353,0.1586,2008
TX,735,3.0245,286.456,9.34412,96,33,1033,5.528,57450.6,2.1838,0.1586,2008
TX,736,3.0077,287.054,9.75145,95,29,261,5.155,58420.1,1.9868,0.1586,2008
TX,737,3.1346,287.654,9.36904,142,89,143,4.747,58375.9,2.1826,0.1586,2008
TX,738,3.0522,288.254,10.46425,105,82,727,5.167,57829.3,2.2831,0.1586,2008
TX,739,2.9976,288.856,9.72475,119,50,1084,4.837,58863.4,2.4557,0.1586,2008
TX,740,3.0367,289.46,9.77562,126,83,275,5.68,58331.5,2.5035,0.1586,2008
TX,741,2.9529,290.064,9.21695,135,68,320,5.115,57854.6,2.5249,0.1586,2008
TX,742,2.9581,290.67,9.39974,117,52,475,5.016,59433.2,2.2685,0.1586,2008
TX,743,2.8812,291.277,9.02968,119,111,862,4.499,59241.4,2.4592,0.1586,2008
TX,744,3.7797,291.886,9.00765,105,24,390,5.002,59224.2,2.3997,0.1586,2008
TX,745,3.858,292.496,8.96673,119,92,851,5.13,58803.6,2.4142,0.1586,2008
TX,746,3.8993,293.106,8.80736,98,49,534,5.451,58791.1,2.2233,0.1586,2008
TX,747,3.8331,293.719,9.38857,78,61,231,4.453,58176.7,2.1309,0.1586,2008
TX,748,4.4644,294.332,9.39863,86,64,860,4.913,59863.1,2.1741,0.1586,2008
TX,749,4.8965,294.947,9.33397,108,54,727,4.87,58573.9,2.2072,0.1586,2008
TX,750,3.9552,295.563,9.35973,105,67,861,5.396,60422.4,2.2878,0.1586,2008
TX,751,4.0996,296.18,9.5008,101,78,493,4.416,60027.8,2.363,0.1586,2008
TX,752,3.94,296.799,8.98924,109,71,533,4.477,60389.0,2.5381,0.1586,2008
TX,753,3.8857,297.419,9.11635,89,37,602,4.236,57888.2,2.3812,0.1586,2008
TX,754,3.7505,298.04,9.14423,121,94,628,4.073,60071.6,2.5262,0.1586,2008
TX,755,3.8114,298.663,9.02341,106,27,1021,4.734,60153.4,2.3335,0.1586,2008
TX,756,3.3245,299.287,8.62603,125,43,173,6.006,61543.3,2.2803,0.1586,2008
TX,757,3.2928,299.912,8.44567,105,87,234,5.938,59513.3,2.1865,0.1586,2008
TX,758,3.3649,300.538,8.60522,93,36,967,5.925,62314.9,2.064,0.1586,2008
TX,759,3.3838,301.166,9.57616,100,87,280,5.159,59917.0,2.112,0.1586,2008
TX,760,3.41,301.795,9.95064,109,84,771,4.591,62755.9,2.0953,0.1586,2008
TX,761,3.5036,302.425,9.50484,102,104,383,4.952,60731.9,2.0998,0.1586,2008
TX,762,3.5607,303.057,10.63092,114,45,689,4.49,61338.3,2.4546,0.1586,2008
TX,763,3.5769,303.69,10.03918,111,59,998,5.14,61333.0,2.2806,0.1586,2008
TX,764,3.5821,304.324,9.89294,102,169,549,4.338,60013.0,2.4341,0.1586,2008
TX,765,3.4614,304.96,9.42982,125,124,533,5.291,60945.7,2.431,0.1586,2008
TX,766,3.4574,305.597,8.98675,116,57,238,4.92,62118.0,2.5069,0.1586,2008
TX,767,3.4284,306.235,8.76849,114,38,326,4.795,61491.0,2.4454,0.1586,2008
TX,768,3.152,306.875,8.63827,131,58,281,5.477,60511.9,2.2326,0.1586,2008
TX,769,3.1061,307.516,8.9351,116,50,386,5.034,61379.1,2.2639,0.1586,2008
TX,770,3.1989,308.158,9.72271,98,68,360,5.308,61033.6,2.0593,0.1586,2008
TX,771,3.2746,308.802,9.54044,96,64,238,5.295,63339.7,2.1115,0.1586,2008
TX,772,3.3041,309.447,9.91882,94,53,766,5.476,62405.5,2.2475,0.1586,2008
TX,773,3.3703,310.093,10.48423,112,88,460,4.906,61897.1,2.1407,0.1586,2008
TX,774,3.3962,310.741,10.31688,103,31,360,4.637,62017.2,2.2766,0.1586,2008
TX,775,3.327,311.39,10.21645,120,43,950,4.99,62597.5,2.3407,0.1586,2008
TX,776,3.3426,312.041,9.90241,122,101,1181,5.171,61286.1,2.4288,0.1586,2008
TX,777,3.1908,312.692,9.88032,142,154,518,4.265,63204.3,2.4379,0.1586,2008
TX,778,3.109,313.345,9.65758,128,112,446,4.049,62897.2,2.433,0.1586,2008
TX,779,3.1108,314.0,9.21459,106,61,1056,4.384,62723.2,2.3626,0.1586,2008
UT,540,2.0712,190.7,9.99242,156,36,701,4.833,42114.8,2.2957,0.6793,2004
UT,541,2.0787,191.098,9.718,175,61,918,4.957,42154.1,2.1015,0.6793,2004
UT,542,2.1862,191.497,10.51405,171,38,875,5.51,41764.4,2.1907,0.6793,2004
UT,543,2.1363,191.897,10.74989,134,44,226,5.641,41288.1,2.2217,0.6793,2004
UT,544,2.2379,192.298,10.56257,156,114,79,5.768,42403.1,2.079,0.6793,2004
UT,545,2.2936,192.7,11.19843,160,63,408,4.323,42925.0,2.1149,0.6793,2004
UT,546,2.3054,193.102,11.79228,153,120,2179,5.087,42415.0,2.2452,0.6793,2004
UT,547,2.3403,193.506,11.46215,164,34,1594,4.17,42238.5,2.3828,0.6793,2004
UT,548,2.3189,193.91,11.32162,184,81,805,4.498,42455.0,2.4821,0.6793,2004
UT,549,2.2031,194.315,11.11329,202,67,854,4.363,42500.4,2.4363,0.6793,2004
UT,550,2.1899,194.721,10.23296,168,94,1415,4.228,42958.2,2.4246,0.6793,2004
UT,551,2.1209,195.128,10.65475,179,78,457,4.633,43049.8,2.2134,0.6793,2004
UT,552,2.3598,195.535,9.93604,174,51,162,5.032,42386.0,2.1768,0.6793,2004
UT,553,2.3708,195.944,10.0179,161,166,145,4.228,42025.3,2.0781,0.6793,2004
UT,554,2.4461,196.353,10.27751,154,140,157,5.901,43196.4,2.2449,0.6793,2004
UT,555,2.5105,196.763,10.83422,151,121,999,5.939,44129.5,1.9761,0.6793,2004
UT,556,2.5814,197.174,11.22653,140,62,801,5.048,43450.0,2.2813,0.6793,2004
UT,557,2.5728,197.586,11.30782,144,71,646,5.852,42424.4,2.2958,0.6793,2004
UT,558,2.571,197.999,11.57749,164,185,902,5.043,43064.0,2.2714,0.6793,2004
UT,559,2.5347,198.412,11.09129,164,84,746,4.838,43188.3,2.4118,0.6793,2004
UT,560,2.4995,198.827,11.11329,177,47,670,4.579,43988.5,2.5315,0.6793,2004
UT,561,2.483,199.242,10.56136,203,42,936,5.223,42769.2,2.644,0.6793,2004
UT,562,2.3952,199.658,10.56589,153,119,250,4.122,42911.9,2.4416,0.6793,2004
UT,563,2.3406,200.075,10.29088,188,108,486,4.838,43665.6,2.4637,0.6793,2004
UT,564,2.5132,200.493,10.21885,172,133,866,5.174,43838.5,2.3337,0.6793,2004
UT,565,2.5487,200.912,10.18433,176,97,913,5.58,43365.2,2.2282,0.6793,2004
UT,566,2.5809,201.331,10.30199,139,71,938,6.131,43721.5,2.2842,0.6793,2004
UT,567,2.5768,201.752,11.01655,170,38,503,5.838,45150.9,2.0763,0.6793,2004
UT,568,2.6564,202.173,11.43646,161,49,108,5.321,44005.6,2.2264,0.6793,2004
UT,569,2.7304,202.596,11.54602,152,76,563,4.279,44858.0,2.2339,0.6793,2004
UT,570,2.8415,203.019,11.4144,147,115,1064,4.703,44257.0,2.3695,0.6793,2004
UT,571,2.7716,203.443,11.68336,154,140,247,4.336,44629.3,2.4202,0.6793,2004
UT,572,2.6688,203.868,11.53778,177,95,768,3.981,44480.9,2.4205,0.6793,2004
UT,573,2.6873,204.294,11.1811,168,94,1152,4.362,44128.5,2.3419,0.6793,2004
UT,574,2.5736,204.72,10.44593,151,23,1103,4.403,44533.9,2.328,0.6793,2004
UT,575,2.5899,205.148,10.58645,174,52,1473,5.182,43858.5,2.4738,0.6793,2004
UT,576,3.0927,205.576,9.82735,186,214,489,7.368,43478.7,2.5097,0.6793,2004
UT,577,3.0349,206.006,9.86308,155,49,1681,7.908,42936.5,2.5142,0.6793,2004
UT,578,3.106,206.436,9.77319,139,142,951,8.473,43504.5,2.2533,0.6793,2004
UT,579,3.1183,206.867,10.29681,144,66,726,8.051,42703.6,2.3656,0.6793,2004
UT,580,3.2035,207.299,10.75819,146,45,601,7.735,43538.1,2.3258,0.6793,2004
UT,581,3.8425,207.732,10.88274,149,126,544,7.772,43508.4,2.5573,0.6793,2004
UT,582,3.9237,208.166,10.4152,173,45,580,7.585,43635.2,2.6203,0.6793,2004
UT,583,3.1769,208.601,10.94331,161,25,347,7.533,43975.7,2.4859,0.6793,2004
UT,584,3.1715,209.037,10.97931,181,80,1768,7.306,43865.9,2.6992,0.6793,2004
UT,585,3.0936,209.474,9.94914,199,111,1091,7.809,42801.7,2.6116,0.6793,2004
UT,586,1.9965,209.911,10.34932,209,93,432,8.065,43580.3,2.72,0.6793,2004
UT,587,1.562,210.35,10.21283,183,41,537,7.562,43878.0,2.4983,0.6793,2004
UT,588,2.0849,210.789,10.44062,181,118,374,8.139,43370.2,2.5378,0.6793,2004
UT,589,2.1054,211.229,10.76825,174,83,467,8.427,44258.1,2.5362,0.6793,2004
UT,590,2.127,211.67,10.21283,173,148,482,8.7,44520.7,2.3092,0.6793,2004
UT,591,2.1775,212.113,11.57639,157,97,99,7.933,43740.2,2.2382,0.6793,2004
UT,592,2.2874,212.556,11.67026,151,72,693,8.347,44483.7,2.2991,0.6793,2004
UT,593,2.3133,213.0,11.99829,152,108,320,8.22,44377.1,2.3304,0.6793,2004
UT,594,2.2778,213.444,11.92966,149,100,663,7.612,44152.8,2.5617,0.6793,2004
UT,595,2.3197,213.89,11.6988,222,204,978,7.434,44285.3,2.663,0.6793,2004
UT,596,2.3008,214.337,11.62285,160,169,2354,6.953,43995.4,2.5954,0.6793,2004
UT,597,2.3301,214.785,11.57805,218,86,435,7.189,44337.0,2.7225,0.6793,2004
UT,598,2.2404,215.233,10.86284,193,122,1708,7.724,44096.4,2.6162,0.6793,2004
UT,599,2.1722,215.683,11.06615,197,128,1291,6.491,45077.4,2.5206,0.6793,2004
UT,600,2.478,216.133,10.62483,145,57,547,7.416,45048.4,2.4773,0.6793,2004
UT,601,2.518,216.585,10.24535,139,45,725,8.074,44498.5,2.3538,0.6793,2004
UT,602,2.5534,217.037,10.69909,177,104,311,8.222,44637.9,2.4014,0.6793,2004
UT,603,2.5377,217.491,10.86175,140,13,344,7.72,44929.0,2.3904,0.6793,2004
UT,604,2.6831,217.945,11.30576,141,42,416,8.242,45613.4,2.3699,0.6793,2004
UT,605,2.7259,218.4,11.93034,168,16,555,7.802,45335.4,2.4431,0.6793,2004
UT,606,2.7514,218.856,11.68122,181,212,601,8.209,44966.8,2.6469,0.6793,2004
UT,607,2.784,219.313,11.64287,154,48,944,7.709,45635.9,2.6174,0.6793,2004
UT,608,2.6782,219.772,11.77233,173,119,1340,7.475,45659.0,2.5549,0.6793,2004
UT,609,2.68,220.231,10.88168,180,111,573,8.055,45119.9,2.5988,0.6793,2004
UT,610,2.5646,220.691,11.2577,191,24,269,7.342,46231.0,2.5713,0.6793,2004
UT,611,2.5654,221.152,10.47034,185,113,763,7.511,46937.6,2.5637,0.6793,2004
UT,612,3.3215,221.614,10.53625,164,176,1173,5.462,46957.0,2.3772,0.6793,2004
UT,613,3.2728,222.076,10.91985,153,87,339,4.941,48044.5,2.3282,0.6793,2004
UT,614,3.3586,222.54,11.01688,138,93,99,4.932,47107.7,2.2137,0.6793,2004
UT,615,3.3761,223.005,11.15686,120,143,391,5.582,47662.2,2.1042,0.6793,2004
UT,616,3.3479,223.471,11.68561,141,89,824,5.384,48309.7,2.2736,0.6793,2004
UT,617,3.383,223.938,11.43222,147,59,812,5.483,47475.0,2.2527,0.6793,2004
UT,618,3.4954,224.405,11.22704,161,104,819,5.314,47466.1,2.4146,0.6793,2004
UT,619,3.4113,224.874,11.85263,159,52,691,4.659,48712.4,2.2627,0.6793,2004
UT,620,3.4278,225.344,11.5746,160,179,147,5.011,48054.0,2.3179,0.6793,2004
UT,621,3.3093,225.815,11.07045,164,186,629,4.104,46520.7,2.4299,0.6793,2004
UT,622,3.2057,226.286,10.87645,172,205,299,4.542,48510.8,2.5034,0.6793,2004
UT,623,3.142,226.759,10.34554,162,52,819,4.377,47196.6,2.4282,0.6793,2004
UT,624,3.2864,227.233,10.52187,151,87,641,4.053,49066.1,2.2759,0.6793,2004
UT,625,3.2957,227.707,10.67065,145,56,1470,4.996,48301.3,2.1443,0.6793,2004
UT,626,3.4254,228.183,10.76173,121,27,255,5.153,47965.7,2.1902,0.6793,2004
UT,627,3.5122,228.659,11.37045,160,48,248,5.143,48454.7,2.2546,0.6793,2004
UT,628,3.5663,229.137,11.60572,117,81,1066,5.232,49004.2,2.2941,0.6793,2004
UT,629,3.5661,229.616,11.89461,145,68,748,5.25,49489.6,2.1594,0.6793,2004
UT,630,3.5791,230.095,12.17494,177,63,284,5.21,49614.6,2.4198,0.6793,2004
UT,631,3.6175,230.576,12.2113,171,157,1229,5.288,49472.8,2.4735,0.6793,2004
UT,632,3.6152,231.057,11.47588,170,70,467,4.653,48009.4,2.4812,0.6793,2004
UT,633,3.5582,231.54,11.24804,185,85,753,4.882,48140.1,2.4153,0.6793,2004
UT,634,3.4055,232.024,10.85249,173,69,779,5.43,48946.8,2.3915,0.6793,2004
UT,635,3.2884,232.508,10.39041,148,73,1381,4.375,50279.0,2.2912,0.6793,2004
UT,636,3.2346,232.994,10.8593,152,180,624,5.31,50333.3,2.1729,0.6793,2004
UT,637,3.238,233.481,10.81456,166,85,370,5.341,48750.9,2.3348,0.6793,2004
UT,638,3.3232,233.968,11.26241,140,22,98,5.645,49340.3,2.1779,0.6793,2004
UT,639,3.3353,234.457,12.237,135,47,1012,4.846,48945.3,2.0902,0.6793,2004
UT,640,3.3999,234.947,12.38281,158,52,188,5.333,49408.1,2.1644,0.6793,2004
UT,641,3.3984,235.438,12.31171,129,54,172,5.038,50047.3,2.1538,0.6793,2004
UT,642,3.4854,235.929,12.71747,138,191,1173,4.994,50117.2,2.1412,0.6793,2004
UT,643,3.4602,236.422,12.19141,169,58,1155,5.773,49397.3,2.3835,0.6793,2004
UT,644,3.5193,236.916,11.62896,174,155,1204,4.128,49663.7,2.4305,0.6793,2004
UT,645,3.3009,237.411,11.45209,179,82,615,5.08,50739.4,2.4654,0.6793,2004
UT,646,3.2487,237.907,11.14511,161,86,525,4.944,49768.0,2.3409,0.6793,2004
UT,647,3.2047,238.404,10.94024,149,193,365,5.276,50132.6,2.5417,0.6793,2004
UT,648,3.0433,238.902,11.00411,160,213,554,4.971,49912.2,2.3359,0.6793,2004
UT,649,3.0389,239.401,10.97859,155,63,388,5.041,48807.1,2.2525,0.6793,2004
UT,650,3.1096,239.901,11.64524,158,197,1964,4.984,50999.2,2.2249,0.6793,2004
UT,651,3.1692,240.402,12.07933,151,50,1091,4.978,50383.4,2.1881,0.6793,2004
UT,652,3.2445,240.904,12.1654,141,69,498,5.903,50895.0,2.2328,0.6793,2004
UT,653,3.6346,241.407,12.79801,153,115,327,5.643,50904.2,2.2154,0.6793,2004
UT,654,3.4342,241.911,12.66611,162,83,498,5.076,50920.8,2.2212,0.6793,2004
UT,655,3.3519,242.417,12.61867,175,129,537,4.856,51122.6,2.3268,0.6793,2004
UT,656,3.2657,242.923,12.34364,190,184,1540,4.276,51370.9,2.3741,0.6793,2004
UT,657,3.3266,243.43,11.99851,175,301,2299,5.132,51353.5,2.497,0.6793,2004
UT,658,3.2582,243.939,11.07435,181,182,1815,4.362,50615.8,2.448,0.6793,2004
UT,659,3.1561,244.448,11.22429,192,126,710,4.653,51111.9,2.4034,0.6793,2004
UT,660,1.9943,244.959,11.46694,152,32,311,4.945,51345.1,2.3641,0.6793,2004
UT,661,2.2389,245.471,11.70233,161,61,586,5.838,51151.2,2.3725,0.6793,2004
UT,662,2.2753,245.983,12.41853,136,92,1139,4.938,50953.5,2.2222,0.6793,2004
UT,663,2.316,246.497,12.65181,139,78,579,5.363,50818.2,1.9387,0.6793,2004
UT,664,2.4252,247.012,12.95074,149,133,748,6.145,51753.9,2.1149,0.6793,2004
UT,665,2.4318,247.528,14.19112,173,138,527,4.474,52164.3,2.3136,0.6793,2004
UT,666,2.4336,248.045,14.24025,162,126,230,4.649,51681.7,2.2668,0.6793,2004
UT,667,2.4298,248.563,13.85756,176,59,1077,4.535,53051.9,2.3678,0.6793,2004
UT,668,2.348,249.082,13.17986,167,108,2040,4.828,51820.5,2.3871,0.6793,2004
UT,669,2.3638,249.603,13.33206,174,65,718,5.129,51391.3,2.6035,0.6793,2004
UT,670,2.3595,250.124,12.54803,185,318,791,5.665,51767.4,2.4647,0.6793,2004
UT,671,2.2519,250.646,12.11854,181,169,1231,5.31,51832.6,2.3371,0.6793,2004
UT,672,1.9558,251.17,12.04263,193,73,1175,5.999,53074.0,2.1234,0.6793,2004
UT,673,1.9308,251.694,11.9083,181,44,452,4.734,52385.5,2.205,0.6793,2004
UT,674,1.9854,252.22,12.7126,161,46,714,6.004,52612.0,2.203,0.6793,2004
UT,675,1.9981,252.747,13.33233,164,85,283,5.298,52924.3,2.1437,0.6793,2004
UT,676,2.0499,253.275,14.35945,172,113,301,5.159,52990.0,2.1337,0.6793,2004
UT,677,2.0629,253.804,14.0005,168,176,1186,5.274,52531.0,2.1237,0.6793,2004
UT,678,2.1369,254.334,14.80213,188,36,464,5.034,52712.6,2.3954,0.6793,2004
UT,679,2.0774,254.865,15.30664,186,148,2138,4.964,53600.6,2.3788,0.6793,2004
UT,680,2.0543,255.398,14.18561,227,221,526,4.87,53929.7,2.4533,0.6793,2004
UT,681,2.072,255.931,13.94852,194,50,1718,5.105,53526.1,2.4699,0.6793,2004
UT,682,1.9791,256.466,12.98447,217,84,1261,4.645,52602.3,2.289,0.6793,2004
UT,683,1.9488,257.001,12.97144,178,51,594,5.351,53175.0,2.2988,0.6793,2004
UT,684,2.1831,257.538,12.55913,201,111,673,5.27,53132.4,2.3854,0.6793,2004
UT,685,2.2286,258.076,12.43825,165,167,249,4.721,53279.6,2.2123,0.6793,2004
UT,686,2.2147,258.615,12.67399,154,117,480,5.083,54249.9,2.1385,0.6793,2004
UT,687,2.3278,259.155,13.54133,179,84,610,4.328,53794.3,2.0357,0.6793,2004
UT,688,2.4271,259.697,14.30051,162,47,1031,5.333,53518.3,2.2934,0.6793,2004
UT,689,2.4296,260.239,13.95073,197,174,568,5.397,53574.0,2.2511,0.6793,2004
UT,690,2.3763,260.783,14.00174,150,89,1795,4.976,53821.8,2.3554,0.6793,2004
UT,691,2.3733,261.327,14.18135,178,36,271,4.251,53537.0,2.2808,0.6793,2004
UT,692,2.3788,261.873,14.37408,195,106,1151,4.907,53832.7,2.4557,0.6793,2004
UT,693,2.3033,262.42,13.07635,200,55,1214,4.631,53635.4,2.3452,0.6793,2004
UT,694,2.3295,262.968,12.8389,180,244,1252,4.52,54881.2,2.4171,0.6793,2004
UT,695,2.2149,263.518,12.55882,157,163,2947,5.183,54593.3,2.4561,0.6793,2004
UT,696,2.5044,264.068,12.59262,161,130,1278,4.736,54416.7,2.1905,0.6793,2004
UT,697,2.464,264.62,12.55746,164,69,1074,4.456,53611.4,2.2654,0.6793,2004
UT,698,2.4587,265.172,12.88353,154,125,473,5.658,54415.2,2.1883,0.6793,2004
UT,699,2.5622,265.726,13.33779,152,215,446,5.89,54986.3,2.161,0.6793,2004
UT,700,2.6013,266.281,13.61892,173,116,452,4.984,55011.7,2.123,0.6793,2004
UT,701,2.6748,266.838,14.00757,167,136,1033,5.069,54427.2,2.2648,0.6793,2004
UT,702,2.7294,267.395,14.6394,171,115,1311,5.01,54677.4,2.2097,0.6793,2004
UT,703,2.666,267.953,14.31868,156,177,1939,4.843,55279.9,2.4531,0.6793,2004
UT,704,2.6205,268.513,13.93021,189,204,1139,4.612,55644.5,2.4239,0.6793,2004
UT,705,2.6006,269.074,13.60671,198,194,669,4.749,54338.1,2.4018,0.6793,2004
UT,706,2.5478,269.636,13.03553,197,65,1031,4.799,55716.7,2.4575,0.6793,2004
UT,707,2.4673,270.199,12.4895,198,72,491,4.458,55738.9,2.2357,0.6793,2004
UT,708,2.3319,270.764,12.82537,183,105,1172,4.843,56132.7,2.3539,0.6793,2004
UT,709,2.3025,271.329,12.73214,148,91,1511,4.692,55651.1,2.152,0.6793,2004
UT,710,2.4261,271.896,13.07373,146,42,885,5.553,55678.8,2.2171,0.6793,2004
UT,711,2.481,272.464,14.26988,145,89,289,4.595,55984.8,2.1177,0.6793,2004
UT,712,2.5685,273.033,14.70279,168,131,666,5.323,55079.9,2.1328,0.6793,2004
UT,713,2.5849,273.603,14.36401,152,78,393,5.001,55264.9,2.2642,0.6793,2004
UT,714,2.5907,274.175,14.95461,186,134,834,4.632,57105.7,2.3585,0.6793,2004
UT,715,2.5627,274.747,14.50874,176,121,1139,5.357,55943.6,2.3281,0.6793,2004
UT,716,2.4921,275.321,14.29389,178,125,685,4.779,55508.3,2.3838,0.6793,2004
UT,717,2.4341,275.896,13.56761,162,158,800,4.658,56169.4,2.4707,0.6793,2004
UT,718,2.4052,276.473,13.52772,148,143,506,4.56,56684.6,2.4189,0.6793,2004
UT,719,2.3512,277.05,13.45953,186,45,1229,4.016,57576.0,2.4391,0.6793,2004
UT,720,1.9323,277.629,12.79618,168,57,286,9.132,56512.8,2.3098,0.6793,2004
UT,721,1.9092,278.209,13.28139,187,106,805,8.918,58113.8,2.1752,0.6793,2004
UT,722,2.0095,278.79,10.97045,165,51,559,9.6,56955.2,2.1031,0.6793,2004
UT,723,1.7645,279.372,9.63423,160,56,255,10.426,56177.0,2.0941,0.6793,2004
UT,724,1.8103,279.956,11.19394,169,102,709,10.07,58132.7,2.1376,0.6793,2004
UT,725,2.1649,280.54,12.97089,189,64,1345,9.657,57973.3,2.3458,0.6793,2004
UT,726,2.1846,281.126,13.83794,158,19,527,9.344,57858.5,2.2866,0.6793,2004
UT,727,2.2217,281.714,14.9326,209,58,644,9.241,57244.9,2.4732,0.6793,2004
UT,728,2.1772,282.302,14.53789,184,111,671,9.622,56815.3,2.5679,0.6793,2004
UT,729,2.0804,282.892,13.49286,194,84,1020,9.878,57055.9,2.4842,0.6793,2004
UT,730,2.0121,283.483,13.03106,185,139,1080,9.263,57631.4,2.4495,0.6793,2004
UT,731,1.9836,284.075,12.83257,201,147,576,9.526,57555.0,2.4406,0.6793,2004
UT,732,2.803,284.668,13.5423,130,88,644,4.246,58001.9,2.2933,0.6793,2004
UT,733,2.7934,285.263,13.86854,157,37,410,4.844,59679.1,2.1645,0.6793,2004
UT,734,2.8786,285.859,13.48346,168,52,300,5.486,58504.2,2.2579,0.6793,2004
UT,735,2.918,286.456,14.23776,150,87,735,5.462,58140.4,2.261,0.6793,2004
UT,736,2.9118,287.054,14.73823,154,36,578,4.209,57191.6,2.353,0.6793,2004
UT,737,2.9682,287.654,14.98328,146,88,790,5.525,57453.9,2.0881,0.6793,2004
UT,738,2.9933,288.254,14.36269,171,69,434,4.96,59206.6,2.3393,0.6793,2004
UT,739,3.0468,288.856,14.66616,202,241,1641,5.352,58525.5,2.4515,0.6793,2004
UT,740,2.9713,289.46,14.5647,196,124,1022,4.664,58840.7,2.3748,0.6793,2004
UT,741,2.9621,290.064,13.81821,180,152,996,4.353,59764.7,2.5047,0.6793,2004
UT,742,2.843,290.67,13.46176,175,112,525,4.247,59218.0,2.2882,0.6793,2004
UT,743,2.7931,291.277,13.68858,196,96,642,5.119,59124.7,2.2534,0.6793,2004
UT,744,3.7058,291.886,13.08452,130,283,397,4.773,58376.4,2.2424,0.6793,2004
UT,745,3.574,292.496,12.68743,143,80,319,5.075,58843.8,2.2762,0.6793,2004
UT,746,3.6748,293.106,12.77931,179,168,855,4.923,59846.1,2.0944,0.6793,2004
UT,747,3.7737,293.719,13.52559,149,144,492,5.903,59314.8,2.0085,0.6793,2004
UT,748,4.3827,294.332,14.23075,152,38,63,5.153,61528.3,2.2183,0.6793,2004
UT,749,4.7868,294.947,13.74991,134,99,438,4.408,59335.9,2.2197,0.6793,2004
UT,750,3.9265,295.563,14.65266,186,61,742,4.4,60267.4,2.3238,0.6793,2004
UT,751,3.8921,296.18,13.84105,197,151,259,4.602,61211.2,2.3913,0.6793,2004
UT,752,3.6806,296.799,13.89986,169,103,624,4.528,60431.3,2.3069,0.6793,2004
UT,753,3.7681,297.419,13.15351,171,95,1207,4.374,58843.2,2.4112,0.6793,2004
UT,754,3.7512,298.04,12.8421,201,72,943,4.894,60051.7,2.4704,0.6793,2004
UT,755,3.7158,298.663,12.77459,171,158,1225,4.795,60224.8,2.3862,0.6793,2004
UT,756,3.25,299.287,12.73227,192,137,558,4.682,60469.4,2.1799,0.6793,2004
UT,757,3.2567,299.912,12.83203,156,55,458,5.477,59933.1,2.2185,0.6793,2004
UT,758,3.3075,300.538,13.1436,171,144,432,5.443,60021.0,2.1646,0.6793,2004
UT,759,3.3755,301.166,14.45878,131,116,313,5.381,60660.7,2.2456,0.6793,2004
UT,760,3.3681,301.795,14.18149,155,166,519,5.318,60401.9,2.1104,0.6793,2004
UT,761,3.4961,302.425,15.11732,158,65,917,5.591,60214.2,2.1748,0.6793,2004
UT,762,3.444,303.057,14.87377,153,22,803,4.69,60306.9,2.3238,0.6793,2004
UT,763,3.4412,303.69,14.9861,148,171,1011,5.286,61888.7,2.3503,0.6793,2004
UT,764,3.4933,304.324,14.44969,157,81,612,4.661,61807.6,2.3395,0.6793,2004
UT,765,3.4203,304.96,14.12403,171,128,633,4.569,60768.6,2.5305,0.6793,2004
UT,766,3.3495,305.597,12.96459,177,81,1738,4.142,59739.9,2.4423,0.6793,2004
UT,767,3.3482,306.235,12.98034,176,50,755,5.276,60864.5,2.2061,0.6793,2004
UT,768,3.04,306.875,13.48936,158,81,585,5.153,61156.9,2.1567,0.6793,2004
UT,769,3.004,307.516,13.49788,165,99,432,4.23,61242.1,2.3322,0.6793,2004
UT,770,2.9824,308.158,13.97747,165,120,1496,5.44,62247.2,2.0333,0.6793,2004
UT,771,3.1053,308.802,14.69158,148,66,1308,4.598,62417.3,2.2262,0.6793,2004
UT,772,3.2094,309.447,15.91394,155,71,383,5.074,62822.7,2.2541,0.6793,2004
UT,773,3.2914,310.093,14.75822,126,173,807,5.103,61996.1,2.1862,0.6793,2004
UT,774,3.2587,310.741,15.27193,161,84,744,5.404,61072.7,2.2923,0.6793,2004
UT,775,3.3037,311.39,15.35191,158,22,2029,5.392,63334.9,2.2369,0.6793,2004
UT,776,3.2166,312.041,14.69669,175,199,2268,4.725,62511.9,2.5179,0.6793,2004
UT,777,3.1751,312.692,14.08853,158,156,233,4.859,63326.1,2.4645,0.6793,2004
UT,778,3.0871,313.345,13.68147,150,108,723,4.762,62386.7,2.3155,0.6793,2004
UT,779,3.1322,314.0,13.55245,163,95,823,5.149,64158.3,2.2981,0.6793,2004
VT,540,2.1945,190.7,3.31949,56,16,41,5.144,41935.0,2.2953,0.6553,2011
VT,541,2.2247,191.098,3.16212,53,14,391,5.944,42611.7,2.2007,0.6553,2011
VT,542,2.2736,191.497,3.33325,53,13,93,5.808,41572.1,2.184,0.6553,2011
VT,543,2.3125,191.897,3.60144,54,17,212,4.974,41539.1,2.0564,0.6553,2011
VT,544,2.3765,192.298,3.70106,59,32,418,5.334,41690.5,2.1717,0.6553,2011
VT,545,2.4342,192.7,3.8621,65,48,136,4.417,41467.0,2.2585,0.6553,2011
VT,546,2.4326,193.102,3.86926,50,29,165,4.635,42787.4,2.25,0.6553,2011
VT,547,2.4,193.506,3.79007,57,19,224,5.362,42195.3,2.3908,0.6553,2011
VT,548,2.3322,193.91,3.64723,77,28,101,5.178,42696.1,2.5124,0.6553,2011
VT,549,2.2452,194.315,3.58313,69,31,143,4.913,42586.5,2.457,0.6553,2011
VT,550,2.241,194.721,3.39754,80,17,122,4.367,43442.4,2.3647,0.6553,2011
VT,551,2.172,195.128,3.35096,58,32,155,4.716,41939.8,2.3327,0.6553,2011
VT,552,2.4723,195.535,3.24257,62,10,112,5.783,42775.4,2.5142,0.6553,2011
VT,553,2.4653,195.944,3.26979,71,18,261,5.449,42542.7,2.3946,0.6553,2011
VT,554,2.5812,196.353,3.43934,53,23,140,5.155,42576.4,2.1663,0.6553,2011
VT,555,2.6765,196.763,3.50338,53,26,280,5.22,41826.5,2.2384,0.6553,2011
VT,556,2.7112,197.174,3.72261,53,10,299,5.94,42446.5,2.2129,0.6553,2011
VT,557,2.7616,197.586,3.74512,56,31,347,5.175,42789.9,2.1342,0.6553,2011
VT,558,2.7127,197.999,3.64408,59,25,121,4.387,42409.6,2.1911,0.6553,2011
VT,559,2.7037,198.412,3.73179,54,16,330,4.89,42545.2,2.3828,0.6553,2011
VT,560,2.6502,198.827,3.71128,56,38,443,5.083,44215.7,2.5017,0.6553,2011
VT,561,2.6151,199.242,3.63112,74,24,140,4.728,43562.7,2.5174,0.6553,2011
VT,562,2.4841,199.658,3.41041,74,46,460,4.41,43299.9,2.4525,0.6553,2011
VT,563,2.4767,200.075,3.42023,59,51,100,4.725,43783.7,2.523,0.6553,2011
VT,564,2.637,200.493,3.42361,58,44,125,4.623,43933.4,2.2728,0.6553,2011
VT,565,2.6239,200.912,3.42371,52,23,321,4.721,44467.7,2.3584,0.6553,2011
VT,566,2.7598,201.331,3.52535,46,40,599,4.878,44193.0,2.0753,0.6553,2011
VT,567,2.8298,201.752,3.49245,66,16,191,5.735,44403.8,2.132,0.6553,2011
VT,568,2.8574,202.173,3.71112,40,18,47,5.398,44414.8,2.2125,0.6553,2011
VT,569,2.8612,202.596,3.74386,39,39,245,5.63,44228.2,2.2414,0.6553,2011
VT,570,2.9487,203.019,3.88928,37,46,49,4.947,45454.8,2.2915,0.6553,2011
VT,571,2.9294,203.443,3.83676,66,27,156,5.023,44933.0,2.4682,0.6553,2011
VT,572,2.9553,203.868,3.57229,52,29,197,4.766,43728.3,2.3235,0.6553,2011
VT,573,2.8333,204.294,3.55234,68,29,213,5.131,44940.5,2.3697,0.6553,2011
VT,574,2.7875,204.72,3.58961,52,44,260,4.88,45397.7,2.4523,0.6553,2011
VT,575,2.6391,205.148,3.45234,66,44,292,5.247,44659.4,2.3089,0.6553,2011
VT,576,3.1176,205.576,3.2226,71,10,142,7.494,43330.8,2.5467,0.6553,2011
VT,577,3.0834,206.006,3.36024,59,11,124,7.538,43220.5,2.4313,0.6553,2011
VT,578,3.1915,206.436,3.26476,60,27,147,7.489,44052.4,2.1602,0.6553,2011
VT,579,3.3211,206.867,3.35449,44,47,423,8.756,43333.7,2.4236,0.6553,2011
VT,580,3.3303,207.299,3.56588,53,30,120,7.147,43782.7,2.4793,0.6553,2011
VT,581,4.0309,207.732,3.62173,42,44,494,8.571,44535.2,2.5131,0.6553,2011
VT,582,4.1343,208.166,3.54127,45,45,99,7.486,42872.6,2.3266,0.6553,2011
VT,583,3.4515,208.601,3.50026,56,16,32,7.387,43835.4,2.6243,0.6553,2011
VT,584,3.3334,209.037,3.58245,45,20,161,7.155,44117.2,2.6174,0.6553,2011
VT,585,3.2896,209.474,3.51478,70,26,389,6.94,44166.4,2.6091,0.6553,2011
VT,586,2.194,209.911,3.40934,54,33,308,7.237,43524.4,2.6268,0.6553,2011
VT,587,1.7133,210.35,3.36725,60,19,180,7.513,43477.4,2.4334,0.6553,2011
VT,588,2.2773,210.789,3.34307,68,43,330,8.278,44024.9,2.64,0.6553,2011
VT,589,2.2273,211.229,3.4187,46,39,107,7.625,44055.9,2.4627,0.6553,2011
VT,590,2.2457,211.67,3.66253,49,80,285,7.624,45092.9,2.3935,0.6553,2011
VT,591,2.3483,212.113,3.69928,63,17,179,8.234,45382.9,2.3446,0.6553,2011
VT,592,2.4402,212.556,3.85795,64,58,275,8.096,43842.5,2.3373,0.6553,2011
VT,593,2.5011,213.0,3.92594,55,52,156,8.362,44733.8,2.4766,0.6553,2011
VT,594,2.4478,213.444,4.0343,52,16,145,8.297,44997.9,2.525,0.6553,2011
VT,595,2.4656,213.89,3.78226,52,20,458,7.599,44967.3,2.6397,0.6553,2011
VT,596,2.4474,214.337,3.86343,60,17,96,7.275,44540.8,2.5876,0.6553,2011
VT,597,2.4161,214.785,3.58505,58,31,179,7.912,45068.6,2.5012,0.6553,2011
VT,598,2.3428,215.233,3.46059,80,47,74,6.867,44048.9,2.7908,0.6553,2011
VT,599,2.2629,215.683,3.51431,67,28,133,7.804,45037.1,2.5609,0.6553,2011
VT,600,2.7102,216.133,3.43408,68,6,386,8.507,43590.7,2.6343,0.6553,2011
VT,601,2.7799,216.585,3.43924,63,57,136,7.69,44688.1,2.3962,0.6553,2011
VT,602,2.8821,217.037,3.73417,56,32,93,7.745,46338.3,2.3328,0.6553,2011
VT,603,2.8503,217.491,3.55762,57,20,109,8.402,45163.6,2.3918,0.6553,2011
VT,604,2.8733,217.945,3.74916,59,42,370,8.547,45869.2,2.3821,0.6553,2011
VT,605,3.0156,218.4,3.77248,48,39,160,8.476,44487.8,2.3885,0.6553,2011
VT,606,2.9516,218.856,3.92667,53,14,254,7.251,45175.5,2.6194,0.6553,2011
VT,607,2.9284,219.313,3.80698,53,65,418,7.629,44933.3,2.4911,0.6553,2011
VT,608,2.8949,219.772,3.83402,64,34,489,6.903,44917.1,2.6408,0.6553,2011
VT,609,2.8465,220.231,3.71116,58,19,139,6.982,45925.3,2.6816,0.6553,2011
VT,610,2.799,220.691,3.64782,54,33,291,7.563,44761.0,2.6535,0.6553,2011
VT,611,2.7003,221.152,3.28438,61,53,193,7.887,44912.3,2.7044,0.6553,2011
VT,612,3.3386,221.614,3.67891,57,31,71,4.645,46793.1,2.3815,0.6553,2011
VT,613,3.3967,222.076,3.40898,53,55,144,5.417,47073.3,2.1964,0.6553,2011
VT,614,3.5464,222.54,3.50978,58,28,72,5.268,46840.7,2.026,0.6553,2011
VT,615,3.5931,223.005,3.7913,43,20,331,5.27,46943.9,2.2774,0.6553,2011
VT,616,3.598,223.471,3.8824,50,46,57,5.517,47396.1,2.1269,0.6553,2011
VT,617,3.7257,223.938,3.84823,46,12,297,4.756,48220.8,2.1921,0.6553,2011
VT,618,3.7214,224.405,4.02651,40,36,237,5.145,48171.6,2.3688,0.6553,2011
VT,619,3.6292,224.874,3.82782,59,19,124,4.505,48644.3,2.4214,0.6553,2011
VT,620,3.5982,225.344,3.79235,59,56,314,4.092,47752.0,2.5603,0.6553,2011
VT,621,3.5936,225.815,3.73791,61,42,184,5.086,48144.2,2.5025,0.6553,2011
VT,622,3.4902,226.286,3.52676,64,45,288,4.846,48694.1,2.3775,0.6553,2011
VT,623,3.4407,226.759,3.43829,70,57,168,4.966,48759.5,2.4267,0.6553,2011
VT,624,3.5355,227.233,3.40844,54,32,277,5.489,48823.0,2.3336,0.6553,2011
VT,625,3.549,227.707,3.62562,59,53,272,4.905,48512.6,2.165,0.6553,2011
VT,626,3.5584,228.183,3.59405,52,26,43,5.677,48176.9,2.3274,0.6553,2011
VT,627,3.7348,228.659,3.76353,50,15,74,5.276,48820.0,2.134,0.6553,2011
VT,628,3.831,229.137,3.95962,35,39,85,5.045,48263.4,2.2129,0.6553,2011
VT,629,3.7487,229.616,4.05179,47,67,406,4.817,49049.1,2.2351,0.6553,2011
VT,630,3.7705,230.095,4.00817,53,55,130,5.447,47685.0,2.3061,0.6553,2011
VT,631,3.8347,230.576,3.92449,58,42,134,5.1,48411.1,2.3894,0.6553,2011
VT,632,3.6987,231.057,3.84552,76,46,334,4.661,48613.8,2.4899,0.6553,2011
VT,633,3.5082,231.54,3.65092,65,21,234,4.54,49523.4,2.5415,0.6553,2011
VT,634,3.6519,232.024,3.62425,55,30,57,4.917,49273.2,2.4835,0.6553,2011
VT,635,3.5841,232.508,3.50689,55,27,222,5.109,48277.0,2.3748,0.6553,2011
VT,636,3.477,232.994,3.38093,54,32,90,5.454,48256.8,2.228,0.6553,2011
VT,637,3.5115,233.481,3.56027,45,28,140,5.017,48569.6,2.2011,0.6553,2011
VT,638,3.593,233.968,3.67271,42,42,25,5.703,49337.0,2.1516,0.6553,2011
VT,639,3.59,234.457,3.81996,45,6,52,5.537,50141.2,2.135,0.6553,2011
VT,640,3.6849,234.947,3.93641,48,34,402,6.164,49786.4,2.2062,0.6553,2011
VT,641,3.6709,235.438,4.14745,59,35,182,5.526,49030.3,2.2735,0.6553,2011
VT,642,3.727,235.929,4.19535,48,31,253,3.756,50003.4,2.3677,0.6553,2011
VT,643,3.5856,236.422,3.96675,62,100,301,5.184,49801.7,2.5262,0.6553,2011
VT,644,3.6792,236.916,4.00312,42,57,294,4.725,49261.6,2.2899,0.6553,2011
VT,645,3.683,237.411,3.86926,46,18,714,4.542,50452.7,2.4588,0.6553,2011
VT,646,3.5709,237.907,3.65143,57,43,125,4.867,50817.1,2.387,0.6553,2011
VT,647,3.5944,238.404,3.71929,63,28,276,4.431,50263.2,2.3149,0.6553,2011
VT,648,3.3671,238.902,3.57998,57,26,284,4.339,49999.7,2.3001,0.6553,2011
VT,649,3.2064,239.401,3.68786,45,29,196,4.596,50041.6,2.2839,0.6553,2011
VT,650,3.3911,239.901,3.83786,45,30,261,4.664,51959.8,2.1291,0.6553,2011
VT,651,3.3944,240.402,3.89164,49,22,145,5.309,51611.1,2.1531,0.6553,2011
VT,652,3.4029,240.904,3.95368,50,9,154,5.504,50525.7,2.2661,0.6553,2011
VT,653,3.6527,241.407,4.06487,55,41,96,4.323,49795.3,2.1712,0.6553,2011
VT,654,3.4849,241.911,4.16189,48,51,341,4.672,50022.4,2.3492,0.6553,2011
VT,655,3.4045,242.417,4.1888,45,25,86,5.381,52078.4,2.3612,0.6553,2011
VT,656,3.408,242.923,4.04203,65,78,210,4.512,50523.8,2.3618,0.6553,2011
VT,657,3.3137,243.43,3.94873,43,52,92,5.324,49541.9,2.4634,0.6553,2011
VT,658,3.1944,243.939,3.83099,39,54,247,4.313,50744.7,2.3496,0.6553,2011
VT,659,3.2098,244.448,3.85482,54,35,392,5.208,51318.0,2.3153,0.6553,2011
VT,660,2.0802,244.959,3.94687,62,66,78,4.8,51116.0,2.3442,0.6553,2011
VT,661,2.2865,245.471,4.05149,63,59,369,5.193,51585.6,2.1256,0.6553,2011
VT,662,2.3722,245.983,4.00257,56,9,60,5.258,50687.7,2.2118,0.6553,2011
VT,663,2.4126,246.497,4.08838,40,29,390,6.076,51835.2,2.0351,0.6553,2011
VT,664,2.4667,247.012,4.39626,56,32,359,4.986,50677.7,2.1538,0.6553,2011
VT,665,2.5484,247.528,4.37172,46,12,213,5.282,51630.7,2.1742,0.6553,2011
VT,666,2.566,248.045,4.37257,54,81,185,4.766,52285.2,2.3131,0.6553,2011
VT,667,2.5217,248.563,4.41979,73,57,112,5.905,51970.3,2.523,0.6553,2011
VT,668,2.4878,249.082,4.48616,60,8,181,4.301,51884.5,2.5707,0.6553,2011
VT,669,2.4601,249.603,4.30375,72,36,162,4.341,52505.4,2.3887,0.6553,2011
VT,670,2.4128,250.124,4.10157,60,30,250,3.981,51550.8,2.4604,0.6553,2011
VT,671,2.3972,250.646,3.9215,56,25,227,4.784,52667.2,2.4896,0.6553,2011
VT,672,2.0303,251.17,4.10029,62,5,552,5.388,52683.7,2.2007,0.6553,2011
VT,673,2.0418,251.694,4.18618,63,13,60,5.197,52780.4,2.2371,0.6553,2011
VT,674,2.1128,252.22,4.2184,38,18,162,4.57,54258.4,2.1183,0.6553,2011
VT,675,2.1456,252.747,4.38311,52,25,185,5.711,51595.9,2.1144,0.6553,2011
VT,676,2.2014,253.275,4.70084,43,56,211,5.131,52731.6,2.1991,0.6553,2011
VT,677,2.2947,253.804,4.482,67,44,403,5.803,51502.8,2.2258,0.6553,2011
VT,678,2.2428,254.334,4.68951,65,8,160,4.785,51664.6,2.2657,0.6553,2011
VT,679,2.1752,254.865,4.59398,69,20,213,5.387,52023.3,2.3249,0.6553,2011
VT,680,2.2198,255.398,4.53112,58,33,352,5.344,53502.8,2.6338,0.6553,2011
VT,681,2.1765,255.931,4.54497,56,27,202,4.202,53420.1,2.4274,0.6553,2011
VT,682,2.0354,256.466,4.43295,46,123,456,4.11,53245.3,2.3543,0.6553,2011
VT,683,2.0134,257.001,4.21324,69,20,670,5.024,53109.6,2.4431,0.6553,2011
VT,684,2.2998,257.538,4.10323,59,14,395,5.292,53797.1,2.3921,0.6553,2011
VT,685,2.3192,258.076,4.17448,64,22,94,4.581,54783.2,2.2398,0.6553,2011
VT,686,2.3728,258.615,4.20665,59,9,400,4.775,53058.3,2.1352,0.6553,2011
VT,687,2.46,259.155,4.46027,54,37,259,5.712,51843.5,2.0986,0.6553,2011
VT,688,2.5575,259.697,4.5113,57,38,244,5.103,52836.0,2.1027,0.6553,2011
VT,689,2.5432,260.239,4.67617,52,21,299,5.15,52944.1,2.2769,0.6553,2011
VT,690,2.5162,260.783,4.71092,55,20,180,4.752,54158.7,2.3366,0.6553,2011
VT,691,2.4666,261.327,4.54648,65,55,415,4.947,53455.8,2.3491,0.6553,2011
VT,692,2.4803,261.873,4.60523,57,51,56,3.941,54610.6,2.4743,0.6553,2011
VT,693,2.4336,262.42,4.41804,71,33,69,5.391,54000.9,2.5368,0.6553,2011
VT,694,2.4088,262.968,4.31812,64,34,482,4.404,54386.8,2.3454,0.6553,2011
VT,695,2.3012,263.518,4.2139,60,90,381,5.319,53743.6,2.272,0.6553,2011
VT,696,2.5994,264.068,4.17561,55,18,95,5.278,54792.1,2.2935,0.6553,2011
VT,697,2.6406,264.62,4.26985,49,14,203,5.419,54505.8,2.4143,0.6553,2011
VT,698,2.6804,265.172,4.31533,53,20,115,5.452,54752.9,2.1887,0.6553,2011
VT,699,2.692,265.726,4.44639,54,12,244,5.526,54937.6,2.2756,0.6553,2011
VT,700,2.7214,266.281,4.63568,58,49,242,5.486,54536.0,2.2998,0.6553,2011
VT,701,2.7287,266.838,4.72913,51,79,114,4.846,55341.1,2.1589,0.6553,2011
VT,702,2.7846,267.395,4.77162,51,40,207,4.794,55603.4,2.4288,0.6553,2011
VT,703,2.8094,267.953,4.84206,60,25,269,5.056,55170.5,2.5254,0.6553,2011
VT,704,2.8173,268.513,4.34846,64,76,498,5.031,55423.5,2.3357,0.6553,2011
VT,705,2.7179,269.074,4.58739,51,28,858,4.737,54422.3,2.5305,0.6553,2011
VT,706,2.6636,269.636,4.30088,69,96,484,3.606,55113.9,2.3699,0.6553,2011
VT,707,2.5756,270.199,4.12637,62,60,542,4.997,55287.0,2.4173,0.6553,2011
VT,708,2.422,270.764,4.24272,52,20,292,4.813,55325.3,2.2801,0.6553,2011
VT,709,2.482,271.329,4.30928,50,31,98,4.736,55490.0,2.0523,0.6553,2011
VT,710,2.5412,271.896,4.42912,51,16,275,5.989,56099.1,2.1867,0.6553,2011
VT,711,2.6524,272.464,4.56745,57,29,153,4.754,56499.5,2.2175,0.6553,2011
VT,712,2.767,273.033,4.68131,53,42,195,5.252,55516.1,2.1255,0.6553,2011
VT,713,2.7365,273.603,4.73526,59,23,261,5.577,54994.7,2.192,0.6553,2011
VT,714,2.7502,274.175,4.74896,62,23,585,4.575,55939.0,2.3354,0.6553,2011
VT,715,2.7473,274.747,5.02939,52,40,185,4.854,56694.2,2.1614,0.6553,2011
VT,716,2.7323,275.321,4.56907,67,47,104,5.583,56449.8,2.494,0.6553,2011
VT,717,2.6435,275.896,4.48362,48,24,115,4.456,56474.5,2.4509,0.6553,2011
VT,718,2.5081,276.473,4.35114,78,8,426,5.089,56325.2,2.4426,0.6553,2011
VT,719,2.4886,277.05,4.46265,59,17,385,3.762,55976.9,2.3961,0.6553,2011
VT,720,2.0547,277.629,4.0833,54,44,316,9.741,56414.0,2.3382,0.6553,2011
VT,721,2.0463,278.209,4.10662,53,7,163,9.611,56959.5,2.3305,0.6553,2011
VT,722,2.1782,278.79,3.62908,48,9,303,9.128,56667.4,2.1945,0.6553,2011
VT,723,1.844,279.372,3.24757,56,35,135,9.687,56165.3,2.1884,0.6553,2011
VT,724,1.9052,279.956,3.68522,63,57,47,9.6,57871.2,2.1183,0.6553,2011
VT,725,2.3569,280.54,4.24911,50,33,437,9.422,56420.8,2.3469,0.6553,2011
VT,726,2.3572,281.126,4.48648,75,57,309,9.317,58373.2,2.4331,0.6553,2011
VT,727,2.3074,281.714,4.72929,57,26,535,9.037,57622.6,2.436,0.6553,2011
VT,728,2.2472,282.302,4.86665,70,18,197,9.505,57364.0,2.4176,0.6553,2011
VT,729,2.2333,282.892,4.57969,86,72,553,9.498,56970.2,2.5123,0.6553,2011
VT,730,2.0943,283.483,4.4519,64,35,437,8.995,57358.1,2.4383,0.6553,2011
VT,731,2.0544,284.075,4.45209,70,52,1010,9.956,57287.1,2.3495,0.6553,2011
VT,732,2.8826,284.668,4.48368,52,20,254,5.613,58433.0,2.3171,0.6553,2011
VT,733,2.9615,285.263,4.48846,44,40,271,4.658,57237.3,2.1883,0.6553,2011
VT,734,2.9225,285.859,4.46725,38,56,311,5.472,57986.4,2.142,0.6553,2011
VT,735,3.0261,286.456,4.7071,47,26,180,4.736,58806.7,2.0893,0.6553,2011
VT,736,3.2013,287.054,4.66301,54,29,117,5.405,58855.8,2.2293,0.6553,2011
VT,737,3.2315,287.654,4.81307,58,53,332,4.732,57721.2,2.3529,0.6553,2011
VT,738,3.1319,288.254,4.84953,57,73,154,5.034,59071.2,2.3418,0.6553,2011
VT,739,3.1045,288.856,4.88645,61,21,185,5.221,57899.4,2.2001,0.6553,2011
VT,740,3.1363,289.46,4.72569,53,30,163,4.389,57380.6,2.3805,0.6553,2011
VT,741,3.0529,290.064,4.60245,56,43,116,4.925,58359.2,2.4638,0.6553,2011
VT,742,3.0044,290.67,4.44872,52,23,138,4.67,59369.3,2.4558,0.6553,2011
VT,743,2.9314,291.277,4.44567,59,21,431,4.194,60634.1,2.4038,0.6553,2011
VT,744,3.8284,291.886,4.22832,40,25,318,5.124,59654.3,2.4301,0.6553,2011
VT,745,3.8176,292.496,4.17696,53,17,469,4.575,58977.7,2.2319,0.6553,2011
VT,746,4.0093,293.106,4.32838,59,22,113,6.131,59854.3,2.1846,0.6553,2011
VT,747,3.9035,293.719,4.50178,59,64,139,4.954,59378.9,2.1506,0.6553,2011
VT,748,4.5436,294.332,4.68536,52,62,200,5.014,59244.9,2.1504,0.6553,2011
VT,749,5.1083,294.947,4.84614,37,51,285,5.21,58710.5,2.1403,0.6553,2011
VT,750,4.0734,295.563,4.60315,44,33,396,5.171,60249.0,2.3743,0.6553,2011
VT,751,4.1146,296.18,4.70054,49,28,164,5.424,60488.8,2.3362,0.6553,2011
VT,752,4.1052,296.799,4.62802,66,37,590,4.953,59665.0,2.467,0.6553,2011
VT,753,4.0353,297.419,4.4201,56,34,325,5.16,60087.7,2.5015,0.6553,2011
VT,754,4.0203,298.04,4.26681,63,20,320,5.277,59092.2,2.5268,0.6553,2011
VT,755,4.0248,298.663,4.33887,55,28,231,4.87,59491.3,2.4009,0.6553,2011
VT,756,3.4975,299.287,4.14839,58,26,126,4.588,60658.6,2.2212,0.6553,2011
VT,757,3.568,299.912,4.28433,44,31,242,5.451,59965.3,2.0514,0.6553,2011
VT,758,3.5778,300.538,4.34096,44,50,221,5.038,60185.9,2.2358,0.6553,2011
VT,759,3.5187,301.166,4.57021,62,12,175,5.278,59930.4,2.0263,0.6553,2011
VT,760,3.6601,301.795,4.74664,40,28,323,4.811,60495.0,2.301,0.6553,2011
VT,761,3.658,302.425,4.96853,51,47,233,4.975,59755.7,2.1381,0.6553,2011
VT,762,3.7024,303.057,5.04953,50,70,107,4.53,60831.1,2.2578,0.6553,2011
VT,763,3.698,303.69,4.8483,46,80,52,5.115,60645.0,2.2884,0.6553,2011
VT,764,3.6662,304.324,5.01939,50,34,122,4.318,61502.7,2.536,0.6553,2011
VT,765,3.6303,304.96,4.76339,62,78,345,4.62,61593.8,2.5417,0.6553,2011
VT,766,3.5242,305.597,4.50711,45,59,206,4.613,61284.5,2.3451,0.6553,2011
VT,767,3.3857,306.235,4.42757,64,26,168,5.174,61502.6,2.3348,0.6553,2011
VT,768,3.1193,306.875,4.48761,52,25,98,5.467,61544.0,2.316,0.6553,2011
VT,769,3.1767,307.516,4.80159,43,40,284,5.178,61380.0,2.1807,0.6553,2011
VT,770,3.2586,308.158,4.67831,50,61,272,5.325,60683.6,2.1274,0.6553,2011
VT,771,3.3839,308.802,4.80766,51,41,242,5.531,62257.6,2.1211,0.6553,2011
VT,772,3.3653,309.447,4.85547,64,50,331,4.859,61664.5,2.2992,0.6553,2011
VT,773,3.341,310.093,5.09402,49,30,159,5.412,61715.0,2.1628,0.6553,2011
VT,774,3.5098,310.741,5.34428,67,33,120,5.104,62764.5,2.2973,0.6553,2011
VT,775,3.4407,311.39,4.96194,58,27,155,4.995,61945.7,2.2998,0.6553,2011
VT,776,3.4095,312.041,5.02127,58,100,766,4.889,61444.1,2.5139,0.6553,2011
VT,777,3.4173,312.692,4.99728,60,79,245,4.494,62450.8,2.4274,0.6553,2011
VT,778,3.3629,313.345,4.56072,55,33,228,5.149,62956.8,2.3844,0.6553,2011
VT,779,3.2573,314.0,4.45661,57,22,253,5.11,62455.9,2.4504,0.6553,2011
VA,540,2.2313,190.7,0.87135,19,4,55,4.395,41334.4,2.4646,0.1828,2010
VA,541,2.2675,191.098,0.85327,18,2,57,4.802,42284.9,2.1942,0.1828,2010
VA,542,2.3125,191.497,0.90525,11,7,24,6.165,41844.7,2.0713,0.1828,2010
VA,543,2.3963,191.897,0.91831,10,9,60,5.316,41896.6,2.197,0.1828,2010
VA,544,2.4161,192.298,0.96239,11,5,86,4.983,41858.7,2.1626,0.1828,2010
VA,545,2.3971,192.7,1.00041,6,7,110,5.348,43039.6,2.2168,0.1828,2010
VA,546,2.3917,193.102,1.01108,19,4,58,5.211,42818.5,2.298,0.1828,2010
VA,547,2.3933,193.506,0.99301,20,8,56,4.453,42278.6,2.4099,0.1828,2010
VA,548,2.3496,193.91,0.99906,19,4,163,4.644,41888.3,2.4283,0.1828,2010
VA,549,2.3513,194.315,0.94569,13,12,39,4.555,42481.6,2.4246,0.1828,2010
VA,550,2.3064,194.721,0.93125,22,4,76,5.037,43512.8,2.366,0.1828,2010
VA,551,2.2235,195.128,0.88191,14,7,31,5.177,43061.4,2.4308,0.1828,2010
VA,552,2.5169,195.535,0.90431,13,6,49,4.55,42654.1,2.2925,0.1828,2010
VA,553,2.5277,195.944,0.86357,10,9,8,5.512,42532.6,2.282,0.1828,2010
VA,554,2.639,196.353,0.90831,13,7,56,5.015,42995.0,2.1026,0.1828,2010
VA,555,2.7418,196.763,0.92215,11,11,13,5.763,42709.5,2.1595,0.1828,2010
VA,556,2.8017,197.174,0.93987,13,1,18,5.618,42731.7,2.1822,0.1828,2010
VA,557,2.8749,197.586,0.98784,12,7,23,5.338,43980.2,2.152,0.1828,2010
VA,558,2.7836,197.999,1.01172,23,7,53,5.233,43191.7,2.2848,0.1828,2010
VA,559,2.8007,198.412,0.96898,14,7,32,4.83,43286.0,2.4423,0.1828,2010
VA,560,2.6905,198.827,0.97799,8,16,34,5.257,43588.1,2.3786,0.1828,2010
VA,561,2.5903,199.242,0.93093,16,8,37,4.159,43960.3,2.3112,0.1828,2010
VA,562,2.4954,199.658,0.90784,19,1,56,4.664,43575.2,2.3987,0.1828,2010
VA,563,2.5048,200.075,0.9217,18,8,35,4.397,43911.3,2.4839,0.1828,2010
VA,564,2.6974,200.493,0.87275,5,6,50,5.448,44488.9,2.3396,0.1828,2010
VA,565,2.7757,200.912,0.8992,12,6,73,5.338,44249.0,2.1312,0.1828,2010
VA,566,2.767,201.331,0.92038,12,5,49,5.002,44270.5,2.2024,0.1828,2010
VA,567,2.7962,201.752,0.92443,21,6,34,5.269,44004.0,2.1153,0.1828,2010
VA,568,2.9105,202.173,0.96049,7,7,27,5.944,43441.3,2.1372,0.1828,2010
VA,569,2.9252,202.596,0.98654,21,6,107,5.413,42909.0,2.3431,0.1828,2010
VA,570,2.9575,203.019,1.03619,17,12,19,4.747,44184.2,2.3896,0.1828,2010
VA,571,2.9868,203.443,0.98506,14,21,64,4.669,44602.0,2.4728,0.1828,2010
VA,572,2.9612,203.868,0.95467,10,7,16,4.905,44632.3,2.3215,0.1828,2010
VA,573,2.8614,204.294,0.94311,13,13,54,4.315,44414.4,2.4218,0.1828,2010
VA,574,2.843,204.72,0.90036,23,9,62,4.135,44467.0,2.4357,0.1828,2010
VA,575,2.7341,205.148,0.89734,16,15,30,4.704,44496.3,2.5077,0.1828,2010
VA,576,3.1638,205.576,0.84639,11,2,85,8.162,43369.7,2.6374,0.1828,2010
VA,577,3.1644,206.006,0.82882,10,5,48,8.908,42387.6,2.4837,0.1828,2010
VA,578,3.138,206.436,0.85734,17,10,41,7.85,43328.1,2.4535,0.1828,2010
VA,579,3.3306,206.867,0.90346,10,5,15,7.771,43892.5,2.381,0.1828,2010
VA,580,3.4442,207.299,0.91929,8,6,23,8.196,43313.3,2.3606,0.1828,2010
VA,581,4.1338,207.732,0.94978,10,10,118,7.021,42994.6,2.3147,0.1828,2010
VA,582,4.1873,208.166,0.93155,11,3,21,7.976,44184.2,2.4508,0.1828,2010
VA,583,3.4014,208.601,0.92608,8,3,47,7.827,44284.9,2.6369,0.1828,2010
VA,584,3.3524,209.037,0.93212,16,5,20,7.16,43497.5,2.6693,0.1828,2010
VA,585,3.374,209.474,0.89442,16,10,149,7.017,43885.9,2.6998,0.1828,2010
VA,586,2.1794,209.911,0.88934,14,10,52,7.361,44261.3,2.6044,0.1828,2010
VA,587,1.7128,210.35,0.88704,15,1,75,7.781,44301.7,2.5206,0.1828,2010
VA,588,2.2511,210.789,0.88516,14,12,71,7.886,44421.9,2.4269,0.1828,2010
VA,589,2.2232,211.229,0.92533,16,6,17,8.302,44965.9,2.4929,0.1828,2010
VA,590,2.2641,211.67,0.94805,16,4,9,7.961,45267.8,2.1209,0.1828,2010
VA,591,2.3408,212.113,0.99216,15,3,22,7.464,44615.5,2.3185,0.1828,2010
VA,592,2.5221,212.556,0.98719,17,8,56,8.383,44809.6,2.4188,0.1828,2010
VA,593,2.5447,213.0,1.02674,15,12,96,7.639,45033.3,2.2735,0.1828,2010
VA,594,2.5362,213.444,1.02923,16,7,61,7.696,45141.0,2.4349,0.1828,2010
VA,595,2.5185,213.89,1.032,11,13,81,8.053,44628.8,2.491,0.1828,2010
VA,596,2.5005,214.337,1.01784,16,1,35,7.189,44334.2,2.5474,0.1828,2010
VA,597,2.3844,214.785,0.97004,19,5,54,7.673,44628.0,2.537,0.1828,2010
VA,598,2.3824,215.233,0.96275,14,8,32,7.587,45435.6,2.5959,0.1828,2010
VA,599,2.2962,215.683,0.92745,16,12,69,7.979,45171.8,2.432,0.1828,2010
VA,600,2.7937,216.133,0.93818,16,6,118,7.955,45154.9,2.572,0.1828,2010
VA,601,2.7175,216.585,0.93177,19,15,30,7.94,45358.7,2.2872,0.1828,2010
VA,602,2.7706,217.037,0.9603,12,12,8,7.503,44917.6,2.323,0.1828,2010
VA,603,2.8563,217.491,0.93627,16,4,9,7.923,45455.8,2.2377,0.1828,2010
VA,604,2.9277,217.945,0.96648,14,4,75,7.792,45804.0,2.4309,0.1828,2010
VA,605,3.0356,218.4,1.03427,19,10,76,8.018,45679.3,2.4886,0.1828,2010
VA,606,2.9865,218.856,1.01986,18,6,87,7.313,45913.7,2.5441,0.1828,2010
VA,607,2.9324,219.313,1.00175,14,6,100,8.099,45695.7,2.4838,0.1828,2010
VA,608,2.8291,219.772,1.0054,19,3,41,8.297,45453.0,2.6298,0.1828,2010
VA,609,2.8154,220.231,0.97693,21,4,50,7.051,45471.5,2.753,0.1828,2010
VA,610,2.7706,220.691,0.92233,19,17,24,8.13,45321.6,2.6323,0.1828,2010
VA,611,2.6989,221.152,0.94777,11,11,70,7.463,46429.0,2.5675,0.1828,2010
VA,612,3.4513,221.614,0.9179,14,11,64,5.254,46951.1,2.2578,0.1828,2010
VA,613,3.4861,222.076,0.90832,10,7,24,5.502,47221.8,2.2333,0.1828,2010
VA,614,3.57,222.54,0.95922,13,6,52,5.005,47088.5,2.1991,0.1828,2010
VA,615,3.7028,223.005,0.9445,13,18,51,5.084,46902.2,2.2046,0.1828,2010
VA,616,3.7145,223.471,0.97098,12,5,104,4.95,47680.6,2.1689,0.1828,2010
VA,617,3.6864,223.938,0.99189,7,5,33,4.279,48769.6,2.1111,0.1828,2010
VA,618,3.6912,224.405,1.04729,8,13,64,4.918,47754.2,2.2848,0.1828,2010
VA,619,3.6834,224.874,1.02768,12,7,58,4.979,46984.4,2.3988,0.1828,2010
VA,620,3.6084,225.344,0.99271,17,2,87,4.981,47436.8,2.518,0.1828,2010
VA,621,3.5546,225.815,0.95193,14,18,86,4.562,48325.4,2.3925,0.1828,2010
VA,622,3.4945,226.286,0.93723,9,17,98,4.416,47312.8,2.3869,0.1828,2010
VA,623,3.3824,226.759,0.95105,17,5,21,5.058,48759.4,2.4493,0.1828,2010
VA,624,3.5974,227.233,0.90348,8,6,36,4.976,47936.8,2.3039,0.1828,2010
VA,625,3.6565,227.707,0.92838,14,15,32,5.495,47248.0,2.1268,0.1828,2010
VA,626,3.7087,228.183,0.95774,11,4,44,5.458,48541.2,2.214,0.1828,2010
VA,627,3.8282,228.659,0.99527,13,5,13,5.533,49673.7,2.2384,0.1828,2010
VA,628,3.7827,229.137,1.04979,12,7,25,5.173,49706.0,2.2173,0.1828,2010
VA,629,3.7766,229.616,1.03955,16,13,38,5.536,48640.3,2.393,0.1828,2010
VA,630,3.7538,230.095,1.07439,15,7,92,5.269,49695.0,2.3818,0.1828,2010
VA,631,3.7866,230.576,1.04447,15,8,11,4.66,49405.5,2.3507,0.1828,2010
VA,632,3.8911,231.057,1.01507,24,7,41,4.986,48911.6,2.4751,0.1828,2010
VA,633,3.6943,231.54,0.98479,27,7,156,4.468,49019.3,2.3298,0.1828,2010
VA,634,3.7065,232.024,0.94522,12,18,71,5.204,49368.5,2.5132,0.1828,2010
VA,635,3.6603,232.508,0.90463,15,5,10,5.474,48774.5,2.4767,0.1828,2010
VA,636,3.5051,232.994,0.95269,11,7,43,4.777,48552.9,2.2838,0.1828,2010
VA,637,3.5339,233.481,0.95955,14,10,50,4.7,50549.1,2.114,0.1828,2010
VA,638,3.532,233.968,0.94002,16,9,43,5.765,50583.1,2.0727,0.1828,2010
VA,639,3.4662,234.457,1.01683,11,3,69,5.147,49390.3,2.2149,0.1828,2010
VA,640,3.5096,234.947,1.03365,12,5,19,5.649,49501.1,2.1301,0.1828,2010
VA,641,3.6049,235.438,1.02637,7,5,36,5.531,49965.7,2.1789,0.1828,2010
VA,642,3.6194,235.929,1.12515,14,7,182,4.717,50234.0,2.276,0.1828,2010
VA,643,3.6589,236.422,1.09875,20,17,29,3.914,49256.3,2.4061,0.1828,2010
VA,644,3.7055,236.916,1.06468,5,31,66,4.454,50053.8,2.3952,0.1828,2010
VA,645,3.632,237.411,1.01485,19,9,38,4.556,50341.0,2.4009,0.1828,2010
VA,646,3.651,237.907,0.99169,13,6,50,5.279,50310.1,2.4174,0.1828,2010
VA,647,3.5863,238.404,0.98706,17,3,19,5.177,49549.5,2.2023,0.1828,2010
VA,648,3.4058,238.902,0.94708,9,13,110,5.243,50029.6,2.1925,0.1828,2010
VA,649,3.3314,239.401,0.98718,17,7,51,4.441,50021.5,2.1499,0.1828,2010
VA,650,3.4524,239.901,0.99162,16,13,84,5.879,51035.8,2.1375,0.1828,2010
VA,651,3.5921,240.402,1.0542,17,1,53,5.307,49487.8,2.1167,0.1828,2010
VA,652,3.6204,240.904,1.10048,12,1,67,5.524,50715.8,2.2456,0.1828,2010
VA,653,3.8162,241.407,1.05059,10,1,89,5.605,50434.8,2.0505,0.1828,2010
VA,654,3.5886,241.911,1.07989,11,10,76,4.842,50246.2,2.3118,0.1828,2010
VA,655,3.5227,242.417,1.0978,15,6,62,5.468,52731.4,2.3366,0.1828,2010
VA,656,3.5106,242.923,1.0827,14,12,185,4.863,50885.3,2.4652,0.1828,2010
VA,657,3.4241,243.43,1.04529,11,21,69,5.007,51085.5,2.3917,0.1828,2010
VA,658,3.3906,243.939,1.03473,13,15,50,4.651,50120.6,2.4429,0.1828,2010
VA,659,3.3935,244.448,0.99635,21,12,156,5.168,51410.8,2.3989,0.1828,2010
VA,660,2.1831,244.959,0.99717,13,6,36,5.973,51062.6,2.3487,0.1828,2010
VA,661,2.3159,245.471,1.03862,13,5,62,5.459,50857.2,2.2036,0.1828,2010
VA,662,2.426,245.983,1.06414,12,5,27,5.551,50935.4,2.3473,0.1828,2010
VA,663,2.5237,246.497,1.10057,14,13,126,5.488,52255.4,2.1853,0.1828,2010
VA,664,2.5014,247.012,1.15354,15,6,37,5.105,51399.7,2.1046,0.1828,2010
VA,665,2.5266,247.528,1.15063,12,2,80,5.23,51486.3,2.2698,0.1828,2010
VA,666,2.5841,248.045,1.19665,19,15,95,5.155,51326.1,2.3355,0.1828,2010
VA,667,2.6345,248.563,1.19278,12,10,98,4.666,51177.2,2.4807,0.1828,2010
VA,668,2.5822,249.082,1.17397,9,3,42,4.67,50681.2,2.3223,0.1828,2010
VA,669,2.5002,249.603,1.11804,16,8,78,4.76,52392.2,2.3621,0.1828,2010
VA,670,2.458,250.124,1.11645,18,14,81,4.732,53059.2,2.3816,0.1828,2010
VA,671,2.4202,250.646,1.10057,15,11,72,5.016,52501.9,2.2943,0.1828,2010
VA,672,2.0596,251.17,1.06611,15,0,76,5.068,52202.6,2.2275,0.1828,2010
VA,673,2.1122,251.694,1.10705,12,6,72,5.374,51859.5,2.2068,0.1828,2010
VA,674,2.1458,252.22,1.13562,9,13,86,4.637,52023.1,2.0669,0.1828,2010
VA,675,2.1835,252.747,1.14759,8,8,35,5.544,54028.7,2.234,0.1828,2010
VA,676,2.2299,253.275,1.19597,19,6,62,5.388,53208.4,2.055,0.1828,2010
VA,677,2.3124,253.804,1.23014,21,19,42,5.243,52213.0,2.2127,0.1828,2010
VA,678,2.3859,254.334,1.22556,14,7,115,5.921,52718.5,2.2273,0.1828,2010
VA,679,2.3944,254.865,1.27638,24,7,124,4.97,53489.9,2.4243,0.1828,2010
VA,680,2.2885,255.398,1.26114,19,6,142,3.89,53491.1,2.3857,0.1828,2010
VA,681,2.1373,255.931,1.21202,17,11,101,4.632,52724.8,2.4625,0.1828,2010
VA,682,2.0854,256.466,1.16334,15,7,112,4.64,52757.9,2.5274,0.1828,2010
VA,683,2.0581,257.001,1.1242,15,24,103,6.068,53805.0,2.34,0.1828,2010
VA,684,2.3617,257.538,1.10916,9,11,75,4.626,54892.7,2.226,0.1828,2010
VA,685,2.3959,258.076,1.0918,20,8,39,5.549,54886.4,2.3667,0.1828,2010
VA,686,2.4103,258.615,1.09629,15,16,68,4.697,53950.2,2.2926,0.1828,2010
VA,687,2.5097,259.155,1.21239,21,4,24,4.809,52211.2,2.1499,0.1828,2010
VA,688,2.4909,259.697,1.19522,18,11,66,5.28,54318.3,2.2491,0.1828,2010
VA,689,2.5549,260.239,1.23974,12,27,62,5.706,54140.4,2.1974,0.1828,2010
VA,690,2.6277,260.783,1.25126,21,14,175,5.136,53450.2,2.4484,0.1828,2010
VA,691,2.5684,261.327,1.21597,26,16,48,5.105,54438.6,2.4953,0.1828,2010
VA,692,2.5523,261.873,1.19385,19,12,76,5.143,54944.0,2.5165,0.1828,2010
VA,693,2.5134,262.42,1.17012,15,40,138,4.817,53874.7,2.473,0.1828,2010
VA,694,2.4288,262.968,1.11667,19,9,126,5.323,53075.5,2.3666,0.1828,2010
VA,695,2.3908,263.518,1.12745,23,9,129,4.336,54444.0,2.4469,0.1828,2010
VA,696,2.7134,264.068,1.08416,20,12,48,5.871,54225.3,2.2568,0.1828,2010
VA,697,2.7352,264.62,1.08459,14,4,78,5.226,54172.2,2.2361,0.1828,2010
VA,698,2.789,265.172,1.12435,13,9,36,5.197,55788.8,2.3307,0.1828,2010
VA,699,2.7807,265.726,1.20164,13,7,6,5.301,53670.1,2.1447,0.1828,2010
VA,700,2.9055,266.281,1.173,10,1,57,5.485,54064.2,2.0741,0.1828,2010
VA,701,2.9098,266.838,1.20187,15,5,42,5.196,54882.2,2.106,0.1828,2010
VA,702,3.0041,267.395,1.1771,12,11,32,6.122,54709.4,2.3807,0.1828,2010
VA,703,2.9552,267.953,1.17779,8,16,26,4.574,56018.5,2.4567,0.1828,2010
VA,704,2.927,268.513,1.19924,22,15,96,4.412,54366.7,2.4634,0.1828,2010
VA,705,2.736,269.074,1.16699,12,12,21,4.536,53722.3,2.4825,0.1828,2010
VA,706,2.6717,269.636,1.12521,17,4,73,4.614,55415.6,2.5224,0.1828,2010
VA,707,2.6332,270.199,1.09388,17,5,172,5.512,55260.1,2.5195,0.1828,2010
VA,708,2.4217,270.764,1.07532,8,5,157,5.097,57014.5,2.259,0.1828,2010
VA,709,2.5457,271.329,1.10141,15,4,54,4.771,55989.0,2.2791,0.1828,2010
VA,710,2.6292,271.896,1.11895,16,13,46,5.816,56292.7,2.1136,0.1828,2010
VA,711,2.6613,272.464,1.19563,8,8,34,5.413,56179.1,2.131,0.1828,2010
VA,712,2.7601,273.033,1.23121,12,21,66,4.919,55776.1,2.1273,0.1828,2010
VA,713,2.8154,273.603,1.27978,11,8,9,4.877,55331.8,2.2997,0.1828,2010
VA,714,2.7714,274.175,1.28943,11,2,24,4.636,55247.9,2.2394,0.1828,2010
VA,715,2.7801,274.747,1.27747,14,8,24,5.82,55956.9,2.2064,0.1828,2010
VA,716,2.7626,275.321,1.22731,16,9,42,4.942,55720.3,2.2591,0.1828,2010
VA,717,2.676,275.896,1.20465,16,17,75,4.24,56010.6,2.4292,0.1828,2010
VA,718,2.5574,276.473,1.23735,14,21,18,4.088,56502.4,2.3197,0.1828,2010
VA,719,2.4249,277.05,1.12739,13,9,113,4.03,55483.7,2.41,0.1828,2010
VA,720,2.0128,277.629,1.05435,7,10,68,9.664,55500.7,2.2477,0.1828,2010
VA,721,2.1237,278.209,1.09067,14,22,179,9.389,57863.0,2.2223,0.1828,2010
VA,722,2.1697,278.79,0.96527,11,11,39,10.17,56914.5,2.2006,0.1828,2010
VA,723,1.8242,279.372,0.80192,14,17,48,9.121,57322.9,2.1438,0.1828,2010
VA,724,1.9339,279.956,0.95042,13,5,23,9.742,58759.1,2.172,0.1828,2010
VA,725,2.3772,280.54,1.07001,21,10,45,10.325,57414.2,2.312,0.1828,2010
VA,726,2.3558,281.126,1.16331,17,4,97,9.0,57835.6,2.2933,0.1828,2010
VA,727,2.2879,281.714,1.3298,16,4,174,9.093,58688.4,2.3221,0.1828,2010
VA,728,2.2739,282.302,1.24331,16,1,172,9.399,56193.8,2.4654,0.1828,2010
VA,729,2.2729,282.892,1.1658,15,7,54,9.334,57493.4,2.4078,0.1828,2010
VA,730,2.2064,283.483,1.15031,16,7,51,9.53,58183.8,2.4781,0.1828,2010
VA,731,2.0883,284.075,1.1845,18,9,92,9.072,58382.2,2.5266,0.1828,2010
VA,732,2.8983,284.668,1.14204,15,12,60,5.034,57512.9,2.3115,0.1828,2010
VA,733,2.9636,285.263,1.14773,12,5,41,4.875,58121.9,2.459,0.1828,2010
VA,734,3.0171,285.859,1.16593,24,3,27,5.126,58168.7,2.1047,0.1828,2010
VA,735,3.187,286.456,1.24015,16,11,143,4.961,58616.1,2.2001,0.1828,2010
VA,736,3.2842,287.054,1.26877,9,12,28,5.795,58407.8,2.189,0.1828,2010
VA,737,3.2538,287.654,1.26603,13,18,134,5.483,58724.6,2.222,0.1828,2010
VA,738,3.2598,288.254,1.32904,23,6,155,4.591,57797.0,2.2521,0.1828,2010
VA,739,3.2457,288.856,1.30769,13,23,108,4.963,58228.7,2.4362,0.1828,2010
VA,740,3.1957,289.46,1.25714,15,14,68,4.886,58060.1,2.3661,0.1828,2010
VA,741,3.1007,290.064,1.2473,10,10,68,4.995,58511.7,2.4472,0.1828,2010
VA,742,3.0455,290.67,1.15335,18,10,20,4.345,58782.4,2.5029,0.1828,2010
VA,743,3.0167,291.277,1.13145,19,6,26,4.809,57997.6,2.338,0.1828,2010
VA,744,3.9115,291.886,1.10733,9,14,99,5.692,60957.2,2.1754,0.1828,2010
VA,745,4.0004,292.496,1.13218,15,6,100,5.526,58865.3,2.1649,0.1828,2010
VA,746,4.0057,293.106,1.11986,5,8,17,4.86,57963.6,2.1736,0.1828,2010
VA,747,4.0857,293.719,1.20228,15,7,64,4.906,59081.5,2.1067,0.1828,2010
VA,748,4.5873,294.332,1.18582,11,12,43,5.654,59516.4,2.0155,0.1828,2010
VA,749,5.2889,294.947,1.21574,15,6,71,5.255,58645.2,2.2869,0.1828,2010
VA,750,4.1949,295.563,1.22323,16,18,55,4.337,59109.5,2.2589,0.1828,2010
VA,751,4.1756,296.18,1.1814,15,10,48,5.354,59062.3,2.4712,0.1828,2010
VA,752,4.1537,296.799,1.21686,13,21,56,4.322,59926.6,2.4824,0.1828,2010
VA,753,4.1424,297.419,1.15472,19,3,72,5.245,60719.8,2.3865,0.1828,2010
VA,754,4.0819,298.04,1.11892,13,6,40,4.587,59034.9,2.4745,0.1828,2010
VA,755,3.9657,298.663,1.09783,11,7,62,5.068,60471.9,2.3559,0.1828,2010
VA,756,3.4939,299.287,1.10497,21,9,38,4.396,59940.4,2.1524,0.1828,2010
VA,757,3.4433,299.912,1.13685,10,16,59,5.135,60136.3,2.2155,0.1828,2010
VA,758,3.5043,300.538,1.15214,10,4,171,5.053,60030.1,2.1049,0.1828,2010
VA,759,3.5571,301.166,1.20095,16,13,30,4.684,60678.2,2.2612,0.1828,2010
VA,760,3.5966,301.795,1.24706,11,10,37,5.699,60184.2,2.1983,0.1828,2010
VA,761,3.5907,302.425,1.29106,18,15,34,5.269,60952.7,2.1281,0.1828,2010
VA,762,3.7181,303.057,1.29916,14,24,23,4.868,60637.8,2.146,0.1828,2010
VA,763,3.7544,303.69,1.26591,10,8,63,5.706,60285.8,2.3344,0.1828,2010
VA,764,3.6603,304.324,1.26009,28,10,122,4.797,60657.9,2.5801,0.1828,2010
VA,765,3.5242,304.96,1.2205,17,16,173,4.796,60422.6,2.4696,0.1828,2010
VA,766,3.528,305.597,1.17284,16,8,167,4.803,61813.5,2.3908,0.1828,2010
VA,767,3.5924,306.235,1.12307,11,9,20,5.078,61868.0,2.3344,0.1828,2010
VA,768,3.3185,306.875,1.14386,25,10,54,4.641,61098.8,2.3423,0.1828,2010
VA,769,3.3744,307.516,1.19088,16,3,47,5.269,61449.8,2.2484,0.1828,2010
VA,770,3.3909,308.158,1.21933,12,12,55,4.565,62732.3,2.151,0.1828,2010
VA,771,3.3976,308.802,1.20838,18,15,58,5.213,62946.1,2.2412,0.1828,2010
VA,772,3.4116,309.447,1.25747,16,8,80,5.732,61681.4,2.2387,0.1828,2010
VA,773,3.4987,310.093,1.27959,10,6,21,5.14,62464.5,2.3157,0.1828,2010
VA,774,3.5482,310.741,1.3353,9,2,71,5.98,60810.1,2.2588,0.1828,2010
VA,775,3.4681,311.39,1.32454,14,23,138,4.888,61663.3,2.3358,0.1828,2010
VA,776,3.4938,312.041,1.29914,16,15,16,3.62,60853.6,2.2746,0.1828,2010
VA,777,3.4427,312.692,1.30504,15,4,193,4.584,63299.8,2.5003,0.1828,2010
VA,778,3.289,313.345,1.19718,23,0,26,4.929,62236.5,2.5191,0.1828,2010
VA,779,3.278,314.0,1.21154,14,13,40,4.514,61848.2,2.3592,0.1828,2010
WA,540,2.2536,190.7,8.18728,129,42,579,4.599,41215.2,2.3729,0.1276,2006
WA,541,2.2396,191.098,8.05227,149,92,661,5.072,42343.7,2.096,0.1276,2006
WA,542,2.3564,191.497,8.41543,126,97,141,4.78,42327.9,2.0832,0.1276,2006
WA,543,2.4133,191.897,8.75715,120,178,1230,5.01,42169.0,2.2095,0.1276,2006
WA,544,2.4705,192.298,9.57033,130,100,393,5.429,42456.0,2.0109,0.1276,2006
WA,545,2.534,192.7,9.20548,149,74,388,4.658,43010.4,2.2744,0.1276,2006
WA,546,2.5312,193.102,9.63825,130,52,713,5.144,42731.8,2.3303,0.1276,2006
WA,547,2.5205,193.506,9.36317,138,58,648,5.112,42048.7,2.2784,0.1276,2006
WA,548,2.422,193.91,9.03761,136,94,362,4.594,42817.8,2.4103,0.1276,2006
WA,549,2.3127,194.315,8.91851,154,108,680,4.916,42662.0,2.4668,0.1276,2006
WA,550,2.3073,194.721,8.50975,201,29,85,4.668,41400.5,2.4326,0.1276,2006
WA,551,2.2344,195.128,8.40136,129,58,396,4.604,43489.6,2.3379,0.1276,2006
WA,552,2.5292,195.535,8.53818,140,12,332,5.656,43278.1,2.4249,0.1276,2006
WA,553,2.4817,195.944,8.51649,125,127,594,5.867,42783.5,2.3126,0.1276,2006
WA,554,2.64,196.353,8.71581,103,143,361,4.736,42575.7,2.1049,0.1276,2006
WA,555,2.6821,196.763,8.73377,126,64,969,4.893,43446.5,2.2402,0.1276,2006
WA,556,2.7178,197.174,9.33687,105,92,148,4.955,43305.4,2.1923,0.1276,2006
WA,557,2.7988,197.586,9.47149,143,52,1353,5.31,43110.7,2.1988,0.1276,2006
WA,558,2.7676,197.999,8.94118,126,35,206,5.335,43889.8,2.2402,0.1276,2006
WA,559,2.6604,198.412,9.60856,154,28,846,4.663,42438.4,2.4513,0.1276,2006
WA,560,2.6549,198.827,8.98297,159,62,843,4.769,43279.9,2.4175,0.1276,2006
WA,561,2.7026,199.242,9.37346,170,115,822,4.66,43666.3,2.506,0.1276,2006
WA,562,2.6827,199.658,8.64688,151,40,482,4.948,43036.4,2.3461,0.1276,2006
WA,563,2.5596,200.075,8.30015,121,146,934,5.201,43475.6,2.3305,0.1276,2006
WA,564,2.6969,200.493,8.59288,162,91,760,4.688,43229.7,2.3136,0.1276,2006
WA,565,2.7998,200.912,8.36147,125,40,600,4.883,43842.7,2.3012,0.1276,2006
WA,566,2.8817,201.331,8.60459,143,86,103,4.945,43547.3,2.1824,0.1276,2006
WA,567,2.974,201.752,8.95447,110,101,198,5.411,43923.1,2.1637,0.1276,2006
WA,568,3.0433,202.173,9.2871,126,55,147,4.843,44812.0,2.2838,0.1276,2006
WA,569,3.0655,202.596,9.39753,104,51,199,4.953,43282.5,2.11,0.1276,2006
WA,570,3.0461,203.019,9.46004,150,92,564,5.448,44850.0,2.3364,0.1276,2006
WA,571,3.0012,203.443,9.57231,150,80,687,5.108,43857.2,2.3498,0.1276,2006
WA,572,2.939,203.868,9.24771,139,95,380,5.169,44884.7,2.4989,0.1276,2006
WA,573,2.8809,204.294,8.83018,111,45,870,4.908,43885.7,2.4567,0.1276,2006
WA,574,2.8101,204.72,8.52575,135,35,983,4.682,44843.9,2.5179,0.1276,2006
WA,575,2.8407,205.148,8.1536,146,179,156,4.853,44922.6,2.2362,0.1276,2006
WA,576,3.3596,205.576,7.91394,136,25,505,7.559,44009.9,2.5439,0.1276,2006
WA,577,3.3792,206.006,7.83398,131,79,281,8.126,42552.1,2.2809,0.1276,2006
WA,578,3.4063,206.436,8.37285,110,48,305,7.506,43072.3,2.3779,0.1276,2006
WA,579,3.5181,206.867,8.2836,119,66,208,8.094,42895.9,2.2977,0.1276,2006
WA,580,3.5666,207.299,8.68556,114,38,166,7.266,43734.8,2.3358,0.1276,2006
WA,581,4.3629,207.732,8.58483,137,43,490,8.607,43361.5,2.4301,0.1276,2006
WA,582,4.38,208.166,8.99727,140,61,907,8.108,44027.8,2.505,0.1276,2006
WA,583,3.5457,208.601,8.516,125,71,305,7.028,43679.1,2.6631,0.1276,2006
WA,584,3.5659,209.037,8.73031,144,78,462,7.273,43592.7,2.6266,0.1276,2006
WA,585,3.3696,209.474,8.39921,151,127,404,7.482,44046.7,2.7134,0.1276,2006
WA,586,2.2188,209.911,8.41847,161,51,583,7.444,43937.3,2.6186,0.1276,2006
WA,587,1.761,210.35,8.54461,147,26,168,7.614,44629.1,2.5297,0.1276,2006
WA,588,2.4046,210.789,8.64808,136,83,575,7.707,44965.6,2.5809,0.1276,2006
WA,589,2.302,211.229,8.37217,148,48,321,7.957,43075.8,2.5072,0.1276,2006
WA,590,2.4172,211.67,8.74271,139,40,698,7.89,43429.0,2.3582,0.1276,2006
WA,591,2.495,212.113,9.55453,126,89,827,8.134,44538.6,2.325,0.1276,2006
WA,592,2.5056,212.556,9.31737,130,42,324,8.168,44739.4,2.4626,0.1276,2006
WA,593,2.5476,213.0,9.75679,143,93,724,8.324,43652.7,2.4069,0.1276,2006
WA,594,2.5408,213.444,10.14644,136,59,228,7.23,45063.2,2.5018,0.1276,2006
WA,595,2.5284,213.89,10.00235,164,52,1106,7.835,45383.9,2.6713,0.1276,2006
WA,596,2.4388,214.337,9.78492,155,80,547,7.349,45076.7,2.591,0.1276,2006
WA,597,2.3956,214.785,9.06079,155,50,1451,7.217,44230.6,2.6641,0.1276,2006
WA,598,2.3928,215.233,8.87303,147,64,468,8.114,44544.8,2.6589,0.1276,2006
WA,599,2.3419,215.683,9.24872,165,67,104,7.616,46641.2,2.7562,0.1276,2006
WA,600,2.8549,216.133,8.28184,148,61,639,7.48,45397.7,2.6262,0.1276,2006
WA,601,2.8267,216.585,8.66975,136,89,452,7.902,45558.2,2.3698,0.1276,2006
WA,602,2.8339,217.037,8.64581,152,101,171,7.803,45216.9,2.352,0.1276,2006
WA,603,2.8661,217.491,9.08892,108,62,367,8.07,44970.3,2.3587,0.1276,2006
WA,604,2.9392,217.945,9.10592,124,53,636,8.671,45747.6,2.4029,0.1276,2006
WA,605,3.0293,218.4,9.66661,109,185,823,8.419,45392.2,2.3367,0.1276,2006
WA,606,3.0768,218.856,9.44955,143,38,557,8.36,45892.8,2.4525,0.1276,2006
WA,607,3.0466,219.313,9.43841,135,53,832,8.234,44631.7,2.6571,0.1276,2006
WA,608,2.9107,219.772,9.24715,158,56,918,7.087,45527.5,2.6017,0.1276,2006
WA,609,2.8758,220.231,8.86572,148,136,980,7.458,44944.8,2.6332,0.1276,2006
WA,610,2.864,220.691,8.82436,138,38,534,6.985,45488.0,2.562,0.1276,2006
WA,611,2.7941,221.152,8.78181,126,66,465,7.56,46123.2,2.5791,0.1276,2006
WA,612,3.5735,221.614,8.81493,116,29,237,4.933,47465.2,2.3445,0.1276,2006
WA,613,3.5318,222.076,8.70102,137,83,831,5.626,47520.1,2.067,0.1276,2006
WA,614,3.5686,222.54,8.86218,112,34,109,5.305,47577.3,2.2313,0.1276,2006
WA,615,3.6379,223.005,8.97249,130,47,208,5.519,46948.0,2.1964,0.1276,2006
WA,616,3.7118,223.471,9.15042,122,62,364,4.703,47831.0,2.3016,0.1276,2006
WA,617,3.738,223.938,9.46675,110,38,128,4.762,47715.7,2.2913,0.1276,2006
WA,618,3.7527,224.405,9.90261,148,82,531,4.947,46636.1,2.4268,0.1276,2006
WA,619,3.7239,224.874,9.67851,146,93,251,5.327,48379.7,2.3675,0.1276,2006
WA,620,3.7602,225.344,9.21579,133,43,250,4.697,47843.9,2.4012,0.1276,2006
WA,621,3.6926,225.815,9.66007,164,23,633,4.986,48032.8,2.5586,0.1276,2006
WA,622,3.5798,226.286,8.838,110,35,532,4.694,47482.0,2.4824,0.1276,2006
WA,623,3.5731,226.759,8.54266,137,66,169,5.119,48583.7,2.3341,0.1276,2006
WA,624,3.7343,227.233,8.64541,110,102,433,5.116,48848.0,2.312,0.1276,2006
WA,625,3.6472,227.707,8.72992,137,86,232,5.215,48291.8,2.2509,0.1276,2006
WA,626,3.7354,228.183,8.83367,120,54,555,5.042,48361.2,2.2436,0.1276,2006
WA,627,3.8321,228.659,9.08613,152,52,145,6.223,48117.3,2.3022,0.1276,2006
WA,628,4.0151,229.137,9.36357,121,131,470,5.446,48896.6,2.0482,0.1276,2006
WA,629,3.9637,229.616,9.85869,129,34,512,5.056,49632.5,2.2285,0.1276,2006
WA,630,3.9507,230.095,9.87419,134,40,394,4.551,48839.2,2.2557,0.1276,2006
WA,631,3.8922,230.576,9.61053,129,71,351,4.267,48756.0,2.4075,0.1276,2006
WA,632,3.8932,231.057,9.42523,140,83,100,4.715,49091.4,2.4793,0.1276,2006
WA,633,3.8146,231.54,9.28714,138,43,99,4.77,47603.8,2.4284,0.1276,2006
WA,634,3.6753,232.024,8.86849,123,67,848,4.951,49426.0,2.5114,0.1276,2006
WA,635,3.6079,232.508,8.72077,110,120,138,4.326,50247.7,2.3188,0.1276,2006
WA,636,3.4834,232.994,8.6531,130,39,623,5.23,48674.0,2.2686,0.1276,2006
WA,637,3.4925,233.481,8.8246,134,101,1495,5.71,49525.1,2.4012,0.1276,2006
WA,638,3.5446,233.968,9.24015,125,50,134,4.838,49014.8,2.145,0.1276,2006
WA,639,3.7213,234.457,9.54676,135,47,405,5.254,49260.3,2.157,0.1276,2006
WA,640,3.8317,234.947,9.37488,102,25,95,4.923,49331.8,2.1487,0.1276,2006
WA,641,3.8537,235.438,10.22871,117,109,626,4.279,50067.5,2.2679,0.1276,2006
WA,642,3.7646,235.929,10.35714,125,61,622,4.897,51562.9,2.2494,0.1276,2006
WA,643,3.9395,236.422,9.9881,129,59,746,4.562,50474.2,2.2831,0.1276,2006
WA,644,3.7657,236.916,9.59249,133,36,261,5.116,49013.8,2.4198,0.1276,2006
WA,645,3.6857,237.411,9.63305,134,77,536,4.604,49440.3,2.489,0.1276,2006
WA,646,3.5935,237.907,9.15771,152,29,374,4.415,49806.2,2.4745,0.1276,2006
WA,647,3.5114,238.404,8.80754,136,111,563,4.486,49466.1,2.3521,0.1276,2006
WA,648,3.3308,238.902,8.99673,131,62,433,5.16,49933.1,2.313,0.1276,2006
WA,649,3.3234,239.401,9.0422,125,66,238,5.4,50049.9,2.1762,0.1276,2006
WA,650,3.3503,239.901,9.44357,128,80,541,5.248,49130.3,2.0952,0.1276,2006
WA,651,3.4277,240.402,9.87856,112,208,422,5.858,50983.3,2.2087,0.1276,2006
WA,652,3.4969,240.904,10.15929,134,55,578,5.134,51384.2,2.1364,0.1276,2006
WA,653,3.8032,241.407,10.45044,127,48,644,5.597,50428.3,2.246,0.1276,2006
WA,654,3.5091,241.911,9.89252,149,119,819,5.242,50207.5,2.2086,0.1276,2006
WA,655,3.4898,242.417,10.07848,156,102,718,4.475,50624.0,2.3089,0.1276,2006
WA,656,3.4588,242.923,10.11581,128,159,682,4.344,50956.2,2.3856,0.1276,2006
WA,657,3.4571,243.43,9.78114,161,81,214,5.321,51174.3,2.574,0.1276,2006
WA,658,3.4058,243.939,9.32737,140,148,1093,4.914,51518.4,2.455,0.1276,2006
WA,659,3.4276,244.448,9.1023,137,120,660,5.338,49800.9,2.4487,0.1276,2006
WA,660,2.1892,244.959,9.32141,138,89,258,5.103,51709.7,2.1549,0.1276,2006
WA,661,2.472,245.471,9.49328,137,90,255,5.6,51370.7,2.1916,0.1276,2006
WA,662,2.4956,245.983,9.84279,117,93,657,5.208,51935.9,2.2293,0.1276,2006
WA,663,2.568,246.497,10.27448,127,52,1595,5.077,50770.3,2.1173,0.1276,2006
WA,664,2.561,247.012,11.03776,157,134,607,4.757,50989.7,2.1377,0.1276,2006
WA,665,2.663,247.528,11.15238,145,222,299,4.948,52160.8,2.2116,0.1276,2006
WA,666,2.6142,248.045,11.36431,146,59,419,5.33,50960.2,2.2811,0.1276,2006
WA,667,2.5789,248.563,11.07202,169,121,713,5.083,51775.9,2.3168,0.1276,2006
WA,668,2.5717,249.082,11.22962,145,58,583,4.732,52067.7,2.4439,0.1276,2006
WA,669,2.5262,249.603,10.21989,186,223,1125,5.449,52315.2,2.5517,0.1276,2006
WA,670,2.4984,250.124,10.52575,130,192,1044,4.34,52151.1,2.3672,0.1276,2006
WA,671,2.4322,250.646,10.13173,147,104,601,4.999,51944.9,2.3109,0.1276,2006
WA,672,2.101,251.17,10.04512,126,92,597,4.345,52356.5,2.22,0.1276,2006
WA,673,2.1301,251.694,10.25396,160,32,307,5.448,52092.1,2.2057,0.1276,2006
WA,674,2.1862,252.22,10.37188,129,76,456,5.385,52454.6,2.1242,0.1276,2006
WA,675,2.1948,252.747,11.22538,140,104,693,5.529,52254.7,2.1678,0.1276,2006
WA,676,2.2545,253.275,10.93238,125,57,1036,5.232,52502.4,2.2331,0.1276,2006
WA,677,2.339,253.804,11.3556,146,59,1020,5.287,52935.0,2.2711,0.1276,2006
WA,678,2.3089,254.334,11.94212,148,86,840,4.825,52509.9,2.2443,0.1276,2006
WA,679,2.3408,254.865,11.64624,126,49,398,4.899,54047.5,2.4642,0.1276,2006
WA,680,2.3313,255.398,11.22561,160,135,647,4.772,52351.8,2.4201,0.1276,2006
WA,681,2.2622,255.931,11.09768,153,139,1162,4.845,52801.7,2.438,0.1276,2006
WA,682,2.1277,256.466,10.73922,145,43,528,4.365,52324.0,2.3923,0.1276,2006
WA,683,2.106,257.001,10.33315,133,70,1203,5.406,52793.0,2.4515,0.1276,2006
WA,684,2.3882,257.538,10.25832,137,92,286,4.862,53429.8,2.3267,0.1276,2006
WA,685,2.3813,258.076,10.39604,128,133,277,5.234,53242.5,2.1872,0.1276,2006
WA,686,2.4367,258.615,10.0816,130,113,507,5.645,53895.8,2.2399,0.1276,2006
WA,687,2.5411,259.155,11.17985,128,53,413,4.786,54329.4,2.0939,0.1276,2006
WA,688,2.6287,259.697,11.61299,126,104,783,4.984,53381.9,1.947,0.1276,2006
WA,689,2.6461,260.239,11.61115,134,149,520,5.422,54451.8,2.093,0.1276,2006
WA,690,2.6112,260.783,11.23204,136,86,1616,5.516,52747.1,2.2955,0.1276,2006
WA,691,2.6516,261.327,11.83719,138,71,334,4.636,54501.8,2.3791,0.1276,2006
WA,692,2.5629,261.873,11.71108,181,120,448,4.269,54484.4,2.4402,0.1276,2006
WA,693,2.5726,262.42,10.7465,133,144,465,4.955,53413.9,2.4622,0.1276,2006
WA,694,2.4705,262.968,10.60525,160,61,731,4.454,55637.9,2.4185,0.1276,2006
WA,695,2.4538,263.518,10.50902,147,102,1303,5.529,54075.1,2.4626,0.1276,2006
WA,696,2.6947,264.068,10.58769,147,66,485,4.271,53770.0,2.277,0.1276,2006
WA,697,2.7067,264.62,10.64579,137,55,1750,5.556,54962.9,2.2661,0.1276,2006
WA,698,2.7491,265.172,10.92073,119,235,473,5.377,54502.5,2.1714,0.1276,2006
WA,699,2.8016,265.726,10.95508,139,97,261,6.112,55165.2,2.1757,0.1276,2006
WA,700,2.878,266.281,11.14611,105,125,762,4.832,54375.5,2.1559,0.1276,2006
WA,701,2.8983,266.838,11.18266,137,115,469,5.503,54891.6,2.2885,0.1276,2006
WA,702,2.8932,267.395,11.39029,142,118,838,5.18,54291.5,2.249,0.1276,2006
WA,703,2.8915,267.953,11.44491,151,63,202,4.677,55648.0,2.2687,0.1276,2006
WA,704,2.8988,268.513,11.37187,167,118,903,4.178,55314.8,2.3724,0.1276,2006
WA,705,2.8471,269.074,10.98465,135,113,486,4.671,56355.1,2.4979,0.1276,2006
WA,706,2.8214,269.636,10.73765,149,29,531,4.746,55114.3,2.448,0.1276,2006
WA,707,2.7177,270.199,10.60525,154,89,869,5.058,56064.8,2.404,0.1276,2006
WA,708,2.5553,270.764,10.35595,148,165,764,5.068,54992.3,2.4689,0.1276,2006
WA,709,2.5136,271.329,10.5543,143,32,413,4.841,55886.0,2.0445,0.1276,2006
WA,710,2.5973,271.896,10.60885,131,204,728,5.318,56397.1,2.3322,0.1276,2006
WA,711,2.6754,272.464,11.45796,120,114,1159,5.12,55171.3,2.0587,0.1276,2006
WA,712,2.6672,273.033,11.71747,136,68,638,6.119,56607.4,2.2818,0.1276,2006
WA,713,2.7473,273.603,11.95266,142,158,395,4.518,55953.5,2.1833,0.1276,2006
WA,714,2.7479,274.175,12.52809,120,114,43,4.808,56179.6,2.1864,0.1276,2006
WA,715,2.7537,274.747,11.52447,157,127,655,4.99,56454.6,2.4624,0.1276,2006
WA,716,2.7389,275.321,11.97546,155,255,1539,5.091,57139.4,2.4622,0.1276,2006
WA,717,2.7321,275.896,10.97456,119,82,489,5.188,56186.8,2.4164,0.1276,2006
WA,718,2.693,276.473,10.72631,162,267,2365,4.803,56824.6,2.4045,0.1276,2006
WA,719,2.5768,277.05,10.60808,132,33,735,5.139,56435.9,2.3325,0.1276,2006
WA,720,2.0881,277.629,10.61219,170,117,794,9.483,57125.8,2.3106,0.1276,2006
WA,721,2.151,278.209,10.18865,152,142,944,9.645,57166.3,2.1769,0.1276,2006
WA,722,2.2011,278.79,8.93263,119,111,661,9.522,56952.8,2.0776,0.1276,2006
WA,723,1.961,279.372,7.57168,145,85,380,9.933,57823.7,2.0709,0.1276,2006
WA,724,1.9322,279.956,8.89205,157,80,357,10.444,56679.9,2.1162,0.1276,2006
WA,725,2.3443,280.54,10.42128,150,45,1057,9.571,57566.6,2.2275,0.1276,2006
WA,726,2.352,281.126,11.4081,142,40,1260,8.94,57040.5,2.3701,0.1276,2006
WA,727,2.3448,281.714,11.83404,168,64,1557,9.567,57203.7,2.4622,0.1276,2006
WA,728,2.3051,282.302,11.96566,163,33,142,8.377,57800.4,2.4134,0.1276,2006
WA,729,2.2504,282.892,11.47538,159,119,1275,9.034,57080.4,2.3496,0.1276,2006
WA,730,2.2046,283.483,11.50953,160,129,448,9.371,58644.5,2.3841,0.1276,2006
WA,731,2.1143,284.075,11.18387,140,54,266,8.863,58606.3,2.3507,0.1276,2006
WA,732,2.9925,284.668,10.97405,123,112,312,4.907,57737.7,2.2911,0.1276,2006
WA,733,2.987,285.263,10.96909,129,72,686,5.21,58985.7,2.241,0.1276,2006
WA,734,2.9376,285.859,11.52202,125,102,531,4.765,59123.5,2.1363,0.1276,2006
WA,735,3.0515,286.456,10.97941,132,43,1348,5.87,58058.1,2.1683,0.1276,2006
WA,736,3.1431,287.054,11.59266,113,98,894,5.156,57139.9,2.2468,0.1276,2006
WA,737,3.1598,287.654,12.07935,112,140,639,5.453,58655.1,2.1699,0.1276,2006
WA,738,3.2401,288.254,11.54712,137,34,478,5.494,58210.1,2.1637,0.1276,2006
WA,739,3.2391,288.856,11.78282,132,134,440,4.556,58697.3,2.3974,0.1276,2006
WA,740,3.1036,289.46,11.85669,154,111,2596,4.852,58034.6,2.4572,0.1276,2006
WA,741,3.1635,290.064,11.72851,141,68,684,4.884,58980.1,2.3452,0.1276,2006
WA,742,3.1943,290.67,11.12662,136,30,701,3.96,59676.2,2.5658,0.1276,2006
WA,743,3.1714,291.277,10.61904,161,111,215,4.955,58639.2,2.4851,0.1276,2006
WA,744,4.0789,291.886,10.31182,124,41,1106,5.107,58917.7,2.4439,0.1276,2006
WA,745,4.0469,292.496,10.32391,135,29,446,5.413,58223.0,2.3661,0.1276,2006
WA,746,4.1586,293.106,10.6518,132,64,742,5.236,59052.6,2.0166,0.1276,2006
WA,747,4.2272,293.719,10.9194,116,43,1072,5.267,60114.5,2.1372,0.1276,2006
WA,748,4.8128,294.332,11.14719,110,115,481,5.211,59043.8,2.1764,0.1276,2006
WA,749,5.3713,294.947,11.04882,109,44,450,5.023,60181.4,2.1731,0.1276,2006
WA,750,4.2921,295.563,11.19663,112,99,850,5.047,59396.1,2.2661,0.1276,2006
WA,751,4.1747,296.18,11.59725,139,146,1298,4.274,59429.1,2.4175,0.1276,2006
WA,752,4.1724,296.799,11.25038,143,29,297,5.129,60959.1,2.4014,0.1276,2006
WA,753,4.1442,297.419,11.21085,127,81,1179,4.445,60737.3,2.4054,0.1276,2006
WA,754,4.0645,298.04,11.0217,132,115,543,3.955,60528.3,2.4436,0.1276,2006
WA,755,3.9738,298.663,10.56461,155,44,106,4.839,60670.1,2.3042,0.1276,2006
WA,756,3.5659,299.287,10.29822,139,67,715,4.99,60498.8,2.4409,0.1276,2006
WA,757,3.5223,299.912,10.16923,128,58,209,5.2,59948.6,2.2705,0.1276,2006
WA,758,3.617,300.538,10.84647,115,64,462,5.197,59748.6,2.0779,0.1276,2006
WA,759,3.7112,301.166,10.82199,110,95,388,4.958,59944.9,2.1856,0.1276,2006
WA,760,3.7492,301.795,11.6196,134,73,392,4.542,60447.3,2.199,0.1276,2006
WA,761,3.6945,302.425,12.01495,120,115,629,5.229,60146.1,2.187,0.1276,2006
WA,762,3.7129,303.057,12.36707,148,18,204,5.676,61438.1,2.2295,0.1276,2006
WA,763,3.7565,303.69,12.07653,130,155,2004,4.686,61231.9,2.4046,0.1276,2006
WA,764,3.6814,304.324,12.725,169,192,938,4.685,61723.7,2.3796,0.1276,2006
WA,765,3.7095,304.96,11.48017,139,93,503,3.891,61020.7,2.378,0.1276,2006
WA,766,3.6513,305.597,10.92985,160,28,763,4.962,60939.4,2.3941,0.1276,2006
WA,767,3.5541,306.235,10.94968,166,33,712,4.585,62540.6,2.3268,0.1276,2006
WA,768,3.271,306.875,10.76547,147,122,86,5.371,62658.3,2.3667,0.1276,2006
WA,769,3.2397,307.516,10.86443,134,65,429,5.966,61435.8,2.0418,0.1276,2006
WA,770,3.2908,308.158,11.31083,127,112,705,5.569,60082.9,2.0683,0.1276,2006
WA,771,3.4126,308.802,11.7476,135,48,682,6.054,61499.8,2.0635,0.1276,2006
WA,772,3.4571,309.447,12.07831,129,73,1054,5.34,62850.3,2.1978,0.1276,2006
WA,773,3.4658,310.093,12.36439,117,135,1087,5.44,60473.5,2.2038,0.1276,2006
WA,774,3.4933,310.741,12.64561,157,198,375,4.993,61957.0,2.2328,0.1276,2006
WA,775,3.4776,311.39,12.17265,120,23,405,5.316,63380.3,2.6021,0.1276,2006
WA,776,3.3393,312.041,12.17291,131,61,686,4.621,62603.3,2.3993,0.1276,2006
WA,777,3.3102,312.692,12.40738,136,130,369,4.53,62669.2,2.5754,0.1276,2006
WA,778,3.1795,313.345,11.26143,160,77,686,4.707,61594.9,2.4551,0.1276,2006
WA,779,3.1861,314.0,11.66721,149,90,189,5.067,62213.7,2.4259,0.1276,2006
WV,540,2.1315,190.7,9.84609,151,93,606,5.595,41057.3,2.4454,0.4191,2011
WV,541,2.1279,191.098,10.10795,139,110,392,5.237,41872.6,2.2422,0.4191,2011
WV,542,2.2156,191.497,10.28795,141,108,375,5.587,41288.5,2.1148,0.4191,2011
WV,543,2.2607,191.897,10.70593,156,76,920,4.803,42336.1,2.2041,0.4191,2011
WV,544,2.275,192.298,10.68649,123,61,362,5.548,42698.6,2.0432,0.4191,2011
WV,545,2.2974,192.7,10.99313,182,105,1612,5.306,42024.8,2.3398,0.4191,2011
WV,546,2.3325,193.102,11.49543,133,69,2140,4.985,43135.2,2.3962,0.4191,2011
WV,547,2.3245,193.506,11.46305,189,84,725,5.264,41567.8,2.3153,0.4191,2011
WV,548,2.2267,193.91,11.15374,217,115,288,4.821,42365.0,2.5056,0.4191,2011
WV,549,2.1999,194.315,10.50143,203,108,680,4.089,41927.1,2.4117,0.4191,2011
WV,550,2.1719,194.721,10.25981,196,100,572,4.945,42299.4,2.5597,0.4191,2011
WV,551,2.1364,195.128,10.06447,172,58,2646,4.961,43213.3,2.3056,0.4191,2011
WV,552,2.4106,195.535,10.12708,164,121,328,4.553,42661.1,2.3212,0.4191,2011
WV,553,2.4264,195.944,9.91386,181,18,235,4.569,43323.2,2.2328,0.4191,2011
WV,554,2.456,196.353,10.50639,148,60,507,5.422,43021.4,1.9461,0.4191,2011
WV,555,2.544,196.763,10.59151,141,50,111,5.883,43046.2,2.1318,0.4191,2011
WV,556,2.6117,197.174,10.98966,156,43,956,5.564,42925.4,2.1489,0.4191,2011
WV,557,2.6909,197.586,11.17829,152,112,348,4.799,43265.7,2.3287,0.4191,2011
WV,558,2.6202,197.999,11.44856,158,179,793,4.816,42779.1,2.3318,0.4191,2011
WV,559,2.6213,198.412,10.82282,164,106,621,5.318,42886.5,2.3883,0.4191,2011
WV,560,2.5227,198.827,11.47212,169,92,689,4.023,43284.7,2.5045,0.4191,2011
WV,561,2.445,199.242,10.51391,160,71,478,4.825,43378.3,2.4485,0.4191,2011
WV,562,2.4198,199.658,10.56388,185,235,352,5.054,43437.5,2.4859,0.4191,2011
WV,563,2.4061,200.075,10.13182,182,106,650,4.951,43808.6,2.5244,0.4191,2011
WV,564,2.6032,200.493,10.44079,152,59,607,4.817,44145.7,2.3083,0.4191,2011
WV,565,2.5952,200.912,10.00531,157,24,719,4.948,43240.7,2.2991,0.4191,2011
WV,566,2.5666,201.331,10.22189,165,48,228,5.578,43776.0,2.2572,0.4191,2011
WV,567,2.7102,201.752,10.75986,148,112,582,5.44,43821.4,2.2064,0.4191,2011
WV,568,2.7054,202.173,11.0624,150,35,856,5.289,44267.8,2.1692,0.4191,2011
WV,569,2.8469,202.596,11.31787,136,85,1088,4.973,44112.5,2.0531,0.4191,2011
WV,570,2.8523,203.019,11.87511,132,53,729,5.549,44195.2,2.216,0.4191,2011
WV,571,2.8583,203.443,11.58627,181,83,583,5.359,44428.6,2.5455,0.4191,2011
WV,572,2.7506,203.868,11.1686,164,145,1104,4.787,43795.6,2.467,0.4191,2011
WV,573,2.7686,204.294,10.43395,188,57,802,5.26,44552.1,2.4641,0.4191,2011
WV,574,2.712,204.72,10.5704,173,157,685,4.943,44952.0,2.3998,0.4191,2011
WV,575,2.6432,205.148,9.98906,171,60,1215,4.398,43817.8,2.3783,0.4191,2011
WV,576,3.0318,205.576,9.68023,167,100,1373,7.765,43554.7,2.5073,0.4191,2011
WV,577,3.0217,206.006,9.55802,132,171,306,8.021,43349.1,2.4641,0.4191,2011
WV,578,3.1602,206.436,9.70767,142,57,106,8.861,42638.8,2.5376,0.4191,2011
WV,579,3.0973,206.867,9.98785,137,34,388,7.663,43546.2,2.3241,0.4191,2011
WV,580,3.228,207.299,10.5115,147,49,372,7.668,44025.8,2.4411,0.4191,2011
WV,581,3.8665,207.732,10.52994,148,81,537,8.33,43801.3,2.353,0.4191,2011
WV,582,3.9135,208.166,10.68408,157,22,450,7.134,43718.2,2.6177,0.4191,2011
WV,583,3.2354,208.601,10.73875,190,82,249,7.928,43232.9,2.5939,0.4191,2011
WV,584,3.252,209.037,10.23574,191,152,907,7.485,43873.1,2.6141,0.4191,2011
WV,585,3.1723,209.474,10.14855,164,207,601,7.742,43926.1,2.6994,0.4191,2011
WV,586,2.086,209.911,10.18866,217,71,1559,7.379,45045.7,2.7778,0.4191,2011
WV,587,1.6195,210.35,10.09448,173,179,525,7.504,43652.2,2.4963,0.4191,2011
WV,588,2.1579,210.789,10.15335,168,154,1132,6.986,44931.9,2.5229,0.4191,2011
WV,589,2.1695,211.229,10.62797,184,43,198,7.88,44215.6,2.4258,0.4191,2011
WV,590,2.2427,211.67,10.7826,165,72,918,8.271,44766.9,2.4532,0.4191,2011
WV,591,2.3146,212.113,10.82603,146,23,950,7.705,44112.9,2.3695,0.4191,2011
WV,592,2.3664,212.556,11.64744,177,53,273,8.544,44821.9,2.317,0.4191,2011
WV,593,2.4596,213.0,11.39883,164,106,304,8.532,43788.8,2.3885,0.4191,2011
WV,594,2.4869,213.444,11.79363,205,92,1477,7.181,43733.7,2.4406,0.4191,2011
WV,595,2.4357,213.89,11.77534,179,80,1847,7.618,44335.7,2.6494,0.4191,2011
WV,596,2.4034,214.337,11.29619,175,120,241,7.877,45164.1,2.5401,0.4191,2011
WV,597,2.3225,214.785,10.88077,210,47,540,7.231,44643.8,2.7019,0.4191,2011
WV,598,2.2322,215.233,10.92649,178,71,659,7.165,45139.4,2.6968,0.4191,2011
WV,599,2.1779,215.683,10.65331,173,96,1518,7.22,44957.8,2.4379,0.4191,2011
WV,600,2.6062,216.133,10.3441,165,55,807,7.917,45609.0,2.3484,0.4191,2011
WV,601,2.6148,216.585,10.33807,167,62,530,7.728,44140.9,2.3895,0.4191,2011
WV,602,2.7582,217.037,10.71737,136,186,300,8.599,45625.4,2.3577,0.4191,2011
WV,603,2.7689,217.491,10.67487,182,87,691,8.038,45986.0,2.3281,0.4191,2011
WV,604,2.8438,217.945,11.04477,142,101,578,8.211,44782.2,2.3435,0.4191,2011
WV,605,2.8802,218.4,11.32869,164,48,206,8.224,45233.0,2.4905,0.4191,2011
WV,606,2.8249,218.856,11.61094,180,120,311,8.118,46659.7,2.5142,0.4191,2011
WV,607,2.7841,219.313,11.68184,165,74,285,8.261,45266.7,2.5658,0.4191,2011
WV,608,2.7217,219.772,11.18681,158,40,1630,8.262,45184.1,2.6598,0.4191,2011
WV,609,2.7058,220.231,10.90973,176,86,1749,7.718,45635.1,2.7632,0.4191,2011
WV,610,2.7464,220.691,10.58646,166,108,674,8.272,45978.8,2.7256,0.4191,2011
WV,611,2.7484,221.152,10.41199,164,49,586,6.872,45776.8,2.4827,0.4191,2011
WV,612,3.4336,221.614,10.08854,150,67,648,5.592,47992.9,2.3259,0.4191,2011
WV,613,3.4258,222.076,10.81337,143,173,820,4.845,47680.5,2.2642,0.4191,2011
WV,614,3.4464,222.54,10.83597,127,156,188,5.343,47759.2,2.1312,0.4191,2011
WV,615,3.4124,223.005,10.82019,147,187,178,4.777,47797.9,2.1754,0.4191,2011
WV,616,3.5316,223.471,11.29359,131,78,690,5.117,47811.3,2.1573,0.4191,2011
WV,617,3.5478,223.938,11.79224,139,119,458,4.878,48299.4,2.3146,0.4191,2011
WV,618,3.5938,224.405,12.09594,148,66,267,5.0,48319.3,2.2345,0.4191,2011
WV,619,3.5633,224.874,11.58998,153,94,155,5.053,47195.0,2.3337,0.4191,2011
WV,620,3.4692,225.344,11.40757,190,123,529,4.686,47792.6,2.4619,0.4191,2011
WV,621,3.4428,225.815,11.16365,157,59,624,4.969,48847.5,2.3715,0.4191,2011
WV,622,3.4217,226.286,10.85776,164,77,373,4.789,49297.1,2.4749,0.4191,2011
WV,623,3.4084,226.759,10.55003,163,104,1194,5.027,48051.3,2.354,0.4191,2011
WV,624,3.5001,227.233,10.59683,152,136,257,4.317,48863.9,2.2941,0.4191,2011
WV,625,3.4109,227.707,10.22086,168,49,755,4.949,48173.6,2.3019,0.4191,2011
WV,626,3.5176,228.183,10.79952,152,75,221,4.667,48421.5,2.1928,0.4191,2011
WV,627,3.5573,228.659,11.46696,135,82,94,5.762,48122.2,2.1198,0.4191,2011
WV,628,3.5932,229.137,11.48967,163,186,404,4.219,47863.3,2.3234,0.4191,2011
WV,629,3.6419,229.616,11.49371,145,153,1013,5.468,48135.5,2.2451,0.4191,2011
WV,630,3.6466,230.095,11.33632,138,52,635,5.364,48973.0,2.3953,0.4191,2011
WV,631,3.625,230.576,11.94334,156,52,504,5.09,48721.0,2.3539,0.4191,2011
WV,632,3.6125,231.057,11.62209,171,51,609,5.084,47748.3,2.413,0.4191,2011
WV,633,3.5077,231.54,11.07206,152,117,123,4.228,49381.0,2.4664,0.4191,2011
WV,634,3.4583,232.024,10.86837,156,84,386,3.947,48983.6,2.5329,0.4191,2011
WV,635,3.393,232.508,10.56978,163,64,418,5.102,48732.6,2.5067,0.4191,2011
WV,636,3.3056,232.994,10.76755,180,126,355,5.049,49240.0,2.3678,0.4191,2011
WV,637,3.3393,233.481,10.39993,182,87,1254,5.038,48802.7,2.3181,0.4191,2011
WV,638,3.4462,233.968,11.16564,146,82,439,4.98,49302.8,2.0937,0.4191,2011
WV,639,3.6252,234.457,10.97799,127,91,1080,5.17,48714.0,2.2649,0.4191,2011
WV,640,3.5771,234.947,11.63637,147,46,494,4.824,49789.7,2.2209,0.4191,2011
WV,641,3.5986,235.438,11.69755,135,69,594,5.184,49224.9,2.2803,0.4191,2011
WV,642,3.615,235.929,12.23739,125,124,1465,4.666,49600.9,2.242,0.4191,2011
WV,643,3.5379,236.422,12.37413,180,36,1595,4.224,49491.3,2.3099,0.4191,2011
WV,644,3.4671,236.916,11.65358,153,242,834,4.631,50704.6,2.4631,0.4191,2011
WV,645,3.3956,237.411,11.45144,181,33,334,4.592,50290.9,2.3362,0.4191,2011
WV,646,3.3317,237.907,10.93059,159,46,656,4.741,49991.8,2.2992,0.4191,2011
WV,647,3.3258,238.404,10.96397,196,92,353,5.229,49865.6,2.4631,0.4191,2011
WV,648,3.1016,238.902,10.82558,161,100,686,4.675,50895.3,2.2573,0.4191,2011
WV,649,3.158,239.401,11.06858,146,94,678,4.729,50368.7,2.2098,0.4191,2011
WV,650,3.2447,239.901,11.23994,146,140,284,5.581,51227.0,2.2719,0.4191,2011
WV,651,3.2838,240.402,11.84657,107,137,1088,6.06,50395.4,2.2088,0.4191,2011
WV,652,3.2996,240.904,11.75836,129,118,920,5.264,50389.8,2.1853,0.4191,2011
WV,653,3.5262,241.407,12.4052,155,56,388,5.503,50298.2,2.0853,0.4191,2011
WV,654,3.3849,241.911,12.87587,140,131,277,4.93,51562.8,2.3028,0.4191,2011
WV,655,3.4926,242.417,12.91179,179,50,230,4.51,51027.1,2.328,0.4191,2011
WV,656,3.3843,242.923,12.05898,179,87,106,5.754,50970.7,2.3825,0.4191,2011
WV,657,3.2516,243.43,12.15226,166,87,801,3.841,52382.3,2.5024,0.4191,2011
WV,658,3.2625,243.939,11.43703,164,71,757,4.652,51205.4,2.4201,0.4191,2011
WV,659,3.2813,244.448,11.27048,163,62,640,4.957,52287.3,2.3753,0.4191,2011
WV,660,2.0594,244.959,11.82516,170,135,415,4.257,51362.5,2.3711,0.4191,2011
WV,661,2.2722,245.471,11.63219,175,109,1397,4.678,52415.6,2.1614,0.4191,2011
WV,662,2.2691,245.983,12.62654,148,52,841,5.283,51522.6,2.3483,0.4191,2011
WV,663,2.3693,246.497,12.98233,182,122,422,5.591,51967.3,2.1843,0.4191,2011
WV,664,2.374,247.012,13.75369,165,85,662,5.416,51978.3,2.2723,0.4191,2011
WV,665,2.4863,247.528,13.54436,172,39,1532,4.799,51607.7,2.2164,0.4191,2011
WV,666,2.5566,248.045,13.33282,143,37,977,4.442,50929.5,2.1045,0.4191,2011
WV,667,2.516,248.563,13.2566,192,130,1170,4.868,51400.8,2.3191,0.4191,2011
WV,668,2.43,249.082,13.65603,196,74,444,5.093,51818.2,2.3739,0.4191,2011
WV,669,2.3753,249.603,13.01825,185,214,1973,4.549,51822.0,2.4541,0.4191,2011
WV,670,2.3276,250.124,12.61634,196,50,2499,4.246,51466.6,2.342,0.4191,2011
WV,671,2.307,250.646,11.91493,177,132,992,4.205,52152.9,2.4172,0.4191,2011
WV,672,2.0186,251.17,11.65082,181,192,131,5.485,51348.9,2.224,0.4191,2011
WV,673,1.9507,251.694,12.67715,163,100,951,5.054,51972.1,2.2529,0.4191,2011
WV,674,2.0215,252.22,13.13057,172,74,423,4.572,51529.0,2.0904,0.4191,2011
WV,675,2.101,252.747,13.53462,171,149,665,4.976,52818.3,2.2106,0.4191,2011
WV,676,2.1356,253.275,14.10827,145,237,1173,4.551,52342.0,2.2882,0.4191,2011
WV,677,2.1564,253.804,14.79736,190,51,1122,5.394,52582.0,2.1759,0.4191,2011
WV,678,2.1744,254.334,14.42125,165,145,591,5.144,53927.2,2.3558,0.4191,2011
WV,679,2.1496,254.865,14.56158,195,137,369,4.902,52535.6,2.367,0.4191,2011
WV,680,2.0989,255.398,13.05303,189,79,2110,5.09,52874.9,2.3295,0.4191,2011
WV,681,2.0105,255.931,13.7211,218,90,609,4.105,54254.9,2.4182,0.4191,2011
WV,682,2.0277,256.466,12.40426,205,85,439,4.741,54057.4,2.5511,0.4191,2011
WV,683,1.9572,257.001,12.67638,208,129,1418,4.714,53490.0,2.3333,0.4191,2011
WV,684,2.2372,257.538,12.7879,168,113,1881,4.697,53001.9,2.3662,0.4191,2011
WV,685,2.2382,258.076,12.37823,174,58,227,5.239,52842.9,2.1258,0.4191,2011
WV,686,2.3248,258.615,12.99393,136,107,552,5.396,53177.3,2.2545,0.4191,2011
WV,687,2.4417,259.155,13.34325,169,93,694,5.433,54304.0,2.1168,0.4191,2011
WV,688,2.5361,259.697,13.50882,137,59,636,5.232,53886.9,2.1614,0.4191,2011
WV,689,2.4948,260.239,13.32861,138,178,313,5.091,53709.0,2.2944,0.4191,2011
WV,690,2.5067,260.783,14.17694,156,150,2223,5.5,53414.7,2.323,0.4191,2011
WV,691,2.4178,261.327,14.17258,168,48,1214,4.248,54952.4,2.5098,0.4191,2011
WV,692,2.4059,261.873,14.21184,176,60,804,4.409,54701.3,2.407,0.4191,2011
WV,693,2.4086,262.42,13.40696,173,56,1619,5.026,53392.8,2.4504,0.4191,2011
WV,694,2.3281,262.968,12.91319,212,181,2685,5.13,53464.8,2.4221,0.4191,2011
WV,695,2.241,263.518,12.53806,178,19,727,4.549,53693.8,2.4456,0.4191,2011
WV,696,2.4991,264.068,12.72069,169,145,982,5.074,54109.2,2.3698,0.4191,2011
WV,697,2.5193,264.62,12.5597,156,141,1569,5.346,55207.3,2.2094,0.4191,2011
WV,698,2.5412,265.172,12.4398,158,134,1093,5.459,54724.8,2.1108,0.4191,2011
WV,699,2.5954,265.726,13.40849,162,33,762,5.633,55150.8,2.2341,0.4191,2011
WV,700,2.6511,266.281,13.83855,148,36,431,5.052,55441.2,2.3315,0.4191,2011
WV,701,2.7542,266.838,14.04384,142,133,1257,4.818,54852.0,2.2724,0.4191,2011
WV,702,2.7016,267.395,14.30875,186,89,1763,5.017,55280.7,2.1435,0.4191,2011
WV,703,2.7931,267.953,14.26075,160,84,899,5.287,54492.4,2.3919,0.4191,2011
WV,704,2.727,268.513,13.54615,182,123,1369,5.594,54187.6,2.5911,0.4191,2011
WV,705,2.6842,269.074,13.5004,156,130,665,3.931,54376.8,2.3141,0.4191,2011
WV,706,2.6083,269.636,12.90184,164,65,976,4.867,54863.7,2.2973,0.4191,2011
WV,707,2.5356,270.199,12.53125,175,206,580,4.587,55271.4,2.4572,0.4191,2011
WV,708,2.4345,270.764,12.73477,160,175,587,4.939,57492.8,2.3545,0.4191,2011
WV,709,2.4934,271.329,13.00774,168,103,344,4.884,56535.9,2.1764,0.4191,2011
WV,710,2.4753,271.896,12.58562,155,139,558,5.152,53951.8,2.2598,0.4191,2011
WV,711,2.5799,272.464,13.14248,143,88,221,5.078,54911.2,2.0897,0.4191,2011
WV,712,2.5829,273.033,13.77412,157,45,1200,4.855,55506.7,2.0802,0.4191,2011
WV,713,2.6113,273.603,15.05123,160,273,1323,4.889,56798.1,2.2494,0.4191,2011
WV,714,2.6103,274.175,15.51594,163,223,2741,4.681,57195.3,2.1941,0.4191,2011
WV,715,2.6508,274.747,14.62062,185,57,1318,4.82,56274.4,2.299,0.4191,2011
WV,716,2.5754,275.321,14.11976,179,80,747,4.824,56218.8,2.3511,0.4191,2011
WV,717,2.579,275.896,13.79384,142,84,907,4.358,56971.5,2.5454,0.4191,2011
WV,718,2.4474,276.473,13.07618,197,15,1251,5.071,56454.8,2.4103,0.4191,2011
WV,719,2.4199,277.05,12.7405,194,102,1035,4.516,56226.9,2.4067,0.4191,2011
WV,720,1.9998,277.629,12.66894,184,88,305,9.724,55710.9,2.279,0.4191,2011
WV,721,2.0689,278.209,12.4877,179,93,1101,9.116,56116.7,2.2178,0.4191,2011
WV,722,2.0686,278.79,10.90638,164,37,759,9.548,56612.3,2.1301,0.4191,2011
WV,723,1.7604,279.372,9.61452,174,64,225,9.868,58588.0,2.1793,0.4191,2011
WV,724,1.8126,279.956,11.24676,175,100,675,10.01,56792.9,2.2002,0.4191,2011
WV,725,2.1978,280.54,12.74186,184,70,564,9.543,57002.4,2.2432,0.4191,2011
WV,726,2.2407,281.126,14.0485,172,124,918,9.386,57134.1,2.2185,0.4191,2011
WV,727,2.2701,281.714,14.78315,187,137,591,9.578,57299.9,2.3909,0.4191,2011
WV,728,2.148,282.302,14.74222,189,140,526,9.155,58383.5,2.4684,0.4191,2011
WV,729,2.1331,282.892,14.09842,189,116,697,9.42,57659.9,2.5409,0.4191,2011
WV,730,2.085,283.483,13.47826,203,256,543,9.383,57938.8,2.3197,0.4191,2011
WV,731,2.052,284.075,13.32098,190,57,385,9.364,56202.1,2.337,0.4191,2011
WV,732,2.9597,284.668,13.01545,187,179,875,5.416,57547.6,2.2179,0.4191,2011
WV,733,2.8924,285.263,13.04478,157,284,512,5.445,57597.7,2.1905,0.4191,2011
WV,734,2.8882,285.859,13.45428,135,61,757,5.566,57607.3,2.3053,0.4191,2011
WV,735,2.9342,286.456,13.59645,132,110,840,5.335,58604.7,2.1782,0.4191,2011
WV,736,2.9769,287.054,13.77735,149,185,410,4.973,58129.1,1.9658,0.4191,2011
WV,737,3.0054,287.654,14.65687,161,92,1083,5.271,57620.8,2.0872,0.4191,2011
WV,738,2.9963,288.254,14.89669,152,85,877,5.328,59689.2,2.2992,0.4191,2011
WV,739,3.0547,288.856,14.54267,139,69,172,5.174,59167.1,2.2976,0.4191,2011
WV,740,3.0426,289.46,14.09742,178,72,2952,5.389,58913.0,2.3462,0.4191,2011
WV,741,2.9699,290.064,13.55169,179,54,1631,5.015,59040.0,2.4232,0.4191,2011
WV,742,2.9221,290.67,13.65246,165,75,1069,3.98,59173.8,2.509,0.4191,2011
WV,743,2.8364,291.277,13.32444,174,103,806,5.082,57843.6,2.4233,0.4191,2011
WV,744,3.868,291.886,12.77936,150,93,446,4.846,59062.0,2.3777,0.4191,2011
WV,745,3.7952,292.496,12.8907,158,66,499,5.629,59143.3,2.0502,0.4191,2011
WV,746,3.8098,293.106,12.79266,146,42,157,5.2,59095.8,2.1843,0.4191,2011
WV,747,3.8512,293.719,13.45984,125,77,581,4.467,60197.2,2.176,0.4191,2011
WV,748,4.5888,294.332,13.96386,128,193,534,4.846,59042.9,2.1063,0.4191,2011
WV,749,5.0696,294.947,13.84076,132,146,252,4.135,59994.4,2.1965,0.4191,2011
WV,750,3.9593,295.563,14.28498,172,54,1106,4.74,57919.4,2.2603,0.4191,2011
WV,751,3.8617,296.18,14.23488,173,68,717,4.947,59519.0,2.3091,0.4191,2011
WV,752,3.8145,296.799,13.86138,162,138,446,4.861,59563.8,2.3888,0.4191,2011
WV,753,3.7458,297.419,13.49544,187,45,714,4.295,59606.0,2.386,0.4191,2011
WV,754,3.7738,298.04,12.51805,145,120,1380,4.814,58960.5,2.3941,0.4191,2011
WV,755,3.7158,298.663,12.3458,160,59,1066,5.211,60540.4,2.2734,0.4191,2011
WV,756,3.2138,299.287,12.33689,125,112,1311,5.262,61368.7,2.2885,0.4191,2011
WV,757,3.2626,299.912,12.63151,150,51,754,4.827,61282.9,2.2105,0.4191,2011
WV,758,3.3152,300.538,13.20133,138,79,659,6.041,61748.9,2.3483,0.4191,2011
WV,759,3.4517,301.166,14.28268,147,26,1159,5.19,61353.0,2.1391,0.4191,2011
WV,760,3.487,301.795,14.48921,149,78,189,5.07,61596.4,2.2098,0.4191,2011
WV,761,3.4633,302.425,14.59349,171,104,517,4.769,60676.5,2.1836,0.4191,2011
WV,762,3.5968,303.057,15.02235,154,100,673,3.95,60553.8,2.3202,0.4191,2011
WV,763,3.6488,303.69,14.94171,158,156,2202,5.046,62188.3,2.502,0.4191,2011
WV,764,3.6008,304.324,14.15251,191,83,730,4.308,62690.5,2.4124,0.4191,2011
WV,765,3.5028,304.96,14.16247,175,170,1778,4.582,60522.7,2.6081,0.4191,2011
WV,766,3.4592,305.597,13.49681,182,214,413,4.929,60971.0,2.5539,0.4191,2011
WV,767,3.4248,306.235,13.00357,167,240,538,6.033,61774.5,2.3506,0.4191,2011
WV,768,3.1409,306.875,13.06575,150,38,1252,5.5,61335.5,2.2093,0.4191,2011
WV,769,3.1627,307.516,13.17042,149,72,960,5.804,60599.8,2.2845,0.4191,2011
WV,770,3.2249,308.158,13.44104,145,54,258,5.56,61943.6,2.0446,0.4191,2011
WV,771,3.3666,308.802,14.01727,144,132,172,5.499,62219.7,2.1183,0.4191,2011
WV,772,3.309,309.447,14.76955,144,302,474,5.224,61390.8,2.2821,0.4191,2011
WV,773,3.3116,310.093,15.04262,147,184,1004,5.412,61552.9,2.2983,0.4191,2011
WV,774,3.3394,310.741,14.96229,133,115,781,4.656,62349.5,2.2061,0.4191,2011
WV,775,3.3069,311.39,14.61008,168,135,1020,4.926,61775.6,2.5871,0.4191,2011
WV,776,3.3032,312.041,14.67486,175,165,553,5.157,61337.8,2.321,0.4191,2011
WV,777,3.2001,312.692,14.57369,166,87,1355,5.07,62998.3,2.5837,0.4191,2011
WV,778,3.0818,313.345,14.14092,211,188,653,4.236,62845.1,2.4214,0.4191,2011
WV,779,3.0753,314.0,13.48672,213,223,700,4.478,62999.0,2.4393,0.4191,2011
WI,540,2.1475,190.7,5.36635,90,37,225,5.303,41450.0,2.2784,0.47,2009
WI,541,2.156,191.098,5.3907,72,32,243,5.153,42634.1,2.2115,0.47,2009
WI,542,2.1948,191.497,5.65027,75,43,542,5.36,41789.0,2.1523,0.47,2009
WI,543,2.2369,191.897,5.5705,68,45,91,4.757,41582.9,2.0876,0.47,2009
WI,544,2.305,192.298,6.0078,96,13,274,5.677,41200.6,2.127,0.47,2009
WI,545,2.3289,192.7,6.13761,65,4,683,5.495,43410.1,2.1869,0.47,2009
WI,546,2.3351,193.102,6.27399,94,47,190,5.117,42270.9,2.201,0.47,2009
WI,547,2.3278,193.506,6.09972,85,52,660,5.034,43727.0,2.3244,0.47,2009
WI,548,2.3286,193.91,5.86929,101,38,516,4.809,42098.1,2.4169,0.47,2009
WI,549,2.2814,194.315,5.84135,92,52,115,4.633,42019.1,2.3541,0.47,2009
WI,550,2.2163,194.721,5.5939,96,49,453,4.782,41554.8,2.3228,0.47,2009
WI,551,2.1992,195.128,5.46829,97,38,88,4.429,43058.7,2.3615,0.47,2009
WI,552,2.4181,195.535,5.3352,105,74,375,5.055,42369.9,2.1726,0.47,2009
WI,553,2.3941,195.944,5.37338,80,32,175,4.149,43032.0,2.2699,0.47,2009
WI,554,2.5019,196.353,5.61411,88,83,267,5.485,42597.1,2.0473,0.47,2009
WI,555,2.489,196.763,5.69335,92,26,628,5.538,42863.0,2.2004,0.47,2009
WI,556,2.5676,197.174,5.8225,86,72,47,4.718,43157.9,2.2097,0.47,2009
WI,557,2.6399,197.586,6.08685,87,63,394,4.823,43313.8,2.2816,0.47,2009
WI,558,2.6282,197.999,6.30389,98,50,114,5.296,43620.4,2.2695,0.47,2009
WI,559,2.6031,198.412,6.08843,79,33,609,4.882,43220.5,2.3688,0.47,2009
WI,560,2.5741,198.827,6.04402,88,58,1020,4.818,43575.0,2.5752,0.47,2009
WI,561,2.519,199.242,5.81944,94,71,828,4.686,45076.9,2.4968,0.47,2009
WI,562,2.5232,199.658,5.84077,89,40,613,4.807,44065.7,2.3687,0.47,2009
WI,563,2.4792,200.075,5.6608,89,39,1074,4.504,43755.4,2.373,0.47,2009
WI,564,2.689,200.493,5.49474,101,35,587,4.678,42597.8,2.257,0.47,2009
WI,565,2.574,200.912,5.47075,69,12,196,5.228,43867.1,2.3557,0.47,2009
WI,566,2.6564,201.331,5.66963,73,18,314,5.104,45357.1,2.1908,0.47,2009
WI,567,2.7067,201.752,5.65449,62,81,281,5.287,43264.1,2.0714,0.47,2009
WI,568,2.8211,202.173,5.92929,68,65,980,4.99,43477.0,2.2481,0.47,2009
WI,569,2.8722,202.596,6.26403,104,29,331,4.452,44289.9,2.3438,0.47,2009
WI,570,2.8549,203.019,6.32988,80,64,1245,4.637,44032.7,2.2959,0.47,2009
WI,571,2.8311,203.443,6.07926,92,24,378,4.779,43976.8,2.382,0.47,2009
WI,572,2.8365,203.868,6.037,105,43,297,4.797,44049.9,2.4343,0.47,2009
WI,573,2.7549,204.294,5.6024,101,41,104,4.928,43928.6,2.4684,0.47,2009
WI,574,2.7382,204.72,5.70465,104,59,1036,4.591,43585.0,2.5132,0.47,2009
WI,575,2.6137,205.148,5.47478,79,22,456,4.772,43923.0,2.5421,0.47,2009
WI,576,3.046,205.576,5.28455,90,71,526,7.909,43179.8,2.4345,0.47,2009
WI,577,3.0924,206.006,5.27528,89,17,186,8.233,43115.0,2.3283,0.47,2009
WI,578,3.1442,206.436,5.25398,67,46,145,8.145,42807.0,2.2351,0.47,2009
WI,579,3.1846,206.867,5.53163,89,30,324,8.056,43641.0,2.4491,0.47,2009
WI,580,3.1937,207.299,5.77594,67,61,93,7.678,43473.0,2.3161,0.47,2009
WI,581,3.8691,207.732,5.84821,64,41,531,8.34,43932.4,2.4535,0.47,2009
WI,582,3.9965,208.166,5.91171,85,84,192,7.723,43451.9,2.4871,0.47,2009
WI,583,3.2388,208.601,5.69343,98,52,1073,7.151,45226.0,2.7313,0.47,2009
WI,584,3.2652,209.037,5.53184,79,12,385,7.973,43027.6,2.7063,0.47,2009
WI,585,3.2162,209.474,5.39064,98,42,177,7.783,44748.6,2.7808,0.47,2009
WI,586,2.1463,209.911,5.58449,110,67,433,6.763,43472.1,2.5117,0.47,2009
WI,587,1.6629,210.35,5.39548,105,46,250,7.445,43842.2,2.5089,0.47,2009
WI,588,2.169,210.789,5.55468,109,26,695,7.648,44030.3,2.4936,0.47,2009
WI,589,2.2302,211.229,5.68387,78,39,136,8.298,45074.2,2.3994,0.47,2009
WI,590,2.2824,211.67,5.71086,88,42,261,8.339,44467.6,2.4712,0.47,2009
WI,591,2.2783,212.113,6.05622,92,26,451,8.22,44257.2,2.3544,0.47,2009
WI,592,2.3081,212.556,6.13004,82,30,170,8.029,44035.3,2.2698,0.47,2009
WI,593,2.4323,213.0,6.52871,92,51,1148,8.474,44454.0,2.3408,0.47,2009
WI,594,2.455,213.444,6.68387,85,104,218,7.68,45676.5,2.4849,0.47,2009
WI,595,2.5249,213.89,6.23761,73,66,262,6.691,44817.1,2.605,0.47,2009
WI,596,2.3891,214.337,6.00606,112,65,582,7.555,44845.2,2.6671,0.47,2009
WI,597,2.3825,214.785,5.87274,123,79,137,6.896,44550.0,2.6528,0.47,2009
WI,598,2.2923,215.233,5.69116,96,81,418,7.644,44920.5,2.7859,0.47,2009
WI,599,2.2883,215.683,5.63358,92,46,192,7.383,45374.5,2.6174,0.47,2009
WI,600,2.6061,216.133,5.61609,107,61,447,8.141,45735.0,2.5332,0.47,2009
WI,601,2.612,216.585,5.74492,100,17,53,8.417,44709.4,2.3985,0.47,2009
WI,602,2.6457,217.037,5.63811,88,35,33,8.197,44911.6,2.31,0.47,2009
WI,603,2.6728,217.491,6.0978,73,37,296,7.571,44792.6,2.3116,0.47,2009
WI,604,2.8154,217.945,6.48039,75,52,295,7.575,44966.7,2.4282,0.47,2009
WI,605,2.8914,218.4,6.08033,83,41,292,7.72,46093.7,2.4303,0.47,2009
WI,606,2.9167,218.856,6.3675,100,45,537,8.202,45479.9,2.4926,0.47,2009
WI,607,2.9418,219.313,6.43398,90,33,490,7.795,46646.8,2.5765,0.47,2009
WI,608,2.8656,219.772,6.20225,100,84,216,7.749,45408.4,2.6296,0.47,2009
WI,609,2.6786,220.231,5.85488,93,73,770,7.453,47090.6,2.6285,0.47,2009
WI,610,2.6536,220.691,5.90656,100,70,583,7.181,45687.3,2.652,0.47,2009
WI,611,2.6299,221.152,5.57098,107,19,168,7.539,46894.4,2.4988,0.47,2009
WI,612,3.3214,221.614,5.59705,88,34,343,5.666,47124.3,2.3264,0.47,2009
WI,613,3.364,222.076,5.71865,76,64,432,5.245,46132.1,2.28,0.47,2009
WI,614,3.4197,222.54,5.92327,68,92,203,5.374,46904.5,2.2457,0.47,2009
WI,615,3.4699,223.005,5.82008,72,84,450,5.927,46844.0,2.2152,0.47,2009
WI,616,3.5554,223.471,6.13796,75,58,166,5.13,48117.9,2.3429,0.47,2009
WI,617,3.5538,223.938,6.10538,87,80,299,5.148,46474.5,2.235,0.47,2009
WI,618,3.5214,224.405,6.56034,71,79,317,4.869,48100.8,2.2725,0.47,2009
WI,619,3.5538,224.874,6.48353,88,51,439,4.817,47620.4,2.4456,0.47,2009
WI,620,3.4255,225.344,6.18622,88,54,444,5.645,49314.2,2.3652,0.47,2009
WI,621,3.4414,225.815,5.96083,92,121,308,4.846,48241.0,2.6557,0.47,2009
WI,622,3.3767,226.286,5.88702,85,21,71,4.941,48281.6,2.3839,0.47,2009
WI,623,3.4068,226.759,5.63268,90,48,189,4.694,47413.6,2.3904,0.47,2009
WI,624,3.5316,227.233,5.65664,74,56,189,5.291,48523.7,2.4194,0.47,2009
WI,625,3.5288,227.707,5.4537,87,10,247,4.625,48765.8,2.2193,0.47,2009
WI,626,3.4849,228.183,5.72459,65,49,201,4.504,48900.5,2.3268,0.47,2009
WI,627,3.5203,228.659,6.1581,76,14,314,4.978,47972.2,1.9496,0.47,2009
WI,628,3.5517,229.137,5.99042,81,26,175,5.457,47851.8,2.0466,0.47,2009
WI,629,3.7082,229.616,6.54735,80,50,296,4.952,48494.6,2.1177,0.47,2009
WI,630,3.6421,230.095,6.20467,92,70,296,5.133,48252.4,2.0334,0.47,2009
WI,631,3.7038,230.576,6.41669,90,38,704,4.786,48578.1,2.3577,0.47,2009
WI,632,3.7012,231.057,6.1562,90,12,690,4.969,48634.0,2.3475,0.47,2009
WI,633,3.6385,231.54,6.0532,85,29,159,4.762,47879.5,2.528,0.47,2009
WI,634,3.6335,232.024,5.88223,103,33,324,5.195,48381.2,2.4401,0.47,2009
WI,635,3.5811,232.508,5.67584,78,28,189,4.952,48370.9,2.4545,0.47,2009
WI,636,3.3953,232.994,5.72643,82,76,291,5.456,49181.0,2.3057,0.47,2009
WI,637,3.3799,233.481,5.75726,84,47,420,5.148,49989.8,2.0771,0.47,2009
WI,638,3.4361,233.968,5.86755,79,30,339,5.222,49455.8,2.1143,0.47,2009
WI,639,3.4268,234.457,6.19891,74,38,208,5.2,49065.6,2.0549,0.47,2009
WI,640,3.5609,234.947,6.60336,74,64,517,5.078,50578.6,2.237,0.47,2009
WI,641,3.53,235.438,6.23527,88,42,635,5.308,48764.3,2.3163,0.47,2009
WI,642,3.5579,235.929,6.65397,81,76,101,4.546,48991.2,2.4713,0.47,2009
WI,643,3.5788,236.422,6.6448,85,120,175,4.728,51561.6,2.3577,0.47,2009
WI,644,3.5401,236.916,6.37474,83,26,366,4.498,49545.8,2.4658,0.47,2009
WI,645,3.4845,237.411,6.3672,89,114,288,4.894,50933.6,2.4576,0.47,2009
WI,646,3.3836,237.907,5.97377,117,50,233,4.881,50893.7,2.459,0.47,2009
WI,647,3.3712,238.404,5.97561,83,89,144,4.938,50490.4,2.3783,0.47,2009
WI,648,3.2536,238.902,6.18677,90,73,124,5.296,50553.0,2.3935,0.47,2009
WI,649,3.2453,239.401,5.86127,81,58,260,4.591,49674.5,2.2319,0.47,2009
WI,650,3.2773,239.901,6.23589,82,76,241,5.66,50672.1,2.1977,0.47,2009
WI,651,3.3917,240.402,6.18879,77,26,651,5.606,51145.0,2.2334,0.47,2009
WI,652,3.3982,240.904,6.51187,78,40,481,5.425,50540.2,2.3503,0.47,2009
WI,653,3.6012,241.407,6.7173,81,70,266,4.817,50210.6,2.1512,0.47,2009
WI,654,3.3804,241.911,6.86974,93,42,170,5.932,50465.3,2.4002,0.47,2009
WI,655,3.4028,242.417,6.79726,97,54,156,4.656,50623.8,2.3593,0.47,2009
WI,656,3.3868,242.923,6.41213,89,53,179,5.355,50619.4,2.4114,0.47,2009
WI,657,3.3437,243.43,6.48094,109,17,480,5.084,50926.6,2.409,0.47,2009
WI,658,3.2939,243.939,6.06314,84,34,577,4.945,51288.8,2.4731,0.47,2009
WI,659,3.2093,244.448,6.25584,81,21,438,4.493,50832.3,2.3949,0.47,2009
WI,660,2.0354,244.959,6.20605,101,72,556,5.003,51147.2,2.1605,0.47,2009
WI,661,2.2963,245.471,6.35593,80,11,667,5.181,50985.7,2.1915,0.47,2009
WI,662,2.3839,245.983,6.69762,71,33,445,4.886,51868.9,2.0673,0.47,2009
WI,663,2.4332,246.497,6.91681,89,14,268,5.59,52573.1,1.9772,0.47,2009
WI,664,2.5079,247.012,7.18446,86,33,596,5.84,52370.5,2.2356,0.47,2009
WI,665,2.5535,247.528,7.10652,85,44,117,5.058,51657.8,2.2608,0.47,2009
WI,666,2.5909,248.045,7.24904,95,73,340,5.16,50298.2,2.3609,0.47,2009
WI,667,2.5531,248.563,7.1066,100,76,691,4.695,51015.5,2.1864,0.47,2009
WI,668,2.431,249.082,7.15782,108,72,234,4.993,51606.8,2.5158,0.47,2009
WI,669,2.3722,249.603,6.99207,95,85,576,5.095,51671.9,2.4997,0.47,2009
WI,670,2.3002,250.124,6.77746,104,86,545,4.469,52493.8,2.3809,0.47,2009
WI,671,2.3136,250.646,6.63328,73,82,323,4.631,53024.3,2.265,0.47,2009
WI,672,1.9743,251.17,6.62826,90,54,520,5.479,51927.3,2.2796,0.47,2009
WI,673,2.0434,251.694,6.63989,98,37,50,5.07,52361.6,2.2611,0.47,2009
WI,674,2.0796,252.22,6.73204,103,47,131,5.807,53064.9,2.2144,0.47,2009
WI,675,2.0795,252.747,6.97622,90,60,697,5.619,53063.2,1.9859,0.47,2009
WI,676,2.1744,253.275,7.70902,81,35,556,4.937,51771.5,2.1538,0.47,2009
WI,677,2.2169,253.804,7.54139,63,21,525,5.172,53227.6,2.3474,0.47,2009
WI,678,2.232,254.334,8.1832,109,62,727,5.31,52808.1,2.3549,0.47,2009
WI,679,2.2038,254.865,7.49598,91,51,1146,4.942,52562.6,2.4452,0.47,2009
WI,680,2.156,255.398,7.3967,88,34,548,5.456,52943.5,2.6131,0.47,2009
WI,681,2.1139,255.931,7.14248,98,37,568,4.87,52520.7,2.3701,0.47,2009
WI,682,2.0218,256.466,7.11348,107,91,251,4.766,53057.1,2.5308,0.47,2009
WI,683,2.034,257.001,6.76828,105,26,206,4.668,53571.0,2.3017,0.47,2009
WI,684,2.3321,257.538,6.78239,96,122,329,4.947,53662.2,2.0216,0.47,2009
WI,685,2.3085,258.076,7.00377,71,55,292,5.113,54511.4,2.1977,0.47,2009
WI,686,2.3434,258.615,6.91036,76,35,360,4.948,53780.8,2.2511,0.47,2009
WI,687,2.3538,259.155,7.11809,102,30,343,5.81,54594.1,2.2894,0.47,2009
WI,688,2.4332,259.697,7.44149,88,36,787,5.077,53534.4,2.2488,0.47,2009
WI,689,2.471,260.239,7.87074,90,63,233,5.225,53821.2,2.2044,0.47,2009
WI,690,2.4442,260.783,7.66602,95,46,375,5.297,54792.6,2.343,0.47,2009
WI,691,2.5024,261.327,7.72769,93,19,619,5.123,55282.0,2.4353,0.47,2009
WI,692,2.4191,261.873,7.47513,128,50,514,4.599,54809.8,2.309,0.47,2009
WI,693,2.3185,262.42,7.07183,98,25,1627,4.836,55067.7,2.3563,0.47,2009
WI,694,2.2683,262.968,6.93836,109,112,1000,4.92,53001.7,2.4533,0.47,2009
WI,695,2.222,263.518,6.83222,103,79,380,4.835,54492.3,2.5119,0.47,2009
WI,696,2.523,264.068,6.88576,92,73,71,4.218,54223.0,2.4321,0.47,2009
WI,697,2.6014,264.62,6.73509,85,92,440,5.366,54925.8,2.2263,0.47,2009
WI,698,2.5633,265.172,7.03861,69,44,283,6.086,54673.2,2.0966,0.47,2009
WI,699,2.6226,265.726,7.27365,92,47,334,5.255,55064.8,2.315,0.47,2009
WI,700,2.6537,266.281,7.41169,85,68,509,5.444,55389.1,2.1603,0.47,2009
WI,701,2.7247,266.838,7.41018,88,36,131,5.555,55348.2,2.2163,0.47,2009
WI,702,2.7743,267.395,7.84166,88,127,333,5.019,55292.7,2.2929,0.47,2009
WI,703,2.8299,267.953,7.70142,97,73,464,4.993,55610.5,2.4391,0.47,2009
WI,704,2.7759,268.513,7.24441,76,78,682,4.741,55397.5,2.4251,0.47,2009
WI,705,2.7097,269.074,7.40078,76,55,670,4.732,55371.0,2.5721,0.47,2009
WI,706,2.6418,269.636,6.71503,95,67,743,4.374,56226.2,2.3852,0.47,2009
WI,707,2.6345,270.199,6.78896,87,44,377,5.069,54903.5,2.3076,0.47,2009
WI,708,2.4179,270.764,6.81486,89,25,703,5.031,55658.8,2.4156,0.47,2009
WI,709,2.5121,271.329,7.11019,77,27,376,5.242,56328.3,1.9704,0.47,2009
WI,710,2.5575,271.896,7.1975,86,47,440,4.714,55426.8,2.179,0.47,2009
WI,711,2.5771,272.464,7.44762,75,15,371,5.443,56833.8,2.271,0.47,2009
WI,712,2.6687,273.033,7.54591,91,71,577,4.747,56691.9,2.2276,0.47,2009
WI,713,2.6848,273.603,8.02336,86,61,298,4.745,56084.1,2.2546,0.47,2009
WI,714,2.7089,274.175,7.75777,88,29,506,5.213,55392.9,2.4814,0.47,2009
WI,715,2.7053,274.747,7.88769,90,90,402,4.56,55616.9,2.3265,0.47,2009
WI,716,2.6706,275.321,7.49219,84,51,1426,4.241,56525.3,2.5487,0.47,2009
WI,717,2.5754,275.896,7.33123,100,27,624,4.346,57339.5,2.3643,0.47,2009
WI,718,2.4935,276.473,7.15542,101,121,714,4.57,56293.0,2.4111,0.47,2009
WI,719,2.482,277.05,7.02095,109,75,466,4.72,55502.6,2.2985,0.47,2009
WI,720,2.0168,277.629,6.71057,94,93,360,9.419,55754.3,2.367,0.47,2009
WI,721,2.0231,278.209,6.84091,96,43,320,9.652,57396.9,2.275,0.47,2009
WI,722,2.0281,278.79,6.05575,76,56,659,9.632,55138.7,2.0376,0.47,2009
WI,723,1.7997,279.372,4.77788,93,18,271,9.317,56889.6,2.1808,0.47,2009
WI,724,1.8422,279.956,5.85217,106,45,221,9.891,56230.9,2.1117,0.47,2009
WI,725,2.1917,280.54,6.87796,112,75,497,9.843,56036.0,2.1899,0.47,2009
WI,726,2.2613,281.126,7.08623,99,29,587,10.812,58674.7,2.4387,0.47,2009
WI,727,2.2203,281.714,8.1194,80,81,353,8.802,56427.0,2.3498,0.47,2009
WI,728,2.1275,282.302,7.63433,111,48,896,9.614,57042.2,2.4457,0.47,2009
WI,729,2.0648,282.892,7.38222,111,52,510,9.643,57299.9,2.395,0.47,2009
WI,730,2.0419,283.483,7.55327,102,32,500,9.0,57446.3,2.405,0.47,2009
WI,731,1.997,284.075,7.34076,96,11,664,9.347,57934.9,2.3296,0.47,2009
WI,732,2.7417,284.668,7.44722,68,85,342,4.441,58261.6,2.288,0.47,2009
WI,733,2.8403,285.263,7.31736,91,49,281,4.859,58124.4,2.3396,0.47,2009
WI,734,2.9284,285.859,7.45949,79,61,339,4.874,57934.0,2.3168,0.47,2009
WI,735,2.9888,286.456,7.3151,84,79,591,5.208,58585.4,2.2902,0.47,2009
WI,736,3.1009,287.054,7.7505,62,111,910,5.194,59621.0,2.2303,0.47,2009
WI,737,3.1151,287.654,7.78672,92,42,547,5.197,57639.1,2.281,0.47,2009
WI,738,3.1007,288.254,7.97326,96,53,875,4.91,58543.6,2.2824,0.47,2009
WI,739,3.0425,288.856,7.73702,78,46,394,5.194,57263.7,2.4524,0.47,2009
WI,740,2.9981,289.46,7.67414,92,85,139,4.564,59302.8,2.4457,0.47,2009
WI,741,2.94,290.064,7.16,87,22,1023,5.295,59137.5,2.3059,0.47,2009
WI,742,2.9051,290.67,7.3208,97,58,591,5.336,58518.4,2.5058,0.47,2009
WI,743,2.8162,291.277,6.93215,88,35,299,5.187,57902.1,2.4061,0.47,2009
WI,744,3.7566,291.886,6.88297,72,135,881,5.05,59223.2,2.3625,0.47,2009
WI,745,3.8355,292.496,6.89776,73,58,294,4.881,60179.6,2.2929,0.47,2009
WI,746,3.8109,293.106,6.92503,71,111,734,4.618,58364.2,2.1443,0.47,2009
WI,747,3.897,293.719,7.20168,73,77,271,5.124,58797.7,2.2393,0.47,2009
WI,748,4.4336,294.332,7.37764,69,46,268,5.054,58750.8,2.1765,0.47,2009
WI,749,4.8402,294.947,7.71015,74,101,75,4.849,60622.0,2.2828,0.47,2009
WI,750,3.8957,295.563,7.62834,89,47,713,5.368,59931.1,2.2564,0.47,2009
WI,751,3.9693,296.18,7.50472,96,30,432,4.846,59353.6,2.3684,0.47,2009
WI,752,3.9675,296.799,7.29795,102,28,42,4.926,60070.5,2.2744,0.47,2009
WI,753,3.7616,297.419,7.25581,107,73,649,4.716,59549.5,2.4968,0.47,2009
WI,754,3.8016,298.04,7.07527,95,74,118,4.32,59876.3,2.406,0.47,2009
WI,755,3.7308,298.663,6.73414,76,55,276,4.82,59666.1,2.4386,0.47,2009
WI,756,3.2262,299.287,6.58709,74,13,294,5.233,59331.5,2.374,0.47,2009
WI,757,3.1701,299.912,7.02272,96,51,88,5.293,59478.0,2.1819,0.47,2009
WI,758,3.3207,300.538,7.09412,84,72,712,5.473,59400.1,2.1173,0.47,2009
WI,759,3.451,301.166,7.3266,81,51,352,5.506,59959.8,2.1353,0.47,2009
WI,760,3.4537,301.795,7.688,77,34,232,5.006,59478.8,2.2373,0.47,2009
WI,761,3.5008,302.425,8.13633,71,54,235,5.356,61409.2,2.1775,0.47,2009
WI,762,3.6117,303.057,8.04276,76,44,261,4.917,60713.4,2.3109,0.47,2009
WI,763,3.6097,303.69,8.08601,85,129,460,4.788,60900.8,2.3309,0.47,2009
WI,764,3.5245,304.324,7.66769,95,115,409,4.651,60411.6,2.4522,0.47,2009
WI,765,3.4224,304.96,7.37305,91,63,304,5.464,60104.0,2.6007,0.47,2009
WI,766,3.3414,305.597,7.3944,103,118,560,4.931,61080.9,2.3717,0.47,2009
WI,767,3.3894,306.235,7.00775,97,52,673,4.912,61512.3,2.4711,0.47,2009
WI,768,3.1272,306.875,7.10109,73,77,382,5.438,62385.5,2.3334,0.47,2009
WI,769,3.1665,307.516,7.23553,83,46,1107,5.349,60900.4,2.2028,0.47,2009
WI,770,3.1908,308.158,7.25957,88,134,408,5.389,62393.7,2.3201,0.47,2009
WI,771,3.278,308.802,7.42315,94,67,190,5.918,61044.6,1.9984,0.47,2009
WI,772,3.3755,309.447,7.84242,97,22,125,4.525,61850.6,2.1215,0.47,2009
WI,773,3.409,310.093,8.16741,74,62,321,4.656,62095.7,2.21,0.47,2009
WI,774,3.3367,310.741,8.32286,82,79,225,5.451,64652.7,2.2321,0.47,2009
WI,775,3.3149,311.39,8.04368,105,43,406,3.989,63082.9,2.3276,0.47,2009
WI,776,3.3839,312.041,8.27724,119,102,378,4.813,62482.8,2.3613,0.47,2009
WI,777,3.2862,312.692,7.61587,91,35,250,4.541,62842.9,2.3716,0.47,2009
WI,778,3.1917,313.345,7.46529,95,14,808,4.134,62358.2,2.3637,0.47,2009
WI,779,3.088,314.0,7.50258,103,80,398,4.561,61693.4,2.2475,0.47,2009
WY,540,2.3822,190.7,1.96681,30,12,74,4.584,42156.4,2.3684,0.7877,2007
WY,541,2.419,191.098,1.93655,32,22,52,5.295,41963.0,2.2823,0.7877,2007
WY,542,2.4843,191.497,2.00899,36,2,87,4.749,42953.9,2.1309,0.7877,2007
WY,543,2.5465,191.897,2.08866,35,31,109,5.24,42627.5,2.0894,0.7877,2007
WY,544,2.6309,192.298,2.2271,35,22,282,5.432,43131.5,2.2305,0.7877,2007
WY,545,2.6721,192.7,2.17838,34,19,55,4.534,43066.9,2.103,0.7877,2007
WY,546,2.6992,193.102,2.25195,24,33,22,4.82,42480.5,2.2244,0.7877,2007
WY,547,2.6036,193.506,2.24736,28,46,29,4.934,43033.1,2.3265,0.7877,2007
WY,548,2.4971,193.91,2.21528,36,17,328,5.039,43388.8,2.4921,0.7877,2007
WY,549,2.516,194.315,2.12252,36,5,169,4.444,43157.9,2.5022,0.7877,2007
WY,550,2.449,194.721,2.08538,37,5,138,4.625,42383.3,2.3714,0.7877,2007
WY,551,2.3166,195.128,1.98402,39,6,151,4.558,43048.7,2.5033,0.7877,2007
WY,552,2.7541,195.535,1.9756,43,39,147,4.843,43306.1,2.3465,0.7877,2007
WY,553,2.7676,195.944,2.01575,34,29,97,5.249,43429.9,2.2702,0.7877,2007
WY,554,2.8247,196.353,2.0496,28,15,32,4.54,43475.4,2.2504,0.7877,2007
WY,555,2.9317,196.763,2.16158,21,1,18,5.126,43152.3,2.1052,0.7877,2007
WY,556,2.9388,197.174,2.23656,29,16,198,4.504,43193.3,2.1633,0.7877,2007
WY,557,3.0239,197.586,2.23398,43,25,80,5.613,43190.3,2.2472,0.7877,2007
WY,558,3.0595,197.999,2.1626,38,28,99,5.531,43242.6,2.241,0.7877,2007
WY,559,3.0066,198.412,2.27628,23,5,265,4.679,43769.9,2.4063,0.7877,2007
WY,560,2.9311,198.827,2.33464,35,20,203,4.002,44003.2,2.3954,0.7877,2007
WY,561,2.7903,199.242,2.09601,49,6,110,4.846,43277.4,2.4336,0.7877,2007
WY,562,2.7286,199.658,2.03704,45,36,121,4.849,42687.2,2.4071,0.7877,2007
WY,563,2.7102,200.075,1.99739,39,20,143,5.231,43592.5,2.3197,0.7877,2007
WY,564,2.9147,200.493,1.98127,30,11,243,4.476,43267.1,2.4552,0.7877,2007
WY,565,2.9684,200.912,1.98678,33,4,124,5.329,43291.2,2.3503,0.7877,2007
WY,566,3.0472,201.331,2.13082,28,16,125,4.798,44111.8,2.2451,0.7877,2007
WY,567,2.9892,201.752,2.04206,40,21,155,5.928,43749.4,2.195,0.7877,2007
WY,568,3.041,202.173,2.26998,28,31,234,5.144,44536.8,2.1833,0.7877,2007
WY,569,3.0828,202.596,2.19184,34,42,129,4.443,43772.3,1.9843,0.7877,2007
WY,570,3.1685,203.019,2.26382,34,19,192,5.151,44693.0,2.3403,0.7877,2007
WY,571,3.1187,203.443,2.31481,41,28,140,4.344,43364.5,2.436,0.7877,2007
WY,572,3.1461,203.868,2.16812,33,1,101,4.369,44729.2,2.3326,0.7877,2007
WY,573,3.0214,204.294,2.2047,35,33,191,4.327,44541.9,2.4361,0.7877,2007
WY,574,2.9801,204.72,2.10364,34,16,169,5.378,44772.5,2.4461,0.7877,2007
WY,575,2.923,205.148,1.95425,30,9,72,4.898,44051.4,2.4163,0.7877,2007
WY,576,3.4137,205.576,1.8853,31,12,122,7.261,43991.7,2.4385,0.7877,2007
WY,577,3.3808,206.006,1.85022,31,9,150,8.22,43009.0,2.4347,0.7877,2007
WY,578,3.4885,206.436,1.94428,40,11,136,7.705,42828.4,2.3255,0.7877,2007
WY,579,3.4908,206.867,2.00556,31,8,96,8.207,43382.9,2.3419,0.7877,2007
WY,580,3.6373,207.299,2.16796,28,15,96,8.406,44576.6,2.3723,0.7877,2007
WY,581,4.4369,207.732,2.1802,28,25,139,8.338,44138.4,2.3989,0.7877,2007
WY,582,4.4713,208.166,2.0919,20,14,122,7.61,44636.8,2.4829,0.7877,2007
WY,583,3.6645,208.601,2.14842,31,29,65,7.764,44379.0,2.6134,0.7877,2007
WY,584,3.6422,209.037,2.10544,38,10,111,7.364,43893.0,2.5567,0.7877,2007
WY,585,3.5353,209.474,2.05817,26,20,59,7.056,43304.2,2.5828,0.7877,2007
WY,586,2.3526,209.911,2.08172,30,16,97,7.444,44979.0,2.5699,0.7877,2007
WY,587,1.8561,210.35,2.01754,47,16,170,7.118,43841.2,2.4748,0.7877,2007
WY,588,2.4986,210.789,2.04344,39,10,42,7.193,44120.9,2.419,0.7877,2007
WY,589,2.4309,211.229,2.00003,36,21,130,8.474,44347.6,2.3908,0.7877,2007
WY,590,2.4892,211.67,2.12134,32,16,127,8.654,43451.0,2.3852,0.7877,2007
WY,591,2.5609,212.113,2.13292,34,8,63,8.032,44180.0,2.3861,0.7877,2007
WY,592,2.6027,212.556,2.28934,32,27,285,7.579,44735.6,2.2793,0.7877,2007
WY,593,2.6594,213.0,2.2728,34,26,87,8.525,45009.8,2.3628,0.7877,2007
WY,594,2.6631,213.444,2.36059,43,21,133,7.074,43900.3,2.4015,0.7877,2007
WY,595,2.6962,213.89,2.28357,39,34,86,7.925,44815.3,2.617,0.7877,2007
WY,596,2.6216,214.337,2.30393,29,24,369,8.048,45226.0,2.5751,0.7877,2007
WY,597,2.4729,214.785,2.21963,33,18,227,7.884,45227.7,2.5797,0.7877,2007
WY,598,2.422,215.233,2.22189,46,14,37,7.192,44799.8,2.5564,0.7877,2007
WY,599,2.4208,215.683,2.14515,45,49,268,7.72,45294.5,2.6059,0.7877,2007
WY,600,2.925,216.133,2.05802,26,17,124,7.495,44884.2,2.6227,0.7877,2007
WY,601,2.8826,216.585,2.06586,22,43,34,8.087,45056.6,2.5065,0.7877,2007
WY,602,2.931,217.037,2.06231,33,8,68,7.962,45094.5,2.4195,0.7877,2007
WY,603,2.972,217.491,2.10954,34,21,52,8.097,45493.3,2.4447,0.7877,2007
WY,604,3.051,217.945,2.14886,23,8,240,8.531,45172.3,2.303,0.7877,2007
WY,605,3.1107,218.4,2.27292,42,30,446,8.403,44458.7,2.4929,0.7877,2007
WY,606,3.2229,218.856,2.27106,36,27,115,7.918,45620.8,2.5724,0.7877,2007
WY,607,3.2624,219.313,2.25582,38,18,190,7.522,45745.8,2.5948,0.7877,2007
WY,608,3.1988,219.772,2.16404,43,13,40,6.739,46679.9,2.6739,0.7877,2007
WY,609,3.2045,220.231,2.1365,40,25,132,7.553,45920.3,2.6796,0.7877,2007
WY,610,2.9636,220.691,2.07327,38,30,138,7.402,47446.2,2.7033,0.7877,2007
WY,611,2.8977,221.152,2.04047,32,25,210,7.938,46600.2,2.5735,0.7877,2007
WY,612,3.7068,221.614,2.07031,38,19,70,4.639,46513.3,2.248,0.7877,2007
WY,613,3.8716,222.076,2.08615,31,22,119,5.083,46182.2,2.3219,0.7877,2007
WY,614,3.8605,222.54,2.09942,26,12,38,4.412,47826.4,2.232,0.7877,2007
WY,615,3.7772,223.005,2.17821,26,9,147,4.626,47737.6,2.015,0.7877,2007
WY,616,3.9243,223.471,2.3733,29,9,142,5.112,47863.7,2.2141,0.7877,2007
WY,617,3.9467,223.938,2.21237,25,8,272,5.54,46921.1,2.3557,0.7877,2007
WY,618,3.9908,224.405,2.34374,32,26,43,5.486,47540.3,2.2531,0.7877,2007
WY,619,4.0045,224.874,2.25132,33,19,142,4.98,47306.3,2.4966,0.7877,2007
WY,620,3.9436,225.344,2.28404,36,39,61,3.907,47608.5,2.4158,0.7877,2007
WY,621,3.8793,225.815,2.26634,37,9,45,4.257,47323.1,2.3121,0.7877,2007
WY,622,3.747,226.286,2.12211,38,54,245,5.237,48389.2,2.3714,0.7877,2007
WY,623,3.6554,226.759,2.08799,36,23,238,4.223,47768.8,2.3711,0.7877,2007
WY,624,3.8469,227.233,2.0782,29,14,189,4.917,48820.6,2.2801,0.7877,2007
WY,625,3.8983,227.707,2.12401,32,21,77,4.74,47699.2,2.1133,0.7877,2007
WY,626,3.9509,228.183,2.09629,28,12,279,5.231,49341.1,2.1862,0.7877,2007
WY,627,4.0329,228.659,2.23179,34,2,77,5.519,48704.5,2.2283,0.7877,2007
WY,628,4.0625,229.137,2.25308,26,9,45,5.37,49090.3,2.1421,0.7877,2007
WY,629,4.1482,229.616,2.38785,35,20,20,5.122,48549.5,2.2279,0.7877,2007
WY,630,4.1086,230.095,2.45045,39,20,87,4.911,49511.0,2.3088,0.7877,2007
WY,631,3.9263,230.576,2.38487,37,12,559,4.788,49495.7,2.3851,0.7877,2007
WY,632,4.0114,231.057,2.38237,39,17,215,4.686,50290.2,2.268,0.7877,2007
WY,633,3.9129,231.54,2.14914,36,7,269,5.455,49260.9,2.5077,0.7877,2007
WY,634,3.994,232.024,2.19378,34,15,19,4.032,49121.4,2.4703,0.7877,2007
WY,635,3.9482,232.508,2.09481,33,20,72,4.917,49963.2,2.471,0.7877,2007
WY,636,3.7478,232.994,2.0872,33,5,178,5.08,49671.5,2.4029,0.7877,2007
WY,637,3.7481,233.481,2.12666,30,22,53,4.575,48873.4,2.2783,0.7877,2007
WY,638,3.8203,233.968,2.18446,48,30,52,5.596,50258.5,2.1535,0.7877,2007
WY,639,3.8945,234.457,2.19578,32,22,147,5.162,50725.6,2.3494,0.7877,2007
WY,640,3.985,234.947,2.30137,23,5,89,5.449,49519.3,2.2188,0.7877,2007
WY,641,3.9174,235.438,2.38619,36,10,278,5.268,49159.3,2.1921,0.7877,2007
WY,642,3.8924,235.929,2.41733,20,26,436,4.997,49350.4,2.2223,0.7877,2007
WY,643,4.0089,236.422,2.38478,45,13,188,4.963,49734.4,2.2155,0.7877,2007
WY,644,3.819,236.916,2.41272,32,34,220,4.298,50113.9,2.3779,0.7877,2007
WY,645,3.9907,237.411,2.30159,30,16,164,4.648,49806.2,2.4135,0.7877,2007
WY,646,3.8906,237.907,2.2077,43,35,175,4.908,50722.1,2.3991,0.7877,2007
WY,647,3.8159,238.404,2.22125,32,21,198,5.053,50260.4,2.4722,0.7877,2007
WY,648,3.5887,238.902,2.138,45,26,34,5.308,49851.5,2.3739,0.7877,2007
WY,649,3.5873,239.401,2.16223,23,19,124,4.971,50538.2,2.2143,0.7877,2007
WY,650,3.6098,239.901,2.29018,36,11,45,4.622,50352.3,2.2192,0.7877,2007
WY,651,3.6876,240.402,2.23366,41,8,24,5.361,49521.5,2.1694,0.7877,2007
WY,652,3.6985,240.904,2.43233,32,18,66,5.271,50942.6,2.2035,0.7877,2007
WY,653,4.0573,241.407,2.45345,33,27,24,4.854,51271.0,2.2407,0.7877,2007
WY,654,3.7231,241.911,2.47183,36,19,168,4.981,50771.2,2.1905,0.7877,2007
WY,655,3.7674,242.417,2.4445,42,12,104,4.24,51158.4,2.445,0.7877,2007
WY,656,3.7045,242.923,2.35467,39,17,222,5.222,50731.2,2.3995,0.7877,2007
WY,657,3.6841,243.43,2.40764,46,20,123,4.29,51714.2,2.4426,0.7877,2007
WY,658,3.6172,243.939,2.20652,31,23,58,4.817,52258.9,2.4673,0.7877,2007
WY,659,3.5899,244.448,2.24211,30,22,21,5.522,51474.8,2.2344,0.7877,2007
WY,660,2.2923,244.959,2.31359,31,8,185,5.294,50198.0,2.3915,0.7877,2007
WY,661,2.5477,245.471,2.31972,43,11,190,6.231,51474.7,2.2643,0.7877,2007
WY,662,2.6211,245.983,2.42096,33,13,99,5.293,51890.2,2.1111,0.7877,2007
WY,663,2.6691,246.497,2.52447,36,11,149,4.83,52091.1,2.1729,0.7877,2007
WY,664,2.6826,247.012,2.5683,28,13,120,5.87,50694.6,2.1089,0.7877,2007
WY,665,2.7463,247.528,2.66601,36,9,47,4.883,51793.9,2.4037,0.7877,2007
WY,666,2.7786,248.045,2.66706,32,24,146,4.962,52815.4,2.2726,0.7877,2007
WY,667,2.7486,248.563,2.7019,40,17,448,5.268,51978.5,2.31,0.7877,2007
WY,668,2.7394,249.082,2.67205,31,11,169,4.58,51868.5,2.4543,0.7877,2007
WY,669,2.6834,249.603,2.42468,36,25,190,4.389,51981.3,2.5864,0.7877,2007
WY,670,2.7119,250.124,2.46936,42,27,111,5.268,52029.6,2.32,0.7877,2007
WY,671,2.6146,250.646,2.37292,50,17,157,4.795,52145.7,2.3798,0.7877,2007
WY,672,2.2079,251.17,2.35124,28,3,60,5.181,51902.8,2.38,0.7877,2007
WY,673,2.1992,251.694,2.4382,34,3,211,5.525,51944.8,2.4294,0.7877,2007
WY,674,2.2485,252.22,2.6501,32,17,53,4.457,52448.2,2.2688,0.7877,2007
WY,675,2.2707,252.747,2.55076,27,5,57,4.862,52960.8,2.2486,0.7877,2007
WY,676,2.3871,253.275,2.76886,35,20,99,5.346,52020.4,2.2536,0.7877,2007
WY,677,2.4029,253.804,2.79621,31,33,197,4.317,51791.3,2.2173,0.7877,2007
WY,678,2.4286,254.334,2.73683,36,20,307,5.734,53444.6,2.3166,0.7877,2007
WY,679,2.4324,254.865,2.70118,33,28,304,5.224,51521.5,2.4262,0.7877,2007
WY,680,2.3994,255.398,2.70976,51,18,244,4.746,53688.0,2.5232,0.7877,2007
WY,681,2.3523,255.931,2.62252,29,21,321,4.464,53288.3,2.3982,0.7877,2007
WY,682,2.2452,256.466,2.64532,34,11,269,4.543,53922.1,2.5405,0.7877,2007
WY,683,2.201,257.001,2.53647,30,28,111,4.431,52243.8,2.3773,0.7877,2007
WY,684,2.4969,257.538,2.4381,30,18,64,4.685,53186.9,2.3552,0.7877,2007
WY,685,2.5093,258.076,2.56269,31,34,185,5.139,54482.5,2.2575,0.7877,2007
WY,686,2.5778,258.615,2.46013,24,11,120,6.198,54082.9,2.1205,0.7877,2007
WY,687,2.6404,259.155,2.57977,19,29,53,5.429,53278.0,2.1373,0.7877,2007
WY,688,2.7477,259.697,2.77411,27,28,161,4.942,54104.3,2.1976,0.7877,2007
WY,689,2.7547,260.239,2.80272,37,29,43,4.983,54549.4,2.0781,0.7877,2007
WY,690,2.744,260.783,2.79657,31,19,95,4.664,54634.4,2.2732,0.7877,2007
WY,691,2.7623,261.327,2.72604,26,15,114,4.857,53480.1,2.3709,0.7877,2007
WY,692,2.6569,261.873,2.69299,32,18,84,5.784,54910.7,2.3529,0.7877,2007
WY,693,2.642,262.42,2.61422,34,14,195,4.563,53757.8,2.3962,0.7877,2007
WY,694,2.5558,262.968,2.52245,30,22,123,4.525,54317.9,2.4442,0.7877,2007
WY,695,2.4856,263.518,2.45962,35,4,269,4.6,53882.2,2.386,0.7877,2007
WY,696,2.7562,264.068,2.51952,30,22,149,4.661,54922.3,2.3235,0.7877,2007
WY,697,2.8668,264.62,2.39416,30,14,162,5.803,54313.0,2.0601,0.7877,2007
WY,698,3.0198,265.172,2.4532,31,17,107,5.626,53840.7,2.2731,0.7877,2007
WY,699,3.1278,265.726,2.48092,25,49,15,5.24,55046.1,2.1641,0.7877,2007
WY,700,3.0707,266.281,2.72951,28,6,65,5.583,54828.3,2.1455,0.7877,2007
WY,701,3.0658,266.838,2.73546,29,20,94,5.057,56353.0,2.3504,0.7877,2007
WY,702,3.073,267.395,2.83964,35,28,98,4.474,55041.2,2.3634,0.7877,2007
WY,703,3.0761,267.953,2.77808,29,13,108,4.398,56681.8,2.2851,0.7877,2007
WY,704,3.0604,268.513,2.7347,29,23,534,4.652,55575.7,2.3738,0.7877,2007
WY,705,3.0249,269.074,2.69518,43,33,299,3.816,55474.8,2.4075,0.7877,2007
WY,706,2.9829,269.636,2.51199,49,13,42,4.489,54606.2,2.3327,0.7877,2007
WY,707,2.9073,270.199,2.5252,18,27,82,5.566,54546.3,2.2888,0.7877,2007
WY,708,2.7452,270.764,2.42534,22,8,78,4.71,55362.7,2.294,0.7877,2007
WY,709,2.7024,271.329,2.42837,32,14,82,5.645,54342.0,2.1709,0.7877,2007
WY,710,2.7096,271.896,2.62522,35,33,124,5.326,55163.9,2.1435,0.7877,2007
WY,711,2.8893,272.464,2.73491,27,21,191,5.273,57140.6,2.1103,0.7877,2007
WY,712,2.8605,273.033,2.82495,30,11,46,5.02,56083.4,2.0565,0.7877,2007
WY,713,2.9666,273.603,2.85438,36,26,67,5.572,56335.7,2.2391,0.7877,2007
WY,714,3.0228,274.175,2.88374,32,42,110,4.96,57216.4,2.3445,0.7877,2007
WY,715,2.9397,274.747,2.76451,42,53,165,4.933,55438.8,2.349,0.7877,2007
WY,716,2.9008,275.321,2.78853,30,41,155,4.88,55873.0,2.485,0.7877,2007
WY,717,2.8597,275.896,2.78902,24,4,161,4.572,57214.6,2.5166,0.7877,2007
WY,718,2.7245,276.473,2.58998,36,18,256,4.933,56308.4,2.4034,0.7877,2007
WY,719,2.6709,277.05,2.60457,32,24,217,4.628,56519.4,2.3212,0.7877,2007
WY,720,2.196,277.629,2.41646,28,9,154,9.422,56825.3,2.3951,0.7877,2007
WY,721,2.1821,278.209,2.52475,28,28,234,9.606,56735.2,2.1645,0.7877,2007
WY,722,2.2409,278.79,2.22272,33,29,145,9.292,54603.8,2.112,0.7877,2007
WY,723,1.9653,279.372,1.83247,29,11,115,10.23,56579.6,2.1499,0.7877,2007
WY,724,2.0338,279.956,2.23118,28,6,52,9.12,57517.1,2.2078,0.7877,2007
WY,725,2.4637,280.54,2.57984,29,17,96,9.678,57498.3,2.3796,0.7877,2007
WY,726,2.5949,281.126,2.60651,33,18,329,9.671,57378.4,2.2612,0.7877,2007
WY,727,2.5525,281.714,2.83011,31,26,66,9.71,56774.9,2.3637,0.7877,2007
WY,728,2.5395,282.302,2.76459,28,18,89,9.018,57092.1,2.4401,0.7877,2007
WY,729,2.3562,282.892,2.80723,35,22,151,8.807,57296.2,2.4568,0.7877,2007
WY,730,2.2775,283.483,2.5953,36,51,185,9.663,57853.3,2.2431,0.7877,2007
WY,731,2.2655,284.075,2.58789,35,17,333,8.639,57566.8,2.4014,0.7877,2007
WY,732,3.2539,284.668,2.72311,33,19,265,4.463,58221.6,2.1623,0.7877,2007
WY,733,3.1875,285.263,2.58625,38,17,41,5.166,57667.9,2.1543,0.7877,2007
WY,734,3.2482,285.859,2.74921,23,15,70,5.072,57605.5,2.064,0.7877,2007
WY,735,3.2735,286.456,2.73811,36,36,50,4.86,58253.5,2.0216,0.7877,2007
WY,736,3.3901,287.054,2.9282,30,28,134,4.673,59527.8,2.2864,0.7877,2007
WY,737,3.4343,287.654,2.98736,31,4,622,5.007,59312.6,2.3115,0.7877,2007
WY,738,3.4905,288.254,2.93629,27,32,239,5.49,57714.1,2.1725,0.7877,2007
WY,739,3.4274,288.856,2.91861,27,21,116,4.294,58189.6,2.4028,0.7877,2007
WY,740,3.4229,289.46,2.87949,29,28,213,3.981,58160.5,2.4177,0.7877,2007
WY,741,3.3233,290.064,2.73014,38,43,230,4.302,58883.7,2.4291,0.7877,2007
WY,742,3.2918,290.67,2.59889,33,20,226,4.635,58457.1,2.4761,0.7877,2007
WY,743,3.2679,291.277,2.58097,38,26,333,5.215,58452.1,2.2838,0.7877,2007
WY,744,4.2289,291.886,2.48907,31,24,131,4.582,59536.3,2.2287,0.7877,2007
WY,745,4.2253,292.496,2.51692,34,17,16,5.15,59153.9,2.2323,0.7877,2007
WY,746,4.2162,293.106,2.68118,32,6,199,5.381,60506.0,2.2671,0.7877,2007
WY,747,4.3401,293.719,2.63877,28,50,242,5.083,59241.7,2.125,0.7877,2007
WY,748,5.1159,294.332,2.65564,21,24,80,4.745,58412.5,2.0254,0.7877,2007
WY,749,5.4668,294.947,2.75994,29,24,85,5.041,59870.7,2.3307,0.7877,2007
WY,750,4.4479,295.563,2.76076,31,60,288,4.941,58765.4,2.23,0.7877,2007
WY,751,4.4318,296.18,2.72972,28,31,118,5.224,60864.9,2.2539,0.7877,2007
WY,752,4.3526,296.799,2.68011,44,32,214,5.206,59468.4,2.4841,0.7877,2007
WY,753,4.3193,297.419,2.61976,33,37,30,3.621,62541.9,2.3395,0.7877,2007
WY,754,4.2307,298.04,2.54762,31,32,226,4.946,59465.8,2.4534,0.7877,2007
WY,755,4.1029,298.663,2.49962,38,26,297,4.539,59784.2,2.1273,0.7877,2007
WY,756,3.7002,299.287,2.45298,30,78,223,5.455,59734.0,2.3219,0.7877,2007
WY,757,3.767,299.912,2.51868,30,31,31,4.931,60703.8,2.2843,0.7877,2007
WY,758,3.6869,300.538,2.59788,26,23,278,4.51,59525.9,2.1957,0.7877,2007
WY,759,3.6831,301.166,2.76353,32,25,37,4.919,61314.0,2.1235,0.7877,2007
WY,760,3.8446,301.795,2.89805,26,12,119,5.041,59907.2,2.0137,0.7877,2007
WY,761,3.92,302.425,2.75187,30,5,71,5.152,60214.7,2.1603,0.7877,2007
WY,762,3.9405,303.057,2.86304,22,58,173,5.013,61103.5,2.2442,0.7877,2007
WY,763,3.9774,303.69,2.90275,25,28,87,4.964,60685.1,2.3945,0.7877,2007
WY,764,3.9633,304.324,2.79674,44,7,73,5.267,60755.8,2.5535,0.7877,2007
WY,765,3.8427,304.96,2.74544,37,48,336,4.651,61335.5,2.5232,0.7877,2007
WY,766,3.6446,305.597,2.6913,45,28,45,4.769,61376.7,2.3322,0.7877,2007
WY,767,3.5739,306.235,2.69668,29,48,90,4.185,61658.1,2.4816,0.7877,2007
WY,768,3.3989,306.875,2.57999,27,15,205,4.591,61081.4,2.2633,0.7877,2007
WY,769,3.4428,307.516,2.69504,27,34,96,5.635,60838.3,2.249,0.7877,2007
WY,770,3.5086,308.158,2.73011,29,19,167,5.508,60457.5,1.9976,0.7877,2007
WY,771,3.5825,308.802,2.70645,31,26,38,5.206,62059.4,2.3835,0.7877,2007
WY,772,3.604,309.447,2.83452,25,12,113,4.388,63004.6,2.1377,0.7877,2007
WY,773,3.6173,310.093,3.03428,33,7,114,6.07,62156.1,2.2494,0.7877,2007
WY,774,3.6848,310.741,2.94667,35,14,29,4.966,61646.3,2.3258,0.7877,2007
WY,775,3.6982,311.39,2.91427,32,37,137,5.18,62139.0,2.4148,0.7877,2007
WY,776,3.672,312.041,2.9994,24,34,443,4.285,62257.5,2.3749,0.7877,2007
WY,777,3.5139,312.692,2.89321,43,13,66,5.019,62271.4,2.4229,0.7877,2007
WY,778,3.4367,313.345,2.80978,40,13,100,4.571,61102.7,2.46,0.7877,2007
WY,779,3.3821,314.0,2.76078,43,20,316,4.601,62395.4,2.3791,0.7877,2007
DC,540,2.1313,190.7,0.29032,5,2,31,5.013,40841.6,2.2333,0.1154,2007
DC,541,2.1797,191.098,0.28673,3,0,19,5.368,42282.8,2.2996,0.1154,2007
DC,542,2.211,191.497,0.29673,5,3,14,5.29,42012.9,2.1876,0.1154,2007
DC,543,2.2804,191.897,0.32095,5,2,26,4.831,42863.3,2.0483,0.1154,2007
DC,544,2.3764,192.298,0.33125,4,2,16,5.647,42402.1,2.2655,0.1154,2007
DC,545,2.3547,192.7,0.32833,7,1,11,5.427,42487.7,2.2258,0.1154,2007
DC,546,2.4165,193.102,0.32683,6,7,3,4.754,42853.4,2.3844,0.1154,2007
DC,547,2.4012,193.506,0.34262,7,2,40,4.473,43572.1,2.3425,0.1154,2007
DC,548,2.3378,193.91,0.33402,6,12,37,4.459,42176.9,2.3983,0.1154,2007
DC,549,2.2448,194.315,0.32069,4,2,16,5.206,42292.1,2.3762,0.1154,2007
DC,550,2.1982,194.721,0.31022,7,3,22,4.308,42717.3,2.5185,0.1154,2007
DC,551,2.141,195.128,0.3147,4,2,23,5.036,42146.8,2.3556,0.1154,2007
DC,552,2.3857,195.535,0.3093,2,2,20,4.489,42464.2,2.3255,0.1154,2007
DC,553,2.3582,195.944,0.30833,2,4,19,5.197,42956.6,2.2438,0.1154,2007
DC,554,2.4505,196.353,0.29981,7,1,13,5.593,42835.5,2.2471,0.1154,2007
DC,555,2.5134,196.763,0.32261,3,0,42,5.092,43037.6,2.1769,0.1154,2007
DC,556,2.5802,197.174,0.32842,6,2,15,5.412,42333.6,2.2603,0.1154,2007
DC,557,2.6291,197.586,0.34327,3,4,16,5.513,43306.5,2.2377,0.1154,2007
DC,558,2.6839,197.999,0.33294,4,6,15,4.844,43052.4,2.3011,0.1154,2007
DC,559,2.6999,198.412,0.34209,6,2,17,5.132,43715.1,2.4181,0.1154,2007
DC,560,2.6215,198.827,0.32764,3,5,7,4.087,43099.9,2.4756,0.1154,2007
DC,561,2.488,199.242,0.31817,6,3,21,4.753,42871.2,2.3939,0.1154,2007
DC,562,2.4815,199.658,0.31095,6,3,2,4.671,43210.6,2.3682,0.1154,2007
DC,563,2.4556,200.075,0.29918,5,3,9,4.578,43777.6,2.2609,0.1154,2007
DC,564,2.5578,200.493,0.2994,3,5,9,4.659,43776.4,2.4281,0.1154,2007
DC,565,2.582,200.912,0.30861,5,6,29,5.163,44229.8,2.1803,0.1154,2007
DC,566,2.6363,201.331,0.31451,1,5,17,5.195,43643.4,2.2115,0.1154,2007
DC,567,2.7381,201.752,0.31387,2,2,22,5.197,44457.8,2.0915,0.1154,2007
DC,568,2.8168,202.173,0.3318,6,1,21,5.874,44270.6,2.0818,0.1154,2007
DC,569,2.8436,202.596,0.33035,1,3,18,5.062,43219.3,2.1253,0.1154,2007
DC,570,2.8937,203.019,0.34564,7,3,35,5.091,43622.3,2.2942,0.1154,2007
DC,571,2.9035,203.443,0.33724,6,2,33,4.866,43634.3,2.3751,0.1154,2007
DC,572,2.9075,203.868,0.3285,11,5,31,4.76,44917.5,2.3281,0.1154,2007
DC,573,2.7647,204.294,0.32407,4,13,15,4.75,44459.0,2.4612,0.1154,2007
DC,574,2.6945,204.72,0.3063,6,3,5,4.385,43960.1,2.386,0.1154,2007
DC,575,2.6914,205.148,0.28429,5,2,12,5.311,44361.1,2.479,0.1154,2007
DC,576,3.0101,205.576,0.28614,8,1,23,6.888,42525.9,2.554,0.1154,2007
DC,577,3.0119,206.006,0.27952,5,2,45,8.587,42712.5,2.4235,0.1154,2007
DC,578,3.0966,206.436,0.29522,7,0,5,7.907,43997.8,2.4604,0.1154,2007
DC,579,3.2011,206.867,0.3073,5,2,11,8.056,43192.4,2.4097,0.1154,2007
DC,580,3.2554,207.299,0.31642,3,4,25,7.962,43067.7,2.4018,0.1154,2007
DC,581,3.9321,207.732,0.31534,6,4,1,7.653,43776.0,2.2979,0.1154,2007
DC,582,4.0179,208.166,0.33088,0,4,9,7.971,43490.2,2.5042,0.1154,2007
DC,583,3.3091,208.601,0.32005,3,0,13,7.692,42806.3,2.4486,0.1154,2007
DC,584,3.2404,209.037,0.31133,5,2,22,7.736,43548.9,2.581,0.1154,2007
DC,585,3.1524,209.474,0.29353,4,0,47,7.94,43761.2,2.6713,0.1154,2007
DC,586,2.1342,209.911,0.29957,4,3,24,7.759,42685.6,2.7085,0.1154,2007
DC,587,1.6843,210.35,0.31956,7,2,15,7.231,44432.9,2.4636,0.1154,2007
DC,588,2.163,210.789,0.30633,3,4,9,7.733,44580.2,2.4332,0.1154,2007
DC,589,2.1968,211.229,0.31218,6,4,13,8.005,44590.1,2.6059,0.1154,2007
DC,590,2.2188,211.67,0.32295,5,4,17,8.839,45127.7,2.4263,0.1154,2007
DC,591,2.2666,212.113,0.33314,4,2,5,7.708,44468.9,2.3631,0.1154,2007
DC,592,2.3996,212.556,0.33539,6,2,20,8.165,43858.4,2.4715,0.1154,2007
DC,593,2.3587,213.0,0.37408,6,6,13,7.664,44693.6,2.495,0.1154,2007
DC,594,2.3751,213.444,0.36625,5,2,40,7.274,45025.9,2.4992,0.1154,2007
DC,595,2.3609,213.89,0.35885,4,2,25,7.586,44304.9,2.6145,0.1154,2007
DC,596,2.2779,214.337,0.34579,7,0,22,7.358,44222.4,2.6542,0.1154,2007
DC,597,2.2689,214.785,0.33672,8,1,82,7.345,45403.0,2.5765,0.1154,2007
DC,598,2.2612,215.233,0.33825,10,3,45,7.861,44976.2,2.7371,0.1154,2007
DC,599,2.1867,215.683,0.32812,4,1,23,6.62,45238.6,2.5238,0.1154,2007
DC,600,2.6208,216.133,0.31028,3,2,8,7.968,44971.6,2.362,0.1154,2007
DC,601,2.661,216.585,0.31033,3,3,23,8.432,45811.3,2.3564,0.1154,2007
DC,602,2.6717,217.037,0.31637,3,1,10,8.057,45458.1,2.3284,0.1154,2007
DC,603,2.6881,217.491,0.31823,5,2,14,7.929,44648.2,2.3343,0.1154,2007
DC,604,2.771,217.945,0.34051,6,2,39,8.451,45472.9,2.4594,0.1154,2007
DC,605,2.8473,218.4,0.34023,5,8,27,8.595,45717.2,2.5191,0.1154,2007
DC,606,2.8605,218.856,0.3482,8,1,25,8.028,45556.5,2.6689,0.1154,2007
DC,607,2.86,219.313,0.36397,4,4,17,7.042,44940.0,2.471,0.1154,2007
DC,608,2.7187,219.772,0.35184,2,5,17,7.226,45895.1,2.6329,0.1154,2007
DC,609,2.7156,220.231,0.32042,1,2,12,7.099,45151.5,2.7119,0.1154,2007
DC,610,2.6561,220.691,0.32463,8,1,31,7.194,47152.9,2.684,0.1154,2007
DC,611,2.5535,221.152,0.31301,1,1,10,8.155,46718.8,2.7139,0.1154,2007
DC,612,3.3219,221.614,0.31706,5,5,9,5.602,47764.6,2.2428,0.1154,2007
DC,613,3.3426,222.076,0.30945,4,0,20,5.069,47721.9,2.2131,0.1154,2007
DC,614,3.3692,222.54,0.33055,2,6,39,5.681,46230.2,2.2578,0.1154,2007
DC,615,3.5053,223.005,0.34616,4,0,11,5.117,47863.9,2.1531,0.1154,2007
DC,616,3.5539,223.471,0.34308,5,6,7,5.813,48266.1,2.0314,0.1154,2007
DC,617,3.5796,223.938,0.34902,2,2,20,5.801,48132.7,2.1634,0.1154,2007
DC,618,3.5586,224.405,0.35582,3,0,27,4.851,47712.1,2.281,0.1154,2007
DC,619,3.5825,224.874,0.34656,3,0,2,5.297,47531.3,2.1853,0.1154,2007
DC,620,3.5399,225.344,0.34517,2,7,12,5.121,47914.5,2.3652,0.1154,2007
DC,621,3.4895,225.815,0.34101,2,3,62,3.954,47839.6,2.5037,0.1154,2007
DC,622,3.3976,226.286,0.30842,9,1,11,5.217,47287.2,2.399,0.1154,2007
DC,623,3.3251,226.759,0.30778,7,7,33,4.618,48465.9,2.3624,0.1154,2007
DC,624,3.4167,227.233,0.33016,3,0,21,5.0,49166.1,2.4091,0.1154,2007
DC,625,3.4895,227.707,0.3253,2,6,22,4.738,48818.2,2.1514,0.1154,2007
DC,626,3.5002,228.183,0.33492,0,3,9,5.048,49060.7,2.0568,0.1154,2007
DC,627,3.6013,228.659,0.33678,5,3,15,4.947,48663.5,2.1417,0.1154,2007
DC,628,3.5888,229.137,0.36042,3,3,10,5.867,49534.7,2.1432,0.1154,2007
DC,629,3.6827,229.616,0.3522,3,2,17,5.366,49423.9,2.1567,0.1154,2007
DC,630,3.666,230.095,0.35263,6,3,39,5.283,49043.4,2.2278,0.1154,2007
DC,631,3.5917,230.576,0.34785,2,8,66,4.726,48546.5,2.2766,0.1154,2007
DC,632,3.5675,231.057,0.35639,4,5,21,4.645,48497.7,2.3219,0.1154,2007
DC,633,3.6342,231.54,0.33999,4,3,8,4.887,48906.5,2.502,0.1154,2007
DC,634,3.5249,232.024,0.32973,6,3,44,4.613,49734.9,2.3544,0.1154,2007
DC,635,3.5177,232.508,0.31289,3,0,10,4.623,48876.4,2.4352,0.1154,2007
DC,636,3.3658,232.994,0.31796,7,0,3,4.801,48113.3,2.1645,0.1154,2007
DC,637,3.3737,233.481,0.31516,9,4,7,5.188,48669.9,2.2807,0.1154,2007
DC,638,3.3578,233.968,0.31899,5,3,4,5.272,49221.7,2.1565,0.1154,2007
DC,639,3.3669,234.457,0.35246,5,0,63,5.572,49649.5,2.1852,0.1154,2007
DC,640,3.4131,234.947,0.35261,8,4,14,4.695,50187.9,2.1858,0.1154,2007
DC,641,3.5196,235.438,0.36485,6,2,34,4.822,49245.9,2.2429,0.1154,2007
DC,642,3.5754,235.929,0.38581,1,2,40,5.458,51207.5,2.258,0.1154,2007
DC,643,3.5757,236.422,0.35312,6,6,25,5.068,50369.0,2.2487,0.1154,2007
DC,644,3.4901,236.916,0.36063,7,4,10,5.001,48527.2,2.5098,0.1154,2007
DC,645,3.4217,237.411,0.33796,4,11,15,4.445,50154.5,2.3682,0.1154,2007
DC,646,3.3256,237.907,0.3303,3,1,1,4.318,49275.4,2.3891,0.1154,2007
DC,647,3.2692,238.404,0.33378,2,0,23,4.217,49807.1,2.4266,0.1154,2007
DC,648,3.1499,238.902,0.33098,3,2,36,5.178,50399.9,2.3243,0.1154,2007
DC,649,3.1136,239.401,0.32462,3,3,14,5.086,50114.6,2.2386,0.1154,2007
DC,650,3.1967,239.901,0.33937,9,4,7,5.404,51433.8,2.2352,0.1154,2007
DC,651,3.2757,240.402,0.343,3,5,12,4.521,50583.3,2.2098,0.1154,2007
DC,652,3.2734,240.904,0.36103,6,1,11,4.909,51565.4,2.2183,0.1154,2007
DC,653,3.7159,241.407,0.38264,9,4,4,4.924,50482.5,2.3398,0.1154,2007
DC,654,3.4697,241.911,0.37452,3,3,53,5.643,50069.1,2.3488,0.1154,2007
DC,655,3.4989,242.417,0.37276,6,8,48,5.261,50297.5,2.4557,0.1154,2007
DC,656,3.3816,242.923,0.3734,3,1,24,4.176,49765.5,2.5101,0.1154,2007
DC,657,3.3442,243.43,0.34328,6,2,5,5.182,50308.8,2.5306,0.1154,2007
DC,658,3.262,243.939,0.3383,5,4,11,5.067,51728.2,2.4008,0.1154,2007
DC,659,3.1708,244.448,0.33476,7,6,27,4.82,50552.7,2.4211,0.1154,2007
DC,660,2.0375,244.959,0.36122,6,7,36,5.326,52432.8,2.2855,0.1154,2007
DC,661,2.2497,245.471,0.34835,6,0,2,5.593,51161.8,2.2699,0.1154,2007
DC,662,2.338,245.983,0.3627,8,3,10,5.436,51020.6,2.2132,0.1154,2007
DC,663,2.4224,246.497,0.38463,4,5,37,4.996,52073.9,2.1959,0.1154,2007
DC,664,2.4653,247.012,0.40555,9,6,18,5.113,51744.0,2.2207,0.1154,2007
DC,665,2.5052,247.528,0.40305,5,4,32,4.434,51798.5,2.2616,0.1154,2007
DC,666,2.572,248.045,0.39723,7,6,10,5.148,51400.3,2.2788,0.1154,2007
DC,667,2.602,248.563,0.39073,7,0,33,5.569,51471.5,2.3703,0.1154,2007
DC,668,2.5222,249.082,0.39356,2,4,21,5.138,51856.1,2.4436,0.1154,2007
DC,669,2.4591,249.603,0.39133,5,0,87,4.243,51250.0,2.3426,0.1154,2007
DC,670,2.3096,250.124,0.37655,2,2,37,4.474,51324.0,2.4195,0.1154,2007
DC,671,2.2753,250.646,0.36236,3,0,57,4.8,51879.6,2.5546,0.1154,2007
DC,672,1.9994,251.17,0.3674,4,3,35,4.992,53248.2,2.3223,0.1154,2007
DC,673,2.0224,251.694,0.38625,4,5,51,4.633,51516.5,2.1361,0.1154,2007
DC,674,2.0891,252.22,0.38196,6,3,28,5.226,51146.5,2.2046,0.1154,2007
DC,675,2.1187,252.747,0.39599,0,2,6,5.824,52371.4,2.1512,0.1154,2007
DC,676,2.1585,253.275,0.41091,5,2,10,5.452,52285.5,2.3425,0.1154,2007
DC,677,2.1997,253.804,0.43476,5,8,12,5.147,52915.1,2.0871,0.1154,2007
DC,678,2.1848,254.334,0.43511,6,2,29,4.541,52108.6,2.3423,0.1154,2007
DC,679,2.1712,254.865,0.4208,3,4,35,5.072,53431.7,2.4698,0.1154,2007
DC,680,2.1184,255.398,0.41869,3,2,9,4.659,53984.9,2.3542,0.1154,2007
DC,681,2.0716,255.931,0.4031,6,0,13,4.888,52633.9,2.4485,0.1154,2007
DC,682,2.0365,256.466,0.38428,8,5,81,5.553,53189.9,2.3975,0.1154,2007
DC,683,2.0429,257.001,0.3628,8,3,8,5.129,53574.7,2.401,0.1154,2007
DC,684,2.2718,257.538,0.38658,12,5,32,5.272,54146.8,2.369,0.1154,2007
DC,685,2.2635,258.076,0.36439,8,0,47,5.209,53835.5,2.3158,0.1154,2007
DC,686,2.2594,258.615,0.38164,1,2,12,5.26,53517.2,2.244,0.1154,2007
DC,687,2.3584,259.155,0.39964,7,3,25,5.432,53177.9,2.0937,0.1154,2007
DC,688,2.4198,259.697,0.42325,2,9,16,5.073,53577.1,2.2295,0.1154,2007
DC,689,2.4444,260.239,0.41237,4,4,10,5.383,54209.3,2.2489,0.1154,2007
DC,690,2.4857,260.783,0.43571,6,2,33,4.826,54834.4,2.3316,0.1154,2007
DC,691,2.4095,261.327,0.42158,4,2,12,5.208,54011.0,2.2913,0.1154,2007
DC,692,2.4196,261.873,0.40508,10,5,17,4.702,54318.7,2.2993,0.1154,2007
DC,693,2.3051,262.42,0.3986,2,4,19,4.583,53853.7,2.3952,0.1154,2007
DC,694,2.3086,262.968,0.40038,4,3,15,4.978,54713.0,2.24,0.1154,2007
DC,695,2.2871,263.518,0.37622,8,5,33,4.611,53826.3,2.4954,0.1154,2007
DC,696,2.5439,264.068,0.38113,10,6,20,5.118,54042.4,2.3952,0.1154,2007
DC,697,2.6054,264.62,0.38463,6,1,13,4.983,54755.5,2.3467,0.1154,2007
DC,698,2.6644,265.172,0.36738,6,2,77,5.451,53958.0,2.2575,0.1154,2007
DC,699,2.691,265.726,0.38707,5,9,4,5.496,53907.1,2.1506,0.1154,2007
DC,700,2.7656,266.281,0.40291,7,0,30,5.249,54044.2,2.2014,0.1154,2007
DC,701,2.7968,266.838,0.4054,4,2,53,5.186,55310.6,2.3207,0.1154,2007
DC,702,2.8155,267.395,0.42051,4,5,22,4.923,55141.3,2.4174,0.1154,2007
DC,703,2.744,267.953,0.42865,2,0,6,4.666,54697.4,2.3007,0.1154,2007
DC,704,2.7627,268.513,0.39456,10,5,4,4.594,55006.9,2.3854,0.1154,2007
DC,705,2.656,269.074,0.39435,6,5,19,4.567,55293.3,2.6096,0.1154,2007
DC,706,2.6053,269.636,0.40176,7,0,24,3.976,55989.7,2.4667,0.1154,2007
DC,707,2.5679,270.199,0.38127,4,8,14,4.61,55188.6,2.289,0.1154,2007
DC,708,2.4073,270.764,0.36166,4,4,14,6.137,54660.5,2.4073,0.1154,2007
DC,709,2.4013,271.329,0.38777,2,8,26,5.144,54482.2,2.3401,0.1154,2007
DC,710,2.4795,271.896,0.38683,5,2,7,4.988,55074.4,1.9935,0.1154,2007
DC,711,2.5292,272.464,0.41441,7,0,6,4.553,56709.6,2.2327,0.1154,2007
DC,712,2.5442,273.033,0.43696,7,0,25,4.71,56404.8,2.2489,0.1154,2007
DC,713,2.6381,273.603,0.43857,5,0,24,5.205,55858.0,2.2202,0.1154,2007
DC,714,2.634,274.175,0.44779,3,2,21,4.669,55127.1,2.1592,0.1154,2007
DC,715,2.6249,274.747,0.45419,3,2,22,4.023,55826.1,2.3028,0.1154,2007
DC,716,2.6381,275.321,0.44049,4,4,20,4.643,56375.4,2.4708,0.1154,2007
DC,717,2.5487,275.896,0.41324,5,4,12,4.68,56895.3,2.266,0.1154,2007
DC,718,2.4477,276.473,0.4061,7,9,50,4.348,56631.8,2.3245,0.1154,2007
DC,719,2.3602,277.05,0.39917,5,4,81,4.671,56787.4,2.3815,0.1154,2007
DC,720,1.9801,277.629,0.35799,5,2,40,9.821,55878.7,2.4162,0.1154,2007
DC,721,2.1094,278.209,0.38247,9,2,7,9.859,57131.9,2.1461,0.1154,2007
DC,722,2.0666,278.79,0.3269,7,2,15,10.558,56247.5,2.268,0.1154,2007
DC,723,1.7608,279.372,0.27455,5,2,17,9.52,57524.0,2.1574,0.1154,2007
DC,724,1.7663,279.956,0.33356,12,2,5,9.413,58259.3,2.1011,0.1154,2007
DC,725,2.2286,280.54,0.3892,2,2,25,9.292,56896.7,2.1493,0.1154,2007
DC,726,2.2977,281.126,0.42016,12,2,17,9.79,57192.1,2.3018,0.1154,2007
DC,727,2.2095,281.714,0.45807,7,2,60,8.613,56729.0,2.3001,0.1154,2007
DC,728,2.1777,282.302,0.44064,4,10,8,9.371,57600.9,2.4307,0.1154,2007
DC,729,2.093,282.892,0.40981,7,0,66,9.579,57513.1,2.4588,0.1154,2007
DC,730,2.0215,283.483,0.39641,4,7,23,9.421,57638.3,2.4962,0.1154,2007
DC,731,2.0433,284.075,0.40139,5,2,35,9.56,58437.3,2.3488,0.1154,2007
DC,732,2.857,284.668,0.40765,6,5,11,5.661,57487.7,2.327,0.1154,2007
DC,733,2.8526,285.263,0.39939,6,1,24,5.894,57937.7,2.2702,0.1154,2007
DC,734,2.8605,285.859,0.3909,5,6,17,5.668,58547.7,2.1253,0.1154,2007
DC,735,2.9285,286.456,0.41893,9,0,15,4.839,59369.9,2.1109,0.1154,2007
DC,736,2.9404,287.054,0.43123,2,3,19,4.799,59279.1,2.1934,0.1154,2007
DC,737,2.9694,287.654,0.44374,3,1,26,4.706,58346.4,2.1721,0.1154,2007
DC,738,3.0645,288.254,0.43362,3,0,49,5.233,58851.5,2.3255,0.1154,2007
DC,739,3.0576,288.856,0.43716,4,8,6,4.988,58162.7,2.3397,0.1154,2007
DC,740,3.0189,289.46,0.42345,0,0,7,5.054,59721.6,2.4052,0.1154,2007
DC,741,2.9665,290.064,0.4143,4,5,31,4.739,58918.1,2.4867,0.1154,2007
DC,742,2.9317,290.67,0.40732,4,5,17,4.494,58546.2,2.5255,0.1154,2007
DC,743,2.8835,291.277,0.38124,7,4,23,5.56,58276.2,2.5954,0.1154,2007
DC,744,3.7511,291.886,0.3805,5,0,43,5.015,59855.0,2.3238,0.1154,2007
DC,745,3.7334,292.496,0.38133,8,4,22,5.326,58523.4,2.2064,0.1154,2007
DC,746,3.8723,293.106,0.3962,3,6,24,5.272,59804.4,2.1743,0.1154,2007
DC,747,3.9437,293.719,0.40354,3,12,36,4.701,58391.9,2.2183,0.1154,2007
DC,748,4.6776,294.332,0.40128,3,1,12,5.616,59849.3,2.1828,0.1154,2007
DC,749,4.9943,294.947,0.41643,2,4,15,4.453,59812.2,2.1723,0.1154,2007
DC,750,3.8869,295.563,0.42996,2,0,22,5.033,60807.8,2.2092,0.1154,2007
DC,751,3.8436,296.18,0.41971,6,5,14,4.474,59783.7,2.4175,0.1154,2007
DC,752,3.8173,296.799,0.40016,7,1,13,5.144,60500.8,2.5208,0.1154,2007
DC,753,3.8044,297.419,0.4078,4,2,19,4.568,60330.3,2.5248,0.1154,2007
DC,754,3.8073,298.04,0.37261,3,0,25,4.295,59522.0,2.3247,0.1154,2007
DC,755,3.7486,298.663,0.36899,5,0,26,4.821,60121.9,2.3686,0.1154,2007
DC,756,3.424,299.287,0.3866,5,4,27,5.475,60678.2,2.2162,0.1154,2007
DC,757,3.3755,299.912,0.38188,11,3,11,5.21,59413.4,2.2386,0.1154,2007
DC,758,3.3973,300.538,0.40025,7,1,19,4.717,62457.1,2.1786,0.1154,2007
DC,759,3.3897,301.166,0.41905,4,1,23,5.188,60699.0,2.149,0.1154,2007
DC,760,3.4592,301.795,0.42533,6,3,10,5.744,61100.9,2.1646,0.1154,2007
DC,761,3.481,302.425,0.45043,5,3,26,5.316,60598.0,2.2983,0.1154,2007
DC,762,3.4712,303.057,0.451,1,2,45,4.296,60107.6,2.3281,0.1154,2007
DC,763,3.5752,303.69,0.44201,4,6,36,4.638,59692.0,2.4307,0.1154,2007
DC,764,3.5196,304.324,0.43067,5,5,16,4.4,62137.3,2.5682,0.1154,2007
DC,765,3.4093,304.96,0.42932,8,1,28,4.344,60386.9,2.3292,0.1154,2007
DC,766,3.4917,305.597,0.41275,5,1,34,4.702,60308.2,2.368,0.1154,2007
DC,767,3.4811,306.235,0.39805,3,6,32,4.38,61147.1,2.4247,0.1154,2007
DC,768,3.2183,306.875,0.39742,7,4,35,4.536,61077.4,2.173,0.1154,2007
DC,769,3.2261,307.516,0.40358,5,2,8,5.246,62229.8,2.2029,0.1154,2007
DC,770,3.191,308.158,0.40264,3,1,32,5.473,61484.5,1.981,0.1154,2007
DC,771,3.2257,308.802,0.4245,5,4,25,5.212,61109.2,2.2347,0.1154,2007
DC,772,3.341,309.447,0.45426,2,3,4,4.785,63015.0,2.047,0.1154,2007
DC,773,3.4355,310.093,0.472,5,3,18,4.65,62710.3,2.198,0.1154,2007
DC,774,3.3951,310.741,0.47276,3,5,52,4.16,62005.2,2.3795,0.1154,2007
DC,775,3.4038,311.39,0.46356,6,7,17,4.632,63229.2,2.2554,0.1154,2007
DC,776,3.4203,312.041,0.42986,4,2,29,4.764,61367.4,2.45,0.1154,2007
DC,777,3.2653,312.692,0.43764,3,3,21,4.998,63221.2,2.3555,0.1154,2007
DC,778,3.1737,313.345,0.41668,7,4,34,3.955,62784.9,2.3147,0.1154,2007
DC,779,3.1956,314.0,0.40649,4,3,54,5.167,63553.3,2.3938,0.1154,2007
